case,observed,reference,optimizer_success,restarts_agree,class_optimum,unrestricted_optimum,null_result,inverse_best,scale_check_fails,normalised_result,exact_result,noise_ratio
triangle_plateau,4.793549346496628e-05,class,True,False,2.2155646363175006e-06,1.735462899783449e-06,2.280986141685125e-06,2.2149247292815825e-06,True,2.3476340840749456e-06,,
prior_sawtooth,0.11960801272171165,full,True,True,0.1196080122200179,8.787336892844491e-05,0.1196080118626312,,False,,,
prior_double_sawtooth,0.11779975915038701,full,True,True,0.1177997594999022,7.238424969305327e-05,0.117799759444656,,False,,,
readout_sawtooth_300,0.2591970816864882,class,True,False,0.1196080122200179,8.787336892844491e-05,0.1196080118626312,,False,,0.11960801272171165,1.002129488162982
readout_sawtooth_1500,0.15470360398887772,class,True,False,0.1196080122200179,8.787336892844491e-05,0.1196080118626312,,False,,0.11960801272171165,1.0226473050311038
readout_sawtooth_3000,0.14130643597177478,class,True,True,0.1196080122200179,8.787336892844491e-05,0.1196080118626312,,False,,0.11960801272171165,0.9876396893441588
readout_sawtooth_15000,0.12495803290518531,class,True,True,0.1196080122200179,8.787336892844491e-05,0.1196080118626312,,False,,0.11960801272171165,1.0145714309263592
readout_double_sawtooth_300,0.12282047549756828,class,True,True,0.1177997594999022,7.238424969305327e-05,0.117799759444656,,False,,0.11779975915038701,0.9696009545389406
readout_double_sawtooth_1500,0.1188811285194967,class,True,True,0.1177997594999022,7.238424969305327e-05,0.117799759444656,,False,,0.11779975915038701,0.9961978371726876
readout_double_sawtooth_3000,0.11834491083867923,class,True,True,0.1177997594999022,7.238424969305327e-05,0.117799759444656,,False,,0.11779975915038701,0.9968194817254146
readout_double_sawtooth_15000,0.11790494926862848,class,True,True,0.1177997594999022,7.238424969305327e-05,0.117799759444656,,False,,0.11779975915038701,1.005703272796651
compound_triangle_300,0.03101352000761655,class,True,True,2.2155646363175006e-06,1.735462899783449e-06,2.280986141685125e-06,2.2149247292815825e-06,True,2.3476340840749456e-06,4.793549346496628e-05,0.9710459684518664
compound_triangle_1500,0.014244771048850875,class,True,False,2.2155646363175006e-06,1.735462899783449e-06,2.280986141685125e-06,2.2149247292815825e-06,True,2.3476340840749456e-06,4.793549346496628e-05,1.0043827429794996
compound_triangle_3000,0.010378296826379476,class,True,False,2.2155646363175006e-06,1.735462899783449e-06,2.280986141685125e-06,2.2149247292815825e-06,True,2.3476340840749456e-06,4.793549346496628e-05,1.0157362232164546
compound_triangle_15000,0.004563802587415175,class,True,True,2.2155646363175006e-06,1.735462899783449e-06,2.280986141685125e-06,2.2149247292815825e-06,True,2.3476340840749456e-06,4.793549346496628e-05,0.9937048478446078
generic_sawtooth,0.0002574839584452,class,True,False,8.787336892844491e-05,8.787336892844491e-05,8.790636857090266e-05,,True,0.00013820680016285003,,
generic_double_sawtooth,0.0001167399581549,class,True,False,7.238424969305327e-05,7.238424969305327e-05,7.269488843714119e-05,,True,7.817650647558077e-05,,
representation_limit,0.10490657133829495,class,True,True,1.107782318079879e-05,8.677314497771338e-06,1.1128308314806237e-05,0.3949950500632217,True,0.10490657071198968,,
