n_layers,topology,phase_rule,decoder_alignment,decoder_matches_topology,n_parameters,rank_min,rank_max,rank_max_rtol_1e6,n_points,rank_rtol
1,nearest,uniform,nearest,True,14,12,12,12,25,1e-08
1,nearest,uniform,mirror,False,14,14,14,14,25,1e-08
1,nearest,uniform,crossed,False,14,14,14,14,25,1e-08
1,nearest,oriented,nearest,True,14,12,12,12,25,1e-08
1,nearest,oriented,mirror,False,14,14,14,14,25,1e-08
1,nearest,oriented,crossed,False,14,14,14,14,25,1e-08
1,mirror,uniform,nearest,False,14,14,14,14,25,1e-08
1,mirror,uniform,mirror,True,14,12,12,12,25,1e-08
1,mirror,uniform,crossed,False,14,14,14,14,25,1e-08
1,mirror,oriented,nearest,False,14,14,14,14,25,1e-08
1,mirror,oriented,mirror,True,14,12,12,12,25,1e-08
1,mirror,oriented,crossed,False,14,14,14,14,25,1e-08
1,crossed,uniform,nearest,False,14,12,12,12,25,1e-08
1,crossed,uniform,mirror,False,14,12,12,12,25,1e-08
1,crossed,uniform,crossed,True,14,11,11,11,25,1e-08
1,crossed,oriented,nearest,False,14,12,12,12,25,1e-08
1,crossed,oriented,mirror,False,14,12,12,12,25,1e-08
1,crossed,oriented,crossed,True,14,11,11,11,25,1e-08
2,nearest,uniform,nearest,True,20,14,14,14,25,1e-08
2,nearest,uniform,mirror,False,20,14,14,14,25,1e-08
2,nearest,uniform,crossed,False,20,14,14,14,25,1e-08
2,nearest,oriented,nearest,True,20,14,14,14,25,1e-08
2,nearest,oriented,mirror,False,20,14,14,14,25,1e-08
2,nearest,oriented,crossed,False,20,14,14,14,25,1e-08
2,mirror,uniform,nearest,False,20,14,14,14,25,1e-08
2,mirror,uniform,mirror,True,20,14,14,14,25,1e-08
2,mirror,uniform,crossed,False,20,14,14,14,25,1e-08
2,mirror,oriented,nearest,False,20,14,14,14,25,1e-08
2,mirror,oriented,mirror,True,20,14,14,14,25,1e-08
2,mirror,oriented,crossed,False,20,14,14,14,25,1e-08
2,crossed,uniform,nearest,False,20,12,12,12,25,1e-08
2,crossed,uniform,mirror,False,20,12,12,12,25,1e-08
2,crossed,uniform,crossed,True,20,13,13,13,25,1e-08
2,crossed,oriented,nearest,False,20,12,12,12,25,1e-08
2,crossed,oriented,mirror,False,20,12,12,12,25,1e-08
2,crossed,oriented,crossed,True,20,13,13,13,25,1e-08
3,nearest,uniform,nearest,True,26,14,14,14,25,1e-08
3,nearest,uniform,mirror,False,26,14,14,14,25,1e-08
3,nearest,uniform,crossed,False,26,14,14,14,25,1e-08
3,nearest,oriented,nearest,True,26,14,14,14,25,1e-08
3,nearest,oriented,mirror,False,26,14,14,14,25,1e-08
3,nearest,oriented,crossed,False,26,14,14,14,25,1e-08
3,mirror,uniform,nearest,False,26,14,14,14,25,1e-08
3,mirror,uniform,mirror,True,26,14,14,14,25,1e-08
3,mirror,uniform,crossed,False,26,14,14,14,25,1e-08
3,mirror,oriented,nearest,False,26,14,14,14,25,1e-08
3,mirror,oriented,mirror,True,26,14,14,14,25,1e-08
3,mirror,oriented,crossed,False,26,14,14,14,25,1e-08
3,crossed,uniform,nearest,False,26,12,12,12,25,1e-08
3,crossed,uniform,mirror,False,26,12,12,12,25,1e-08
3,crossed,uniform,crossed,True,26,13,13,13,25,1e-08
3,crossed,oriented,nearest,False,26,12,12,12,25,1e-08
3,crossed,oriented,mirror,False,26,12,12,12,25,1e-08
3,crossed,oriented,crossed,True,26,13,13,13,25,1e-08
