q0,n_layers,topology,phase_rule,decoder_alignment,decoder_matches_topology,median_nested_rmse,median_shifted_rmse,median_nested_recovery,median_shifted_recovery,success_rate_nested,optimizer_success_rate,median_evaluations,median_seconds
8,1,crossed,oriented,crossed,True,0.09160499844438395,0.0913048050869634,0.6109793308048176,0.624442907507384,0.0,1.0,10020.0,6.162735300022177
8,1,crossed,oriented,mirror,False,0.0649310920106827,0.06632623701506304,0.7902319469870323,0.7910600573473756,0.0,1.0,8272.5,5.1501726499409415
8,1,crossed,oriented,nearest,False,0.056851013438767396,0.05783722251201864,0.8445312760550727,0.8476852168591716,0.0,1.0,7267.5,4.568530749995261
8,1,crossed,uniform,crossed,True,0.09371091463679791,0.09518300215519532,0.5968272609574949,0.5985737648020609,0.0,1.0,7882.5,4.2148367000045255
8,1,crossed,uniform,mirror,False,0.06184566604600137,0.06342732460267567,0.8109664681034023,0.8103969753963778,0.0,1.0,10582.5,6.48343510000268
8,1,crossed,uniform,nearest,False,0.0647292977148015,0.06588776347532534,0.7915880346511042,0.7939848531667779,0.0,1.0,11115.0,9.057611599972006
8,1,mirror,oriented,crossed,False,0.06222900893619179,0.06279221669023055,0.808390346899248,0.8146334019964868,0.0,1.0,14715.0,9.632425450021401
8,1,mirror,oriented,mirror,True,0.06324235368396999,0.06431403486975534,0.8015805195653616,0.8044822593482279,0.0,1.0,11332.5,7.8864363500033505
8,1,mirror,oriented,nearest,False,0.052464503810256066,0.05379787383325149,0.8740092727922018,0.8746293059730403,0.0,1.0,10590.0,7.072812400001567
8,1,mirror,uniform,crossed,False,0.05316671010078998,0.05467246768479738,0.8692903421402305,0.868795411316121,0.0,1.0,12330.0,6.044520249997731
8,1,mirror,uniform,mirror,True,0.0614096299443699,0.06268756324500965,0.8138966955210326,0.8153314827957323,0.0,1.0,8617.5,4.196301699965261
8,1,mirror,uniform,nearest,False,0.044203004256138684,0.044775130674487726,0.9295277778279958,0.9348146514469744,0.0,1.0,12172.5,6.127765400044154
8,1,nearest,oriented,crossed,False,0.05782310929038765,0.0588693254674941,0.8379986474348176,0.8408006727857182,0.0,1.0,10455.0,5.322256800020114
8,1,nearest,oriented,mirror,False,0.05957194973209491,0.06033120900945983,0.8262461797098346,0.831049318406268,0.0,1.0,10747.5,7.440975349978544
8,1,nearest,oriented,nearest,True,0.06304834119963384,0.06329804041010154,0.802884312299122,0.8112593532406186,0.0,1.0,9120.0,4.453203850018326
8,1,nearest,uniform,crossed,False,0.05642154277685442,0.05745464241366406,0.8474173827418737,0.8502371808224323,0.0,0.95,10575.0,5.2773372999508865
8,1,nearest,uniform,mirror,False,0.05453656827274415,0.05595691192764092,0.8600846916018776,0.8602276488144855,0.0,1.0,12945.0,6.062239799939562
8,1,nearest,uniform,nearest,True,0.0630777301089535,0.06331779929553974,0.8026868144599741,0.8111275534846738,0.0,1.0,8722.5,4.330912850040477
8,2,crossed,oriented,crossed,True,0.04892424617484131,0.05051895114949205,0.8978003303444382,0.8965010462001466,0.0,1.0,7959.0,5.67208125005709
8,2,crossed,oriented,mirror,False,0.05519264093750526,0.056867297669371736,0.8556757857726407,0.8541550077765553,0.0,1.0,13660.5,10.242389450024348
8,2,crossed,oriented,nearest,False,0.05488496431235816,0.056541813151593456,0.857743418428278,0.8563261211291365,0.0,1.0,10878.0,8.184652050025761
8,2,crossed,uniform,crossed,True,0.051531415236763425,0.05327003238564864,0.8802797667051955,0.8781502218763798,0.0,1.0,13293.0,11.569038450019434
8,2,crossed,uniform,mirror,False,0.05434441725458611,0.05616282485411335,0.8613759750062232,0.8588541263281166,0.0,1.0,14920.5,21.055407299951185
8,2,crossed,uniform,nearest,False,0.058196544222385155,0.05967368758791754,0.8354891091824899,0.8354352521756006,0.0,1.0,15739.5,15.499949600023683
8,2,mirror,oriented,crossed,False,0.052613210763226934,0.05369466495442058,0.873009939963665,0.8753177509303127,0.0,1.0,19477.5,17.87288585002534
8,2,mirror,oriented,mirror,True,0.0374139819247406,0.03860765433339705,0.9751510170504676,0.9759542126379985,0.0,1.0,9103.5,7.40264380001463
8,2,mirror,oriented,nearest,False,0.04506213844980435,0.04574124320025989,0.9237542683404018,0.928370290224765,0.0,1.0,12799.5,11.126412249985151
8,2,mirror,uniform,crossed,False,0.04787384203363131,0.048888946337090386,0.9048592023108867,0.9073738374380622,0.0,1.0,22732.5,18.420358199975453
8,2,mirror,uniform,mirror,True,0.03741371154139093,0.03860690822353388,0.9751528340667687,0.975959189492497,0.0,1.0,17776.5,15.395528250024654
8,2,mirror,uniform,nearest,False,0.04391180630174417,0.04458520524277279,0.9314846713667007,0.9360815308783087,0.0,0.95,16842.0,17.20018185005756
8,2,nearest,oriented,crossed,False,0.043131444326950194,0.04380993043928738,0.9367288198343657,0.941252927322159,0.0,0.95,18984.0,21.16581680002855
8,2,nearest,oriented,mirror,False,0.04042437120699496,0.04155380093134177,0.9549207535938481,0.9563022234708314,0.0,1.0,26334.0,36.161663199949544
8,2,nearest,oriented,nearest,True,0.03729614580892015,0.03833105854430022,0.9759428932645522,0.9777992184007149,0.0,1.0,8641.5,5.820478000037838
8,2,nearest,uniform,crossed,False,0.05214764310474733,0.05361113811837274,0.8761386238330384,0.8758749087032237,0.0,1.0,21892.5,17.805990650027525
8,2,nearest,uniform,mirror,False,0.040879539533201587,0.0417864002256044,0.9518619547831598,0.9547506921199038,0.0,0.95,17629.5,13.360576250008307
8,2,nearest,uniform,nearest,True,0.03729634802653341,0.03833121565784926,0.9759415343321325,0.9777981703898097,0.0,1.0,9376.5,6.630202400032431
8,3,crossed,oriented,crossed,True,0.04707638033378733,0.048415456689712116,0.9102182634726798,0.9105322048551945,0.0,1.0,2754.0,4.833970249979757
8,3,crossed,oriented,mirror,False,0.05435069219295925,0.05616933088783671,0.8613338064876164,0.8588107284522806,0.0,1.0,20614.5,18.336966849979945
8,3,crossed,oriented,nearest,False,0.05488596678113014,0.05654010560979926,0.8577366816891181,0.8563375111233973,0.0,1.0,13122.0,14.44693305005785
8,3,crossed,uniform,crossed,True,0.05095308314569201,0.05277230578893692,0.8841662443234757,0.8814702595464718,0.0,1.0,12069.0,11.212776399974246
8,3,crossed,uniform,mirror,False,0.05474818590857052,0.05649797428664686,0.8586625896331819,0.8566185440858327,0.0,1.0,18940.5,17.297024699975736
8,3,crossed,uniform,nearest,False,0.05489193840961745,0.056545506691385014,0.8576965514580296,0.856301483725138,0.0,1.0,17469.0,15.876320749986917
8,3,mirror,oriented,crossed,False,0.04414582596086057,0.04470497375115545,0.9299120244715429,0.9352826264955649,0.0,1.0,23328.0,27.722817900008522
8,3,mirror,oriented,mirror,True,0.03741410631459864,0.038607697864944196,0.9751501811321317,0.975953922264976,0.0,1.0,11569.5,9.203001899993978
8,3,mirror,oriented,nearest,False,0.045431664288525214,0.04646884267593979,0.9212709997759612,0.9235169074962637,0.0,1.0,22531.5,21.536370299989358
8,3,mirror,uniform,crossed,False,0.05263258869181571,0.05374232431558089,0.8728797174031128,0.8749998437189439,0.0,1.0,32818.5,27.653305049985647
8,3,mirror,uniform,mirror,True,0.03741394708476345,0.03860759894145414,0.975151251180293,0.9759545821246574,0.0,1.0,18373.5,15.64176025002962
8,3,mirror,uniform,nearest,False,0.04311383688144743,0.04384277117202585,0.9368471444854063,0.9410338663547012,0.0,1.0,16537.5,14.451227899931837
8,3,nearest,oriented,crossed,False,0.041289663788735484,0.042260253240456985,0.9491058588229764,0.9515899008947798,0.0,1.0,35100.0,30.170881950005423
8,3,nearest,oriented,mirror,False,0.0393930089264202,0.04041175673074195,0.961851661426347,0.9639201201071599,0.0,0.9,19156.5,16.86765500000911
8,3,nearest,oriented,nearest,True,0.03729615450706234,0.03833108353655368,0.9759428348117438,0.9777990516922781,0.0,1.0,7114.5,7.492265000066254
8,3,nearest,uniform,crossed,False,0.046294613140506466,0.04736006009519452,0.9154718552174559,0.9175721269205099,0.0,1.0,32562.0,35.5470765500213
8,3,nearest,uniform,mirror,False,0.04143675326040866,0.042224947933203055,0.9481173957091911,0.9518254015708771,0.0,1.0,23058.0,36.76675474998774
8,3,nearest,uniform,nearest,True,0.03729642141990809,0.03833127318049777,0.9759410411177449,0.977797786690483,0.0,1.0,9963.0,8.39540349994786
16,1,crossed,oriented,crossed,True,0.16234364689273406,0.16433601960952404,0.8017631209133278,0.8073556181643644,0.0,1.0,1125.0,0.6382666499703191
16,1,crossed,oriented,mirror,False,0.1600079724435171,0.1619463156985912,0.8942435415760982,0.9010914970887907,0.0,1.0,10507.5,7.748946400010027
16,1,crossed,oriented,nearest,False,0.15991114801314427,0.16185006681398567,0.8980772796444823,0.9048668492371139,0.0,1.0,10095.0,16.09626624995144
16,1,crossed,uniform,crossed,True,0.16234365368817405,0.1643360293845708,0.8017628518496531,0.8073552347392066,0.0,1.0,1485.0,2.7954333999659866
16,1,crossed,uniform,mirror,False,0.15938087825514857,0.16140716207385372,0.919073172415681,0.9222397400400819,0.0,1.0,11100.0,10.045016899995971
16,1,crossed,uniform,nearest,False,0.1593552610933311,0.16137987123624703,0.9200874772567773,0.923310220210426,0.0,1.0,8737.5,4.716397850017529
16,1,mirror,oriented,crossed,False,0.15831670092317396,0.16044944202587527,0.9612089963331749,0.959806205931566,0.0,1.0,5535.0,3.1545516500482336
16,1,mirror,oriented,mirror,True,0.16267868865132107,0.16451922965803556,0.7884972298624109,0.8001692237133835,0.0,1.0,5302.5,3.575466599955689
16,1,mirror,oriented,nearest,False,0.15984355158079372,0.16182779713784046,0.900753742753961,0.9057403748890918,0.0,1.0,9817.5,11.274131199985277
16,1,mirror,uniform,crossed,False,0.15965926308259173,0.16161869390334693,0.9080505977770326,0.9139424267757372,0.0,1.0,5505.0,4.146843249967787
16,1,mirror,uniform,mirror,True,0.16287318789361588,0.16457111416672743,0.78079608308999,0.7981340594394564,0.0,1.0,5287.5,3.404469550063368
16,1,mirror,uniform,nearest,False,0.15964778654234488,0.16158153972548783,0.9085050083949757,0.9153997954068072,0.0,1.0,10567.5,6.658480100042652
16,1,nearest,oriented,crossed,False,0.1580892042413451,0.16020786370185297,0.9702166681180737,0.9692820897126997,0.0,1.0,3037.5,1.9512647000374272
16,1,nearest,oriented,mirror,False,0.15977811474497572,0.16172651952039963,0.9033446972019656,0.9097129785421034,0.0,1.0,12712.5,6.7792276500258595
16,1,nearest,oriented,nearest,True,0.16279074537233756,0.16463439809966823,0.7840603732186391,0.7956517539752257,0.0,1.0,6585.0,3.845458750030957
16,1,nearest,uniform,crossed,False,0.16118906366983904,0.16311826779779737,0.84747854250357,0.8551218020258016,0.0,1.0,6270.0,3.178605949971825
16,1,nearest,uniform,mirror,False,0.15899901389343246,0.16110420869706532,0.9341929922259561,0.9341230536658687,0.0,1.0,11407.5,6.974909800046589
16,1,nearest,uniform,nearest,True,0.1624392709217723,0.16444466309567485,0.7979769124227172,0.8030940891033085,0.0,1.0,4417.5,2.292762049997691
16,2,crossed,oriented,crossed,True,0.15790686154339795,0.16001464763131446,0.977436479687528,0.9768609693016701,0.0,1.0,4977.0,3.959168149973266
16,2,crossed,oriented,mirror,False,0.15852394662919517,0.16064776927314123,0.9530031566538406,0.9520268409851024,0.0,1.0,16653.0,12.377977400028612
16,2,crossed,oriented,nearest,False,0.15873999635112032,0.16084534761047906,0.9444487242609132,0.9442768519500351,0.0,1.0,12820.5,8.65927714999998
16,2,crossed,uniform,crossed,True,0.15790684792919737,0.16001463111108316,0.9774370187382491,0.9768616173059668,0.0,1.0,4284.0,2.8862966500455514
16,2,crossed,uniform,mirror,False,0.1587402509012143,0.1608456780751274,0.94443864541633,0.9442638895097406,0.0,1.0,15498.0,10.865853999974206
16,2,crossed,uniform,nearest,False,0.1587389490839057,0.16084384788400058,0.9444901905331441,0.9443356785598775,0.0,1.0,14868.0,11.308110999991186
16,2,mirror,oriented,crossed,False,0.1579433852230926,0.1600760854181482,0.9759903341155524,0.9744510787199605,0.0,1.0,7812.0,6.8865741500630975
16,2,mirror,oriented,mirror,True,0.1580515925744515,0.1601287195806172,0.9717058922594404,0.9723865093572415,0.0,1.0,16338.0,19.223165199975483
16,2,mirror,oriented,nearest,False,0.15812700623060408,0.16025695477655993,0.9687199082122856,0.967356497586433,0.0,1.0,15372.0,41.79963050002698
16,2,mirror,uniform,crossed,False,0.1579439686645786,0.16007672624235167,0.9759672329020778,0.9744259424594914,0.0,1.0,9786.0,17.7280613000039
16,2,mirror,uniform,mirror,True,0.15800859648336707,0.16008823669665256,0.9734083112723625,0.9739744461273407,0.0,1.0,16254.0,19.153610899986234
16,2,mirror,uniform,nearest,False,0.15893970900358861,0.16103106586054028,0.9365411538723531,0.9369920735629917,0.0,1.0,20433.0,23.0147621500073
16,2,nearest,oriented,crossed,False,0.15792223178351097,0.16003090545676546,0.9768278990388777,0.976223257846674,0.0,1.0,11004.0,14.699208300036844
16,2,nearest,oriented,mirror,False,0.1586762705365053,0.16078348647655452,0.9469719312706284,0.9467033482758558,0.0,1.0,21315.0,27.26363250002032
16,2,nearest,oriented,nearest,True,0.15803401717676507,0.16014739394543837,0.9724017855470944,0.9716540094053177,0.0,1.0,11613.0,9.072910749993753
16,2,nearest,uniform,crossed,False,0.15966240450144745,0.16162188433727015,0.9079262141167361,0.9138172823481893,0.0,1.0,20212.5,14.29082189995097
16,2,nearest,uniform,mirror,False,0.1586755105923896,0.16078270076604656,0.9470020210596926,0.9467341676860381,0.0,1.0,25462.5,27.609976449981332
16,2,nearest,uniform,nearest,True,0.15803470594796704,0.16014824791228427,0.9723745138309867,0.9716205126476207,0.0,1.0,12631.5,10.219816249969881
16,3,crossed,oriented,crossed,True,0.157906847376312,0.1600146333317925,0.9774370406296014,0.9768615301988806,0.0,1.0,3307.5,10.086152050062083
16,3,crossed,oriented,mirror,False,0.15873962331289027,0.16084462513301048,0.9444634946123422,0.9443051910510467,0.0,1.0,21019.5,21.71711760002654
16,3,crossed,oriented,nearest,False,0.15873996184513103,0.1608451998223639,0.9444500905165598,0.9442826489229597,0.0,1.0,22005.0,26.179954849998467
16,3,crossed,uniform,crossed,True,0.15791462198620912,0.1600146530688734,0.9771292069783766,0.9768607560140048,0.0,1.0,6547.5,9.440470499976072
16,3,crossed,uniform,mirror,False,0.15874156136429793,0.16084680334762366,0.9443867579723081,0.9442197508170838,0.0,1.0,20722.5,26.033203649974894
16,3,crossed,uniform,nearest,False,0.1585628837230578,0.16068295515028927,0.9514614525773113,0.9506466787377594,0.0,1.0,6210.0,7.832124200009275
16,3,mirror,oriented,crossed,False,0.15794222779449557,0.16007478198656716,0.9760361621989885,0.974502205683559,0.0,1.0,12582.0,31.66111634997651
16,3,mirror,oriented,mirror,True,0.15839509648357958,0.16037408834469313,0.9581049445648153,0.9627619459726158,0.0,1.0,17131.5,25.916086150042247
16,3,mirror,oriented,nearest,False,0.1589380366374314,0.1610289857306122,0.9366073707741871,0.9370736664357306,0.0,1.0,25083.0,35.360991599969566
16,3,mirror,uniform,crossed,False,0.1579424186700905,0.16007499376191425,0.9760286045295885,0.9744938988183431,0.0,1.0,7992.0,10.02850730001228
16,3,mirror,uniform,mirror,True,0.1580089613016139,0.1600884976110724,0.9733938663890247,0.9739642117872791,0.0,1.0,20790.0,21.199835849925876
16,3,mirror,uniform,nearest,False,0.15912821231066462,0.16119665259358873,0.9290774145911538,0.9304969517658903,0.0,1.0,30348.0,31.795043100020848
16,3,nearest,oriented,crossed,False,0.15792223706641806,0.1600309006054103,0.97682768986355,0.9762234481405581,0.0,1.0,9436.5,11.318473199964501
16,3,nearest,oriented,mirror,False,0.15929752038268075,0.16126538991239736,0.9223737056359511,0.9278007378274351,0.0,0.95,30442.5,28.139608550001867
16,3,nearest,oriented,nearest,True,0.15796294605549127,0.16001818856581643,0.975215828058275,0.9767220765266122,0.0,1.0,7560.0,6.879477749986108
16,3,nearest,uniform,crossed,False,0.1579222676418764,0.1600309362096359,0.9768264792362504,0.9762220515686384,0.0,1.0,12541.5,10.782863549946342
16,3,nearest,uniform,mirror,False,0.15867418783696716,0.1607812846168914,0.9470543952156634,0.9467897159843597,0.0,1.0,27607.5,24.63509554998018
16,3,nearest,uniform,nearest,True,0.1580353119721107,0.16014895055029318,0.9723505184630723,0.9715929517472808,0.0,1.0,15511.5,14.114021999994293
