q0,topology,decoder_alignment,null_rank,best_objective,median_nested,best_nested,best_shifted,restarts_within_1pct_of_best
8,crossed,crossed,13,0.004620076272737951,0.050801912423644874,0.04707629347417608,0.04841538322486836,91
8,crossed,mirror,12,0.005156893883202172,0.05433652938752251,0.049525800763298516,0.051131509772229064,63
8,crossed,nearest,12,0.005156893883202117,0.05489626373662895,0.04952580044482883,0.0511315096691699,59
8,mirror,crossed,14,0.003897443552199683,0.041381327129187156,0.04104285140554482,0.04205729621385291,10
8,mirror,mirror,14,0.003441653484707285,0.037296352566419125,0.037296354187684316,0.03833124773437876,83
8,mirror,nearest,14,0.0037994806987676935,0.0411951164588817,0.035392759367276115,0.036809481303167496,39
8,nearest,crossed,14,0.0038974583768602478,0.0413654960550162,0.0410436126164513,0.04205848337603782,9
8,nearest,mirror,14,0.0037994806413473676,0.04075939805699209,0.035392741710661584,0.0368094354634496,40
8,nearest,nearest,14,0.003441653484706753,0.03729635200859942,0.03729635444386082,0.0383312489822832,83
16,crossed,crossed,13,0.029116732844107457,0.15790684573143007,0.1579068456016236,0.1600146292719892,150
16,crossed,mirror,12,0.02928487035935407,0.15873919883116083,0.15851887660873853,0.16064116244673635,119
16,crossed,nearest,12,0.029261212272687905,0.1587391558923924,0.15838652861340405,0.16052149227784124,118
16,mirror,crossed,14,0.029092602085825953,0.15792223725564816,0.15792223696695096,0.1600308995700875,121
16,mirror,mirror,14,0.029140426709551834,0.1580342063777469,0.15803420275296132,0.16014770604002698,133
16,mirror,nearest,14,0.029209697040704925,0.15873897224050115,0.15826130743098743,0.1603339639309156,123
16,nearest,crossed,14,0.029092602085825463,0.15792223731481825,0.1579222366536429,0.160030899151802,122
16,nearest,mirror,14,0.029209696022162276,0.15873919027789213,0.1582642657473173,0.1603376772362403,121
16,nearest,nearest,14,0.029140426683259335,0.15803426323032993,0.1580342879326172,0.16014779682495955,133
