arm,family,target,n_layers,seed,nested_rmse,objective,objective_gap,relative_gap,nfev,nit,message,seconds,ftol,gtol,maxls,maxfun,f_ref,fit_term,ridge_term,ref_nested,sweep_tight_nested
study,generic,double_sawtooth,3,0,9.383932926009561e-05,7.366422128223386e-09,3.148615605467033e-09,0.746505461661006,18600,523.0,CONVERGENCE: RELATIVE REDUCTION OF F <= FACTR*EPSMCH,12.937163800001144,1e-12,1e-08,50,200000,4.217806522756353e-09,3.92116388159228e-09,2.966426411640726e-10,7.238424969305327e-05,
study,generic,double_sawtooth,3,1,0.0006635779390906035,3.784323137324509e-07,3.7421450720969455e-07,88.72253982981276,10385,272.0,CONVERGENCE: RELATIVE REDUCTION OF F <= FACTR*EPSMCH,7.403092399938032,1e-12,1e-08,50,200000,4.217806522756353e-09,3.92116388159228e-09,2.966426411640726e-10,7.238424969305327e-05,
study,generic,double_sawtooth,3,2,9.959170310915295e-05,8.507956714363944e-09,4.290150191607591e-09,1.0171519647619969,28768,825.0,CONVERGENCE: RELATIVE REDUCTION OF F <= FACTR*EPSMCH,18.303973599919118,1e-12,1e-08,50,200000,4.217806522756353e-09,3.92116388159228e-09,2.966426411640726e-10,7.238424969305327e-05,
study,generic,double_sawtooth,3,3,8.110039054138738e-05,5.266175438385656e-09,1.0483689156293029e-09,0.24855784872374603,15965,465.0,CONVERGENCE: RELATIVE REDUCTION OF F <= FACTR*EPSMCH,11.49752360000275,1e-12,1e-08,50,200000,4.217806522756353e-09,3.92116388159228e-09,2.966426411640726e-10,7.238424969305327e-05,
study,generic,double_sawtooth,3,4,0.0006561077733648373,3.636630613848216e-07,3.5944525486206524e-07,85.22089690998115,5053,141.0,CONVERGENCE: RELATIVE REDUCTION OF F <= FACTR*EPSMCH,4.703544200048782,1e-12,1e-08,50,200000,4.217806522756353e-09,3.92116388159228e-09,2.966426411640726e-10,7.238424969305327e-05,
study,generic,double_sawtooth,3,5,0.0009108048184514198,7.148702115963252e-07,7.106524050735689e-07,168.48862109709927,25854,696.0,CONVERGENCE: RELATIVE REDUCTION OF F <= FACTR*EPSMCH,19.969777600024827,1e-12,1e-08,50,200000,4.217806522756353e-09,3.92116388159228e-09,2.966426411640726e-10,7.238424969305327e-05,
study,generic,double_sawtooth,3,6,0.00015106013202504775,2.0868877984184678e-08,1.6651071461428326e-08,3.9478035257403854,14601,412.0,CONVERGENCE: RELATIVE REDUCTION OF F <= FACTR*EPSMCH,10.949069200083613,1e-12,1e-08,50,200000,4.217806522756353e-09,3.92116388159228e-09,2.966426411640726e-10,7.238424969305327e-05,
study,generic,double_sawtooth,3,7,8.206195867240857e-05,5.520605547762048e-09,1.3027990250056953e-09,0.3088806985281798,6975,204.0,CONVERGENCE: RELATIVE REDUCTION OF F <= FACTR*EPSMCH,5.19957479997538,1e-12,1e-08,50,200000,4.217806522756353e-09,3.92116388159228e-09,2.966426411640726e-10,7.238424969305327e-05,
study,generic,double_sawtooth,3,8,9.711532187709692e-05,7.625827777959577e-09,3.408021255203224e-09,0.8080079626260498,6665,200.0,CONVERGENCE: RELATIVE REDUCTION OF F <= FACTR*EPSMCH,5.062400799943134,1e-12,1e-08,50,200000,4.217806522756353e-09,3.92116388159228e-09,2.966426411640726e-10,7.238424969305327e-05,
study,generic,double_sawtooth,3,9,0.0001391200417517805,1.580378130624179e-08,1.1585974783485439e-08,2.7469194523209093,24087,702.0,CONVERGENCE: RELATIVE REDUCTION OF F <= FACTR*EPSMCH,17.142051399918273,1e-12,1e-08,50,200000,4.217806522756353e-09,3.92116388159228e-09,2.966426411640726e-10,7.238424969305327e-05,
study,generic,double_sawtooth,3,10,0.00013775334335515717,1.463877217629928e-08,1.0420965653542928e-08,2.4707073682300598,26908,792.0,CONVERGENCE: RELATIVE REDUCTION OF F <= FACTR*EPSMCH,19.567583000054583,1e-12,1e-08,50,200000,4.217806522756353e-09,3.92116388159228e-09,2.966426411640726e-10,7.238424969305327e-05,
study,generic,double_sawtooth,3,11,0.00018721854465940637,3.352724584747652e-08,2.930943932472017e-08,6.948976717302418,9734,286.0,CONVERGENCE: RELATIVE REDUCTION OF F <= FACTR*EPSMCH,8.474131199996918,1e-12,1e-08,50,200000,4.217806522756353e-09,3.92116388159228e-09,2.966426411640726e-10,7.238424969305327e-05,
study,generic,double_sawtooth,3,12,0.00019954613375129968,3.213367326327187e-08,2.7915866740515517e-08,6.618574510210674,23684,661.0,CONVERGENCE: RELATIVE REDUCTION OF F <= FACTR*EPSMCH,19.72704100003466,1e-12,1e-08,50,200000,4.217806522756353e-09,3.92116388159228e-09,2.966426411640726e-10,7.238424969305327e-05,
study,generic,double_sawtooth,3,13,9.543431024389069e-05,7.1611567444122675e-09,2.9433502216559146e-09,0.6978390795726741,15097,437.0,CONVERGENCE: RELATIVE REDUCTION OF F <= FACTR*EPSMCH,11.276940499898046,1e-12,1e-08,50,200000,4.217806522756353e-09,3.92116388159228e-09,2.966426411640726e-10,7.238424969305327e-05,
study,generic,double_sawtooth,3,14,0.00010632023743979817,1.013813749282169e-08,5.920330970065338e-09,1.4036516227388207,11377,310.0,CONVERGENCE: RELATIVE REDUCTION OF F <= FACTR*EPSMCH,7.6342255000490695,1e-12,1e-08,50,200000,4.217806522756353e-09,3.92116388159228e-09,2.966426411640726e-10,7.238424969305327e-05,
study,generic,double_sawtooth,3,15,0.00011413058096874892,1.1623826165549598e-08,7.406019642793245e-09,1.7558936387516852,12648,350.0,CONVERGENCE: RELATIVE REDUCTION OF F <= FACTR*EPSMCH,8.384462999994867,1e-12,1e-08,50,200000,4.217806522756353e-09,3.92116388159228e-09,2.966426411640726e-10,7.238424969305327e-05,
study,generic,double_sawtooth,3,16,0.0001087435485255027,8.922975472543216e-09,4.705168949786863e-09,1.1155487868874594,43710,1245.0,CONVERGENCE: RELATIVE REDUCTION OF F <= FACTR*EPSMCH,32.0085446999874,1e-12,1e-08,50,200000,4.217806522756353e-09,3.92116388159228e-09,2.966426411640726e-10,7.238424969305327e-05,
study,generic,double_sawtooth,3,17,0.00011934933534113471,1.1323641495605637e-08,7.105834972849284e-09,1.6847228374538132,25203,738.0,CONVERGENCE: RELATIVE REDUCTION OF F <= FACTR*EPSMCH,16.607755100005306,1e-12,1e-08,50,200000,4.217806522756353e-09,3.92116388159228e-09,2.966426411640726e-10,7.238424969305327e-05,
study,generic,double_sawtooth,3,18,8.666532826243256e-05,6.548243057320284e-09,2.3304365345639315e-09,0.5525233369502645,17453,509.0,CONVERGENCE: RELATIVE REDUCTION OF F <= FACTR*EPSMCH,13.085785600007512,1e-12,1e-08,50,200000,4.217806522756353e-09,3.92116388159228e-09,2.966426411640726e-10,7.238424969305327e-05,
study,generic,double_sawtooth,3,19,0.0003474497640860638,9.893469391643906e-08,9.47168873936827e-08,22.456432480403308,43338,1228.0,CONVERGENCE: RELATIVE REDUCTION OF F <= FACTR*EPSMCH,32.89216020004824,1e-12,1e-08,50,200000,4.217806522756353e-09,3.92116388159228e-09,2.966426411640726e-10,7.238424969305327e-05,
normalised,generic,double_sawtooth,3,0,8.027841478457326e-05,5.218052470907375e-09,1.0002459481510219e-09,0.23714837149461215,38223,1054.0,CONVERGENCE: RELATIVE REDUCTION OF F <= FACTR*EPSMCH,28.119135899934918,4.217806522756353e-21,4.217806522756353e-17,50,200000,4.217806522756353e-09,3.92116388159228e-09,2.966426411640726e-10,7.238424969305327e-05,
normalised,generic,double_sawtooth,3,1,7.742353540022343e-05,4.844074299241008e-09,6.262677764846551e-10,0.14848186447286033,98518,2583.0,CONVERGENCE: RELATIVE REDUCTION OF F <= FACTR*EPSMCH,66.84305239992682,4.217806522756353e-21,4.217806522756353e-17,50,200000,4.217806522756353e-09,3.92116388159228e-09,2.966426411640726e-10,7.238424969305327e-05,
normalised,generic,double_sawtooth,3,2,7.892947755093813e-05,4.9359849076797215e-09,7.181783849233686e-10,0.17027295610848367,38595,1100.0,CONVERGENCE: RELATIVE REDUCTION OF F <= FACTR*EPSMCH,25.299347300082445,4.217806522756353e-21,4.217806522756353e-17,50,200000,4.217806522756353e-09,3.92116388159228e-09,2.966426411640726e-10,7.238424969305327e-05,
normalised,generic,double_sawtooth,3,3,7.664211930453755e-05,4.69477000555638e-09,4.769634828000272e-10,0.11308330057973587,44299,1240.0,CONVERGENCE: RELATIVE REDUCTION OF F <= FACTR*EPSMCH,30.52297420008108,4.217806522756353e-21,4.217806522756353e-17,50,200000,4.217806522756353e-09,3.92116388159228e-09,2.966426411640726e-10,7.238424969305327e-05,
normalised,generic,double_sawtooth,3,4,8.104782009788841e-05,5.3287374500324924e-09,1.1109309272761395e-09,0.26339067979584374,75485,2033.0,CONVERGENCE: RELATIVE REDUCTION OF F <= FACTR*EPSMCH,47.184647399932146,4.217806522756353e-21,4.217806522756353e-17,50,200000,4.217806522756353e-09,3.92116388159228e-09,2.966426411640726e-10,7.238424969305327e-05,
normalised,generic,double_sawtooth,3,5,0.0007355789340205658,4.504077914313895e-07,4.4618998490863315e-07,105.7872101295548,32519,863.0,CONVERGENCE: RELATIVE REDUCTION OF F <= FACTR*EPSMCH,21.88151870004367,4.217806522756353e-21,4.217806522756353e-17,50,200000,4.217806522756353e-09,3.92116388159228e-09,2.966426411640726e-10,7.238424969305327e-05,
normalised,generic,double_sawtooth,3,6,7.6651596005582e-05,4.750291195975353e-09,5.324846732190004e-10,0.12624682292705536,50375,1410.0,CONVERGENCE: RELATIVE REDUCTION OF F <= FACTR*EPSMCH,30.656456999946386,4.217806522756353e-21,4.217806522756353e-17,50,200000,4.217806522756353e-09,3.92116388159228e-09,2.966426411640726e-10,7.238424969305327e-05,
normalised,generic,double_sawtooth,3,7,7.23572299962578e-05,4.220922960367206e-09,3.1164376108527355e-12,0.0007388763789990375,33077,946.0,CONVERGENCE: RELATIVE REDUCTION OF F <= FACTR*EPSMCH,19.875420299940743,4.217806522756353e-21,4.217806522756353e-17,50,200000,4.217806522756353e-09,3.92116388159228e-09,2.966426411640726e-10,7.238424969305327e-05,
normalised,generic,double_sawtooth,3,8,7.655782296336323e-05,4.750635506081572e-09,5.32828983325219e-10,0.12632845543067092,32333,926.0,CONVERGENCE: RELATIVE REDUCTION OF F <= FACTR*EPSMCH,19.316589800058864,4.217806522756353e-21,4.217806522756353e-17,50,200000,4.217806522756353e-09,3.92116388159228e-09,2.966426411640726e-10,7.238424969305327e-05,
normalised,generic,double_sawtooth,3,9,7.54092288271133e-05,4.5147338689503014e-09,2.9692734619394856e-10,0.0703985222157382,79050,2178.0,CONVERGENCE: RELATIVE REDUCTION OF F <= FACTR*EPSMCH,50.65226140001323,4.217806522756353e-21,4.217806522756353e-17,50,200000,4.217806522756353e-09,3.92116388159228e-09,2.966426411640726e-10,7.238424969305327e-05,
normalised,generic,double_sawtooth,3,10,7.453136674674525e-05,4.43203091459687e-09,2.1422439184051742e-10,0.05079047383627283,67642,1958.0,CONVERGENCE: RELATIVE REDUCTION OF F <= FACTR*EPSMCH,41.70715830009431,4.217806522756353e-21,4.217806522756353e-17,50,200000,4.217806522756353e-09,3.92116388159228e-09,2.966426411640726e-10,7.238424969305327e-05,
normalised,generic,double_sawtooth,3,11,8.021925673296297e-05,5.223614136565305e-09,1.0058076138089522e-09,0.23846698713710868,48546,1355.0,CONVERGENCE: RELATIVE REDUCTION OF F <= FACTR*EPSMCH,33.494837799924426,4.217806522756353e-21,4.217806522756353e-17,50,200000,4.217806522756353e-09,3.92116388159228e-09,2.966426411640726e-10,7.238424969305327e-05,
normalised,generic,double_sawtooth,3,12,7.563481950772938e-05,4.543731004048909e-09,3.259244812925559e-10,0.07727345470544793,134757,3756.0,CONVERGENCE: RELATIVE REDUCTION OF F <= FACTR*EPSMCH,83.86529400001746,4.217806522756353e-21,4.217806522756353e-17,50,200000,4.217806522756353e-09,3.92116388159228e-09,2.966426411640726e-10,7.238424969305327e-05,
normalised,generic,double_sawtooth,3,13,7.236592284042771e-05,4.218832751949516e-09,1.0262291931629674e-12,0.0002433087406039485,49631,1420.0,CONVERGENCE: RELATIVE REDUCTION OF F <= FACTR*EPSMCH,29.45236480003223,4.217806522756353e-21,4.217806522756353e-17,50,200000,4.217806522756353e-09,3.92116388159228e-09,2.966426411640726e-10,7.238424969305327e-05,
normalised,generic,double_sawtooth,3,14,8.914199292471698e-05,6.660618582653548e-09,2.442812059897195e-09,0.5791664569527973,21173,559.0,CONVERGENCE: RELATIVE REDUCTION OF F <= FACTR*EPSMCH,13.170921900076792,4.217806522756353e-21,4.217806522756353e-17,50,200000,4.217806522756353e-09,3.92116388159228e-09,2.966426411640726e-10,7.238424969305327e-05,
normalised,generic,double_sawtooth,3,15,9.399823576434529e-05,7.756538074124238e-09,3.5387315513678853e-09,0.8389980745383528,20181,546.0,CONVERGENCE: RELATIVE REDUCTION OF F <= FACTR*EPSMCH,13.344568600063212,4.217806522756353e-21,4.217806522756353e-17,50,200000,4.217806522756353e-09,3.92116388159228e-09,2.966426411640726e-10,7.238424969305327e-05,
normalised,generic,double_sawtooth,3,16,8.350063286573128e-05,5.765560675955086e-09,1.5477541531987333e-09,0.36695712447883216,85839,2452.0,CONVERGENCE: RELATIVE REDUCTION OF F <= FACTR*EPSMCH,53.02601739997044,4.217806522756353e-21,4.217806522756353e-17,50,200000,4.217806522756353e-09,3.92116388159228e-09,2.966426411640726e-10,7.238424969305327e-05,
normalised,generic,double_sawtooth,3,17,7.266952795190987e-05,4.235175355106542e-09,1.7368832350188733e-11,0.0041179774976586965,56110,1597.0,CONVERGENCE: RELATIVE REDUCTION OF F <= FACTR*EPSMCH,35.268218499957584,4.217806522756353e-21,4.217806522756353e-17,50,200000,4.217806522756353e-09,3.92116388159228e-09,2.966426411640726e-10,7.238424969305327e-05,
normalised,generic,double_sawtooth,3,18,8.037438229109082e-05,5.214297082420764e-09,9.964905596644113e-10,0.23625800621437726,37262,1055.0,CONVERGENCE: RELATIVE REDUCTION OF F <= FACTR*EPSMCH,23.87581199989654,4.217806522756353e-21,4.217806522756353e-17,50,200000,4.217806522756353e-09,3.92116388159228e-09,2.966426411640726e-10,7.238424969305327e-05,
normalised,generic,double_sawtooth,3,19,0.00019451589167248642,3.067897177622964e-08,2.646116525347329e-08,6.2736792478998815,89621,2517.0,CONVERGENCE: RELATIVE REDUCTION OF F <= FACTR*EPSMCH,54.70391469995957,4.217806522756353e-21,4.217806522756353e-17,50,200000,4.217806522756353e-09,3.92116388159228e-09,2.966426411640726e-10,7.238424969305327e-05,
