macro,value,tex,source
DoseTriangleZero,0.1185679148198624,\ensuremath{0.118568},full_p0/exact nested_rmse triangle/zero
DoseTriangleEven,0.1177861263043996,\ensuremath{0.117786},full_p0/exact nested_rmse triangle/ols_even
DoseTriangleOdd,2.158905850557928e-06,\ensuremath{0.000002},full_p0/exact nested_rmse triangle/ols_odd
DoseTriangleFull,1.6545990721022358e-06,\ensuremath{0.000002},full_p0/exact nested_rmse triangle/ols_full
DoseSawtoothZero,0.2546010785589018,\ensuremath{0.254601},full_p0/exact nested_rmse sawtooth/zero
DoseSawtoothEven,0.2269547453151418,\ensuremath{0.226955},full_p0/exact nested_rmse sawtooth/ols_even
DoseSawtoothOdd,0.119608023733016,\ensuremath{0.119608},full_p0/exact nested_rmse sawtooth/ols_odd
DoseSawtoothFull,8.785943510548279e-05,\ensuremath{0.000088},full_p0/exact nested_rmse sawtooth/ols_full
DoseDoubleSawtoothZero,0.1185679148198623,\ensuremath{0.118568},full_p0/exact nested_rmse double_sawtooth/zero
DoseDoubleSawtoothEven,7.847941766820446e-05,\ensuremath{0.000078},full_p0/exact nested_rmse double_sawtooth/ols_even
DoseDoubleSawtoothOdd,0.1177997608065209,\ensuremath{0.117800},full_p0/exact nested_rmse double_sawtooth/ols_odd
DoseDoubleSawtoothFull,7.237781801870581e-05,\ensuremath{0.000072},full_p0/exact nested_rmse double_sawtooth/ols_full
EvenShareRatio,0.4697860056603993,\ensuremath{0.470},"sawtooth ols_odd/zero, nested"
EvenSharePct,0.22069889111435273,\ensuremath{22\%},square of EvenShareRatio
RidgeOddNested,2.2155646363175006e-06,\ensuremath{2.216\times10^{-6}},triangle ridge_odd nested
OLSOddNested,2.158905850557928e-06,\ensuremath{2.159\times10^{-6}},triangle ols_odd nested
OddReferenceBits,18.821268240227244,\ensuremath{18.8},-log2 triangle ols_odd nested
SphericalOddNested,2.280986141685125e-06,\ensuremath{2.281\times10^{-6}},p0 summary
PlateauRMSE,4.793549346496628e-05,\ensuremath{4.794\times10^{-5}},p0 summary equivariant L=3
PlateauBits,14.348546190425754,\ensuremath{14.35},-log2 PlateauRMSE
NullFactor,21.015249759278657,\ensuremath{21},"plateau / spherical_odd, default tolerance only"
NullEvals,1115.0,"1{,}115",p0 summary
QuantumEvalsMin,2507.5,"2{,}508","triangle equivariant, both decoders, all L"
QuantumEvalsMax,7781.0,"7{,}781","triangle equivariant, both decoders, all L"
PrecondGain,3.3624462443275784,\ensuremath{3.4},comparison gap_ratio L=1
NfevPzeroLOne,5465.5,"5{,}466",comparison
NfevMatchedLOne,2507.5,"2{,}508",comparison
SectorOptSuccessPzero,0.9981481481481481,\ensuremath{100\%},p0 exact
SectorOptSuccessMatched,0.9981481481481481,\ensuremath{100\%},matched exact
SlackRMSEPzero,4.510003481783542e-13,\ensuremath{4.510\times10^{-13}},P2a
SlackObjectivePzero,1.8006429680639258e-15,\ensuremath{1.801\times10^{-15}},P2b
PtwoRowsPzero,360.0,360,rows checked in P2
SlackRMSEMatched,2.2179480474449065e-13,\ensuremath{2.218\times10^{-13}},P2a
SlackObjectiveMatched,1.8006429680639258e-15,\ensuremath{1.801\times10^{-15}},P2b
PtwoRowsMatched,360.0,360,rows checked in P2
RawEvenMax,0.0,\ensuremath{0.000\times10^{0}},"P1, both decoders"
EquivariantModels,180.0,180,"trained equivariant models, p0"
RankGenericLOne,16.0,16,jacobian_ranks
RankGenericLTwo,16.0,16,jacobian_ranks
RankGenericLThree,16.0,16,jacobian_ranks
LiveParamsGenericLOne,12.0,12,effective circuit params L=1
RankSectorMixedLOne,14.0,14,jacobian_ranks
RankSectorMixedLTwo,16.0,16,jacobian_ranks
RankSectorMixedLThree,16.0,16,jacobian_ranks
LiveParamsSectorMixedLOne,10.0,10,effective circuit params L=1
RankEquivariantLOne,8.0,8,jacobian_ranks
RankEquivariantLTwo,8.0,8,jacobian_ranks
RankEquivariantLThree,8.0,8,jacobian_ranks
LiveParamsEquivariantLOne,8.0,8,effective circuit params L=1
RankRtol,1e-08,\ensuremath{1\times10^{-8}},rank threshold
SigmaEightMin,4.894265709584953e-05,\ensuremath{4.894\times10^{-5}},"min sigma_8/sigma_1, equivariant"
GenericLOneSigmaMin,1.6394047734701002e-08,\ensuremath{1.639\times10^{-8}},"min sigma_16/sigma_1, generic L=1 (fragile cell)"
GenericLOneMargin,1.6394047734701003,\ensuremath{1.6},margin above threshold
PfourMedianPzero,0.9976314681214608,\ensuremath{0.998},RMS/predicted
PfourQTenPzero,0.9192774450113059,\ensuremath{0.919},10% quantile
PfourQNinetyPzero,1.0797186991532666,\ensuremath{1.080},90% quantile
PfourCellsPzero,2160.0,"2{,}160",model-budget cells
PfourMedianMatched,0.9906778890297139,\ensuremath{0.991},RMS/predicted
PfourQTenMatched,0.8591295308246623,\ensuremath{0.859},10% quantile
PfourQNinetyMatched,1.1367065500643938,\ensuremath{1.137},90% quantile
PfourCellsMatched,2160.0,"2{,}160",model-budget cells
NaiveRatioPzero,1.7147427185536694,\ensuremath{1.71},generic/equivariant ||dc||
NaiveRatioMatched,0.2980854458317059,\ensuremath{0.30},generic/equivariant ||dc||
InvBestPzeroLOne,4.362730663448757e-09,\ensuremath{4.36\times10^{-9}},inverse summary
InvMedianPzeroLOne,0.0002053700123109,\ensuremath{2.05\times10^{-4}},inverse summary
CondPzeroLOne,49.44286203876688,\ensuremath{4.9\times10^{1}},conditioning at best inverse
FtolGapDefaultPzeroLOne,8.309391403346571e-05,\ensuremath{8.31\times10^{-5}},ftol=1e-12 median nested-RMSE gap
FtolGapTightPzeroLOne,8.309391403346571e-05,\ensuremath{8.31\times10^{-5}},ftol=1e-18 median nested-RMSE gap
InvBestPzeroLThree,2.4905538168494278e-09,\ensuremath{2.49\times10^{-9}},inverse summary
InvMedianPzeroLThree,1.0652455207608837e-08,\ensuremath{1.07\times10^{-8}},inverse summary
CondPzeroLThree,18.17786453259569,\ensuremath{1.8\times10^{1}},conditioning at best inverse
FtolGapDefaultPzeroLThree,1.3206944775744526e-07,\ensuremath{1.32\times10^{-7}},ftol=1e-12 median nested-RMSE gap
FtolGapTightPzeroLThree,1.3206944775744526e-07,\ensuremath{1.32\times10^{-7}},ftol=1e-18 median nested-RMSE gap
InvBestMatchedLOne,1.0587905324815229e-07,\ensuremath{1.06\times10^{-7}},inverse summary
InvMedianMatchedLOne,0.0001701212621014,\ensuremath{1.70\times10^{-4}},inverse summary
CondMatchedLOne,1158.0310674413895,\ensuremath{1.2\times10^{3}},conditioning at best inverse
FtolGapDefaultMatchedLOne,4.4305928901513255e-05,\ensuremath{4.43\times10^{-5}},ftol=1e-12 median nested-RMSE gap
FtolGapTightMatchedLOne,4.4305928901513255e-05,\ensuremath{4.43\times10^{-5}},ftol=1e-18 median nested-RMSE gap
InvBestMatchedLThree,4.5888691003011764e-08,\ensuremath{4.59\times10^{-8}},inverse summary
InvMedianMatchedLThree,2.4535106890928755e-06,\ensuremath{2.45\times10^{-6}},inverse summary
CondMatchedLThree,1424.1504148466142,\ensuremath{1.4\times10^{3}},conditioning at best inverse
FtolGapDefaultMatchedLThree,2.9101227203334927e-05,\ensuremath{2.91\times10^{-5}},ftol=1e-12 median nested-RMSE gap
FtolGapTightMatchedLThree,2.9101227203334927e-05,\ensuremath{2.91\times10^{-5}},ftol=1e-18 median nested-RMSE gap
ResidualTangentFraction,1.0000000000000004,\ensuremath{1.000},residual in tangent space at best p0 inverse
TightRMSE,2.347634084074946e-06,\ensuremath{2.348\times10^{-6}},p0 L=3 ftol=1e-18
TightBits,18.70036101020734,\ensuremath{18.7},-log2 TightRMSE
TightObjectiveGap,2.0434286719410049e-13,\ensuremath{2.04\times10^{-13}},median objective gap to ridge
TightNfev,14399.5,"14{,}400",median nfev at 1e-18
TightFracCeiling,0.4166666666666667,\ensuremath{42\%},share of restarts with objective gap < 1e-12 at ftol=1e-18
FtolSeeds,20.0,20,restarts per ftol cell
TopoCircuitOpts,2160.0,"2{,}160",circuit optimisations
TopoSphericalFits,40.0,40,distinct fits
TopoLogMonoFits,2.0,2,distinct fits
TopoBaselineOpts,42.0,42,distinct classical optimisations
TopoBaselineRows,126.0,126,classical rows (repeated per depth)
TopoRefQEight,0.0337162983969605,\ensuremath{0.0337},direct_log_monomial nested RMSE
TopoZeroQEight,0.1825225306395437,\ensuremath{0.1825},zero polynomial nested RMSE
TopoRefQSixteen,0.1573369999716129,\ensuremath{0.1573},direct_log_monomial nested RMSE
TopoZeroQSixteen,0.1825928804323427,\ensuremath{0.1826},zero polynomial nested RMSE
TopoSuccessFraction,0.0,\ensuremath{0\%},within 1e-4 of reference
TopoRMSEMin,0.0372961364238765,\ensuremath{0.037},cell medians
TopoRMSEMax,0.1628731878936158,\ensuremath{0.163},cell medians
TopoOptSuccessMin,0.0,\ensuremath{0\%},per-cell optimizer success
TopoOptSuccessMax,1.0,\ensuremath{100\%},per-cell optimizer success
TopoOptSuccessAll,0.5763888888888888,\ensuremath{58\%},overall optimizer success
TopoEvalLimitQEightLOne,0.23333333333333334,\ensuremath{23\%},share stopped by iteration/evaluation limit
TopoEvalLimitQEightLTwo,0.49444444444444446,\ensuremath{49\%},share stopped by iteration/evaluation limit
TopoEvalLimitQEightLThree,0.5972222222222222,\ensuremath{60\%},share stopped by iteration/evaluation limit
TopoEvalLimitQSixteenLOne,0.13333333333333333,\ensuremath{13\%},share stopped by iteration/evaluation limit
TopoEvalLimitQSixteenLTwo,0.4888888888888889,\ensuremath{49\%},share stopped by iteration/evaluation limit
TopoEvalLimitQSixteenLThree,0.5944444444444444,\ensuremath{59\%},share stopped by iteration/evaluation limit
DecMatchedQEightLOne,0.06941743005357576,\ensuremath{0.0694},
DecMismatchedQEightLOne,0.055818456550492404,\ensuremath{0.0558},
DecMatchedQEightDeep,0.039829652562909296,\ensuremath{0.0398},
DecMismatchedQEightDeep,0.0506474165040552,\ensuremath{0.0506},
TopoQSixteenCentre,0.15830194820115684,\ensuremath{0.158},"q0=16, L>=2 cell medians"
TopoQSixteenSpread,0.011076070571819299,\ensuremath{1.1\%},relative spread
TopoRecoveryQSixteen,0.9531153635097113,\ensuremath{0.95},recovery = (zero-model)/(zero-reference)
