q0,n_layers,decoder_matches_topology,median_nested_rmse,median_shifted_rmse,median_nested_recovery
8,1,False,0.05581845655049246,0.0572050182787292,0.8514702118288894
8,1,True,0.06941743005357581,0.06949061499233831,0.7600830884662444
8,2,False,0.05077261302323327,0.05188829190008135,0.8853790303724132
8,2,True,0.03981398480992146,0.04067777465755722,0.9590226409131807
8,3,False,0.050086595738920665,0.05147732654285532,0.8899891684961596
8,3,True,0.03983072585673098,0.04070774554990505,0.9589101385901447
16,1,False,0.1596631272398323,0.16162155560659947,0.907897597478881
16,1,True,0.16237172946194886,0.16437379915592,0.8006511989093223
16,2,False,0.15872822815707416,0.16083407507514602,0.9449146828349758
16,2,True,0.1580101348232808,0.16008990228946274,0.9733474011046834
16,3,False,0.15867708011642534,0.16078422770719722,0.9469398761648355
16,3,True,0.15802273683157347,0.16011782788309992,0.9728484278729932
