q0,n_layers,topology,phase_rule,decoder_alignment,decoder_matches_topology,shots_per_basis,total_state_preparations,median_nested_rmse,q25_nested_rmse,q75_nested_rmse,median_shifted_rmse,median_nested_degradation
8,1,crossed,oriented,crossed,True,100,500,5.9632190284871225,2.7708028219786303,11.896359723807741,5.962428958429438,5.870441866300801
8,1,crossed,oriented,crossed,True,500,2500,2.9212238657491927,1.1522763109910226,5.468078231341724,2.902354374792849,2.836021054652618
8,1,crossed,oriented,crossed,True,1000,5000,1.9686378742332367,0.8786799859972402,3.9138383468920637,1.9586278724319546,1.8857411416555756
8,1,crossed,oriented,crossed,True,5000,25000,0.849045977481679,0.41334785661681517,1.803771663661792,0.8462627299717398,0.7665474732737139
8,1,crossed,oriented,mirror,False,100,500,9.785109564134935,0.23220466898244127,34.10832368827435,9.779916224355372,9.705700190382837
8,1,crossed,oriented,mirror,False,500,2500,4.561376655189204,0.18356835508775685,14.441670312385053,4.546277499718418,4.470688850604956
8,1,crossed,oriented,mirror,False,1000,5000,3.161380800155037,0.14046450082442327,11.26445976052753,3.1568127622618976,3.0760957117576853
8,1,crossed,oriented,mirror,False,5000,25000,1.502319517386879,0.08190666671764826,4.749468199492007,1.5005006615120378,1.4219184506303488
8,1,crossed,oriented,nearest,False,100,500,2.7933552079185757,0.1789836931397529,6.364502273133268,2.774343130094258,2.712031640890152
8,1,crossed,oriented,nearest,False,500,2500,1.1727557123618952,0.09563893458700247,2.8162252362139966,1.1738716303482348,1.0975978518684912
8,1,crossed,oriented,nearest,False,1000,5000,0.8511509257621213,0.080745912342452,1.926015736834694,0.8522062524408018,0.7819585279581036
8,1,crossed,oriented,nearest,False,5000,25000,0.3824030460796771,0.06129569607815485,0.8911241820385833,0.38253171658535834,0.31564651509011815
8,1,crossed,uniform,crossed,True,100,500,5.169939907958167,0.7957732238494671,14.435602444586232,5.1708045736495984,5.077390636142038
8,1,crossed,uniform,crossed,True,500,2500,2.4427066861624365,0.39450683112100127,6.349236094409308,2.444888196491129,2.358220904133957
8,1,crossed,uniform,crossed,True,1000,5000,1.5769353451411177,0.2766592391581348,4.616669684204409,1.5708683951037417,1.490644696247273
8,1,crossed,uniform,crossed,True,5000,25000,0.7959535873242483,0.15231470923701718,2.0791610511421146,0.7974726323462327,0.71212737362552
8,1,crossed,uniform,mirror,False,100,500,5.946402697156211,0.17417443790518872,18.3806457928466,5.936601980018894,5.871597778454577
8,1,crossed,uniform,mirror,False,500,2500,2.3415692478697983,0.09385772390699981,8.024881922740848,2.336121943053509,2.2667733537004184
8,1,crossed,uniform,mirror,False,1000,5000,1.8417372661185762,0.07873118985966512,5.60022722903553,1.828645292337823,1.7636721160442057
8,1,crossed,uniform,mirror,False,5000,25000,0.7322654132358986,0.05751820735048479,2.498493266755034,0.727103496318313,0.6574695190665187
8,1,crossed,uniform,nearest,False,100,500,3.6366592430987836,1.8868975124999812,6.390861663590065,3.6374077150942776,3.578407290827397
8,1,crossed,uniform,nearest,False,500,2500,1.5609600500299252,0.8221559792569824,2.7724434128539155,1.558607014888385,1.5012592286454338
8,1,crossed,uniform,nearest,False,1000,5000,1.0935981517717814,0.5799608851058162,1.999014590667766,1.0913104484446525,1.029502002309338
8,1,crossed,uniform,nearest,False,5000,25000,0.5055508873926289,0.26614742905432115,0.9148334699711789,0.5058488382954915,0.4378024363804704
8,1,mirror,oriented,crossed,False,100,500,3.6775895291460547,0.6531887215218297,16.666868782840353,3.6740350831388,3.6281357310241265
8,1,mirror,oriented,crossed,False,500,2500,1.6321691703554242,0.27969675940095673,7.551318400831666,1.6142144641752791,1.5856181170755992
8,1,mirror,oriented,crossed,False,1000,5000,1.2447002423645563,0.20383086521305638,4.976472064766404,1.2360222240342236,1.1931935582043947
8,1,mirror,oriented,crossed,False,5000,25000,0.5064003172345124,0.10391366909187179,2.279375477103228,0.5024232103691256,0.4540410910642856
8,1,mirror,oriented,mirror,True,100,500,1.6717858107021857,0.8151117107286501,55.60517233023118,1.6691272948000297,1.6077644369643962
8,1,mirror,oriented,mirror,True,500,2500,0.7915463640573901,0.36962058460276614,28.15295291218355,0.7909349657681559,0.7301347602697772
8,1,mirror,oriented,mirror,True,1000,5000,0.5494759510391821,0.2831090028409788,19.289588763322747,0.5485337608642862,0.4828427665227091
8,1,mirror,oriented,mirror,True,5000,25000,0.24548317935732392,0.137762016576569,8.901280482774366,0.24581371176819777,0.18196603758518518
8,1,mirror,oriented,nearest,False,100,500,4.933712742930149,0.18729382935339917,16.060853512313642,4.928848371332557,4.8902697120892284
8,1,mirror,oriented,nearest,False,500,2500,2.099784575203813,0.10327930717814247,7.797138355787196,2.1043977249460006,2.053099658490002
8,1,mirror,oriented,nearest,False,1000,5000,1.567706636820155,0.08499052224643985,5.612971342147803,1.5662041669645692,1.5172432606325765
8,1,mirror,oriented,nearest,False,5000,25000,0.6576871425480124,0.06465842708186467,2.36386001625481,0.6594031221430101,0.6034914318124831
8,1,mirror,uniform,crossed,False,100,500,9.355412478462588,0.7572609716631475,25.50277530601043,9.239114633991608,9.314251881495407
8,1,mirror,uniform,crossed,False,500,2500,4.7038587190173375,0.3297994596862562,11.300576092715813,4.649293215672911,4.657915598874852
8,1,mirror,uniform,crossed,False,1000,5000,3.192345858295218,0.2507023465749523,8.226563848718747,3.1847278035951843,3.1402643749230723
8,1,mirror,uniform,crossed,False,5000,25000,1.4568824149347308,0.1149900248684819,3.577903009969477,1.4545560405357123,1.4076084321831943
8,1,mirror,uniform,mirror,True,100,500,2.3197178304289245,1.3547048097427794,6.072444557346849,2.3200316259568927,2.2583116339690514
8,1,mirror,uniform,mirror,True,500,2500,1.0152090049679798,0.6392805797294852,2.562424481630031,1.0121445501461506,0.9517546618134887
8,1,mirror,uniform,mirror,True,1000,5000,0.7288645957623758,0.43338464256726095,2.0895612481531076,0.7290215853552394,0.6674579863514924
8,1,mirror,uniform,mirror,True,5000,25000,0.332920904213939,0.213192918787029,0.8798689753048183,0.33252910369064187,0.2708724369365375
8,1,mirror,uniform,nearest,False,100,500,10.551297323588392,1.4928048199362616,21.77501165534531,10.55555651571232,10.508710943903303
8,1,mirror,uniform,nearest,False,500,2500,5.117993200324967,0.6326463314240832,9.971045766624487,5.076304313822466,5.075425344391517
8,1,mirror,uniform,nearest,False,1000,5000,3.330841898782815,0.38773871111682684,6.758599558763175,3.32897787836639,3.2885790563803656
8,1,mirror,uniform,nearest,False,5000,25000,1.6171639275973142,0.2259916819087997,3.079069506490582,1.619760118501366,1.5747625906354468
8,1,nearest,oriented,crossed,False,100,500,7.353020948221667,0.1755986648418595,19.691622567815273,7.338006546613931,7.313260450757593
8,1,nearest,oriented,crossed,False,500,2500,3.6356985112311877,0.09406993383622689,9.093493979282197,3.6299272889834766,3.580870351483823
8,1,nearest,oriented,crossed,False,1000,5000,2.447665088434727,0.08014066861269842,6.378032378996832,2.445405276067885,2.3866685283718088
8,1,nearest,oriented,crossed,False,5000,25000,1.1621770050720355,0.06462656973207538,2.867231501762987,1.165617945284948,1.1019013131434376
8,1,nearest,oriented,mirror,False,100,500,5.605900077482216,1.4632104407510975,17.455721797899454,5.630120181294085,5.552578404177588
8,1,nearest,oriented,mirror,False,500,2500,2.3274445233638272,0.7010182892142439,6.8323208356727445,2.3100315083354954,2.2754284136657033
8,1,nearest,oriented,mirror,False,1000,5000,1.6509503927060765,0.5024810242703743,4.937988971473334,1.65359767489839,1.5976287194014474
8,1,nearest,oriented,mirror,False,5000,25000,0.7746257014944699,0.20638745554915255,2.2687844402149744,0.7699749195946406,0.7203997329441392
8,1,nearest,oriented,nearest,True,100,500,6.73136713407341,2.001006306540758,53.14476748271472,6.735118068601613,6.644372820522854
8,1,nearest,oriented,nearest,True,500,2500,3.3250520289334746,0.9688621439002588,24.262707140798124,3.336204831943554,3.2552564316253685
8,1,nearest,oriented,nearest,True,1000,5000,2.1747232182983964,0.6578304565113786,17.9567017935807,2.1763019207396805,2.087250396221431
8,1,nearest,oriented,nearest,True,5000,25000,1.0759320539159982,0.302319901296694,7.493085175493906,1.0820131032093414,1.003861208946227
8,1,nearest,uniform,crossed,False,100,500,2.789936959681543,0.16045386707220233,8.33840565128611,2.786880933525402,2.7395915866412643
8,1,nearest,uniform,crossed,False,500,2500,1.217646982560809,0.09135848262015527,3.2999113103074578,1.2143976326900734,1.1534238438255777
8,1,nearest,uniform,crossed,False,1000,5000,0.7780020348696179,0.07816706823051779,2.390299366769391,0.7796267555755552,0.7081418798801595
8,1,nearest,uniform,crossed,False,5000,25000,0.38729136650882545,0.06644614182433584,1.0607720534359077,0.38492552336544505,0.3300679902031753
8,1,nearest,uniform,mirror,False,100,500,8.669504565034991,1.7802125826970965,17.45879303404737,8.649977121409735,8.617211588569322
8,1,nearest,uniform,mirror,False,500,2500,4.130287330932802,1.0045291768467837,7.596401431065198,4.1217529020080965,4.083857266039516
8,1,nearest,uniform,mirror,False,1000,5000,2.748303214447637,0.7161217883915021,5.231923360306334,2.7465259030659404,2.7103118754603943
8,1,nearest,uniform,mirror,False,5000,25000,1.2146804058386511,0.25575310971474957,2.509675878270708,1.2041197103631118,1.1634680627668272
8,1,nearest,uniform,nearest,True,100,500,2.9313167501542754,1.3682398321202458,14.081817460209724,2.9279937409593284,2.8646709116450184
8,1,nearest,uniform,nearest,True,500,2500,1.391617631892146,0.6534687184599912,6.631767396230609,1.3919085789643812,1.3249715032453333
8,1,nearest,uniform,nearest,True,1000,5000,0.9283630710633495,0.4460454037233612,4.792329112155304,0.9219420796927517,0.8680461830972841
8,1,nearest,uniform,nearest,True,5000,25000,0.4185442156585803,0.21336666834954232,2.1027695430960365,0.4179304018135269,0.35771894112362296
8,2,crossed,oriented,crossed,True,100,500,0.24370662297677972,0.0759374029165986,1.562046483874571,0.24349981882906285,0.17896461086691182
8,2,crossed,oriented,crossed,True,500,2500,0.13089892116919066,0.054238816910473456,0.6406259715701994,0.1315151387149167,0.06439386315725847
8,2,crossed,oriented,crossed,True,1000,5000,0.10222300202740538,0.050761368692711695,0.5137461984260693,0.10365794951151511,0.03617478156952968
8,2,crossed,oriented,crossed,True,5000,25000,0.07010366418797062,0.04798146624954674,0.23698841370345958,0.07111702839222739,0.007920362579163846
8,2,crossed,oriented,mirror,False,100,500,6.360704541610804,0.1338673729380573,15.166146603787245,6.338139265144047,6.305739496562376
8,2,crossed,oriented,mirror,False,500,2500,2.757621026236107,0.0758243475637333,6.843855516652756,2.756292539026446,2.7022262503925383
8,2,crossed,oriented,mirror,False,1000,5000,2.000526511333175,0.06575365048938528,4.532700369655495,1.9870764241017365,1.9412738327324988
8,2,crossed,oriented,mirror,False,5000,25000,0.8911597717503303,0.0536689923206989,2.335505923495172,0.8893197947223555,0.8303434372637345
8,2,crossed,oriented,nearest,False,100,500,2.288660804421011,0.15116867692753805,4.901483457781563,2.290456344151498,2.2337532760103707
8,2,crossed,oriented,nearest,False,500,2500,1.0468227626021185,0.08244827706014377,2.382244817087227,1.0440907367459658,0.9922120178639029
8,2,crossed,oriented,nearest,False,1000,5000,0.7536900451204442,0.07017186941999708,1.634784420422211,0.7526983373586879,0.6990720444625661
8,2,crossed,oriented,nearest,False,5000,25000,0.32790913556969403,0.05410711776938545,0.6884975887798118,0.3274624758491544,0.2730050064704739
8,2,crossed,uniform,crossed,True,100,500,0.18851196154274263,0.08114706903503335,2.285909027856429,0.18919269122550553,0.13329656557175312
8,2,crossed,uniform,crossed,True,500,2500,0.0912596872540155,0.05571434503948049,0.9943937984956255,0.09165984398913113,0.042561794998314736
8,2,crossed,uniform,crossed,True,1000,5000,0.07601978333852594,0.051990012639043154,0.7691771405366873,0.07676966083926887,0.023251131642319962
8,2,crossed,uniform,crossed,True,5000,25000,0.0654093516446852,0.048121851512256605,0.3308083160251774,0.06641322239335214,0.005272123792919681
8,2,crossed,uniform,mirror,False,100,500,11.159925301152153,1.0997685700771793,25.54700136328311,10.969559170909228,11.10557690333236
8,2,crossed,uniform,mirror,False,500,2500,5.0195855952868484,0.42438263527755216,11.065770512762,5.028771565088901,4.960443917805547
8,2,crossed,uniform,mirror,False,1000,5000,3.7083455772100793,0.34694226485801755,7.741355003240745,3.7049845914025767,3.646912929002689
8,2,crossed,uniform,mirror,False,5000,25000,1.7410245490888776,0.16733251070013944,3.491955509026431,1.734910868655978,1.681950037842434
8,2,crossed,uniform,nearest,False,100,500,3.0567870736969844,0.7773624696078955,6.8195170311863,3.053759169184419,2.9963527042574554
8,2,crossed,uniform,nearest,False,500,2500,1.3828788789035145,0.3501661973760649,2.9953029286772233,1.3823433516461434,1.3198609167006101
8,2,crossed,uniform,nearest,False,1000,5000,0.9624821520217133,0.2992373408976152,2.19880919472607,0.9621445828335513,0.9035660902860472
8,2,crossed,uniform,nearest,False,5000,25000,0.44419021293334293,0.14164617828896534,0.970153884190201,0.44388238588096474,0.3828877020438092
8,2,mirror,oriented,crossed,False,100,500,1.9181138742450337,0.24912669297311324,7.2124460081248865,1.9095599545478157,1.8676250329275867
8,2,mirror,oriented,crossed,False,500,2500,0.7817003561719327,0.11752431108270524,3.352784747777223,0.778268508253767,0.730164767590916
8,2,mirror,oriented,crossed,False,1000,5000,0.5484402985255481,0.09558477599862429,2.2015040903630196,0.5451576262387905,0.49597322348317446
8,2,mirror,oriented,crossed,False,5000,25000,0.26003843279726724,0.06664875844016634,0.9540025189757884,0.2595152108578553,0.20000739571292114
8,2,mirror,oriented,mirror,True,100,500,0.34723612680660654,0.06446109116541887,0.9986641402867098,0.34760345188204894,0.3088508376682304
8,2,mirror,oriented,mirror,True,500,2500,0.1545110277519143,0.04418457352825413,0.4434958625932718,0.15351878979015626,0.110001082255716
8,2,mirror,oriented,mirror,True,1000,5000,0.10295869805836302,0.04131517098132524,0.33281290502429384,0.103727407578288,0.06309178768491337
8,2,mirror,oriented,mirror,True,5000,25000,0.060810720929532894,0.03830663276186745,0.14841856976908013,0.06106273414716586,0.021869098689790496
8,2,mirror,oriented,nearest,False,100,500,0.3127307554690496,0.13269847926453235,4.050873961294823,0.31296541881696416,0.26569559937059506
8,2,mirror,oriented,nearest,False,500,2500,0.1453150594492778,0.07428101604748541,1.7689193427902765,0.1454531701935768,0.09638534282712981
8,2,mirror,oriented,nearest,False,1000,5000,0.10833415235360884,0.06395992016297562,1.265562026162091,0.10879557911845214,0.06411182007207407
8,2,mirror,oriented,nearest,False,5000,25000,0.06705444702083892,0.052056138016938897,0.5076939764766408,0.06752574000832429,0.01807619788134389
8,2,mirror,uniform,crossed,False,100,500,1.840581691616312,0.33511797345000627,7.4945691136335295,1.8442835550793442,1.7973330188396925
8,2,mirror,uniform,crossed,False,500,2500,0.9356776824088175,0.15689226840073978,3.49289698626725,0.9332383885594133,0.8938472148617629
8,2,mirror,uniform,crossed,False,1000,5000,0.6208717821922886,0.1135284276449822,2.5441523967303645,0.6245743059716775,0.5785288931968124
8,2,mirror,uniform,crossed,False,5000,25000,0.3013973894281785,0.0758506866566418,1.1310312512631846,0.30108920699512076,0.2546487363215525
8,2,mirror,uniform,mirror,True,100,500,0.3287951988277288,0.06787038586034644,0.8942353009384723,0.33015659537318,0.25773477891902763
8,2,mirror,uniform,mirror,True,500,2500,0.16106437054412528,0.04486731380427439,0.4007354456669665,0.16146184692971913,0.10687086494813272
8,2,mirror,uniform,mirror,True,1000,5000,0.1288164349141775,0.04174547439385327,0.28209163191261627,0.12971094981432063,0.06205159050516094
8,2,mirror,uniform,mirror,True,5000,25000,0.07653561095112815,0.03842736012968375,0.14484081842793087,0.07780641682328604,0.017708267933771896
8,2,mirror,uniform,nearest,False,100,500,1.5560565165235845,0.3323168463308872,14.08706552165607,1.5473462774752653,1.5063866658446625
8,2,mirror,uniform,nearest,False,500,2500,0.6172063541413968,0.15568641023899327,5.810872158809111,0.6168953337213248,0.570806240620261
8,2,mirror,uniform,nearest,False,1000,5000,0.4626608880422962,0.12040355944161427,4.230063486003792,0.46289130567573733,0.41953086474477297
8,2,mirror,uniform,nearest,False,5000,25000,0.22255108142464952,0.06382960123942982,1.7523935569588618,0.22217745141570824,0.17397362907300534
8,2,nearest,oriented,crossed,False,100,500,5.765682003040508,1.667969374538075,13.257651506847012,5.757945296577653,5.725014755865759
8,2,nearest,oriented,crossed,False,500,2500,2.7550051702957354,0.7168065866194337,6.184664464935668,2.7482956829419933,2.7015720853552594
8,2,nearest,oriented,crossed,False,1000,5000,1.950272202631067,0.5444930118648638,4.286529819360313,1.9431748804242772,1.8982491341183616
8,2,nearest,oriented,crossed,False,5000,25000,0.8799098154941267,0.2474530087134058,1.912815722082466,0.881457658430459,0.8346799294462433
8,2,nearest,oriented,mirror,False,100,500,1.3628791841961623,0.7473031246866416,2.7357931096291885,1.3685822441642492,1.3085618166325423
8,2,nearest,oriented,mirror,False,500,2500,0.588239314288692,0.2932393084962767,1.2466415131576634,0.5896355445678052,0.5473350367748095
8,2,nearest,oriented,mirror,False,1000,5000,0.41746887944152355,0.24087277987234368,0.9122871143578635,0.41748589916979273,0.3740026022259535
8,2,nearest,oriented,mirror,False,5000,25000,0.19824107728962143,0.108560379636123,0.37293147340153476,0.19842034899834543,0.15044534499743564
8,2,nearest,oriented,nearest,True,100,500,0.09098508619725479,0.07246575241864492,0.6431763675848208,0.09134428826727684,0.0543891434119756
8,2,nearest,oriented,nearest,True,500,2500,0.05269253364041987,0.04581139414700686,0.287835375358344,0.05340429737103529,0.01612555703832793
8,2,nearest,oriented,nearest,True,1000,5000,0.04587219313912038,0.04142492095930141,0.1882033239782594,0.04669408494441859,0.009351581767992053
8,2,nearest,oriented,nearest,True,5000,25000,0.03890772349438783,0.03677362096707451,0.10108835119634772,0.03990514255766706,0.002056782770600972
8,2,nearest,uniform,crossed,False,100,500,4.522329258058384,1.417283629517077,8.946006525468675,4.523360470637948,4.469356357063107
8,2,nearest,uniform,crossed,False,500,2500,1.856898980494765,0.6371782098346613,3.813985892034859,1.856254699992619,1.8056082240454092
8,2,nearest,uniform,crossed,False,1000,5000,1.4745594450491089,0.4357243796836177,2.7759000234367415,1.471212954971982,1.4273697070561049
8,2,nearest,uniform,crossed,False,5000,25000,0.5767925477137633,0.2190656198263854,1.330552540687745,0.5779593345382174,0.5265633088769281
8,2,nearest,uniform,mirror,False,100,500,1.6323228934909477,0.19898345425708464,5.7094659325998975,1.6335987786415944,1.5914373482608184
8,2,nearest,uniform,mirror,False,500,2500,0.7549967610597165,0.10345241925419785,2.6425405497145507,0.7546230663682851,0.7178465616041889
8,2,nearest,uniform,mirror,False,1000,5000,0.5148652789919971,0.08417504794894264,1.8217902332394187,0.5136480837914148,0.47491002640002317
8,2,nearest,uniform,mirror,False,5000,25000,0.25683726887232605,0.0633516273368567,0.8484849041421743,0.25675082788685166,0.2188566916923856
8,2,nearest,uniform,nearest,True,100,500,0.08879318607559603,0.07121422508714431,0.1314164218848381,0.08892206087810987,0.05253040563076125
8,2,nearest,uniform,nearest,True,500,2500,0.05043372811910766,0.04563339592243361,0.06782735732237512,0.051112321680631095,0.01355288049427112
8,2,nearest,uniform,nearest,True,1000,5000,0.0443550135086684,0.04117295091373916,0.0616302160241484,0.04519337032619674,0.007417653843037546
8,2,nearest,uniform,nearest,True,5000,25000,0.038839100106186686,0.03739531256513032,0.043485044077484485,0.03984595961597411,0.0017609856267833401
8,3,crossed,oriented,crossed,True,100,500,0.09313772026525018,0.07041073821440469,0.5628542053491503,0.09374549100938609,0.044089354075738774
8,3,crossed,oriented,crossed,True,500,2500,0.06155010591197837,0.05252063858377937,0.25528732872856447,0.062394792813532905,0.013234256670229181
8,3,crossed,oriented,crossed,True,1000,5000,0.0550443957162047,0.04986076703661365,0.18939389547199667,0.056258425634238995,0.00675320431989572
8,3,crossed,oriented,crossed,True,5000,25000,0.04957605225646784,0.047638507039198114,0.10750707093685975,0.05087560541566206,0.002128845146198162
8,3,crossed,oriented,mirror,False,100,500,4.0856365978768725,0.49970781177437545,8.733475516573481,4.083891821536546,4.030764110755818
8,3,crossed,oriented,mirror,False,500,2500,1.6933411679581796,0.2674756372173003,4.421367015788636,1.6904242509524727,1.627167221310502
8,3,crossed,oriented,mirror,False,1000,5000,1.1734365474748407,0.18171566456802016,3.0476166844144648,1.1733478985054502,1.1180184530831068
8,3,crossed,oriented,mirror,False,5000,25000,0.5001737215508308,0.07341304236610853,1.356804212319105,0.5000059877960492,0.4438867980201887
8,3,crossed,oriented,nearest,False,100,500,0.6644539437994132,0.1142802107859563,6.498074199958694,0.6631915124702208,0.591430493495471
8,3,crossed,oriented,nearest,False,500,2500,0.298304312565305,0.06800959271166791,2.9635097725548896,0.3007560830721432,0.23434241496805736
8,3,crossed,oriented,nearest,False,1000,5000,0.2765477263824854,0.05972917897409372,1.980889130736188,0.2759778953626369,0.21259661093358478
8,3,crossed,oriented,nearest,False,5000,25000,0.12049847944627448,0.051736662153510346,0.8982912322503248,0.12187074184304689,0.057557708145272043
8,3,crossed,uniform,crossed,True,100,500,0.21152595828991672,0.08002632294674868,0.9282809792886759,0.21032687703442715,0.158826233254394
8,3,crossed,uniform,crossed,True,500,2500,0.10336403119447031,0.05483438472996058,0.44222147888980545,0.10348735447209201,0.048686727106284335
8,3,crossed,uniform,crossed,True,1000,5000,0.080765666632172,0.05159581705639396,0.3153617401389446,0.08168182679802674,0.02655798141846591
8,3,crossed,uniform,crossed,True,5000,25000,0.06056761037822271,0.048213079666471224,0.14690665619842233,0.06170870853515202,0.0058019197681174126
8,3,crossed,uniform,mirror,False,100,500,5.504397812594078,0.37369774091802144,12.672306814275295,5.5230405367603,5.4457518734522505
8,3,crossed,uniform,mirror,False,500,2500,2.4762535907385126,0.20975734508624305,5.934250735796495,2.461149227714066,2.4209039281016937
8,3,crossed,uniform,mirror,False,1000,5000,1.7663874333153635,0.2157075435871359,4.2426788879365365,1.759232861513076,1.7079709178379208
8,3,crossed,uniform,mirror,False,5000,25000,0.7649144375787102,0.12000682839571976,1.9733534893496785,0.7663336318862506,0.7096578274475116
8,3,crossed,uniform,nearest,False,100,500,2.7982775251102066,0.21002484002455127,5.813105951744368,2.7822070894270983,2.743403021789016
8,3,crossed,uniform,nearest,False,500,2500,1.3035809205405893,0.10722530659633187,2.5995998692180278,1.2988596610360417,1.2458190005719636
8,3,crossed,uniform,nearest,False,1000,5000,0.8715984346587804,0.08996830452251607,1.723071528796695,0.870691861026295,0.8151806719606034
8,3,crossed,uniform,nearest,False,5000,25000,0.3760325106543524,0.0734367312991999,0.8120086747659566,0.3760606881403907,0.32109766087217817
8,3,mirror,oriented,crossed,False,100,500,2.7746956602380273,0.664300340950041,5.438665945214044,2.777668760132474,2.7339053944318135
8,3,mirror,oriented,crossed,False,500,2500,1.233439670680075,0.28593705136883574,2.4506421014213213,1.2347718759723016,1.1944781761231087
8,3,mirror,oriented,crossed,False,1000,5000,0.9239200396067389,0.22815313826552602,1.9396575022146583,0.9161209231682683,0.8850665687064194
8,3,mirror,oriented,crossed,False,5000,25000,0.3961920666644667,0.10184281278794602,0.7829702313502355,0.3954179955484066,0.3572360028587069
8,3,mirror,oriented,mirror,True,100,500,0.1588485023716065,0.06601195174042555,0.4770323026051305,0.15794024348923746,0.12060215316695189
8,3,mirror,oriented,mirror,True,500,2500,0.08420541039840757,0.04470924226924682,0.20921672152300874,0.08467639749715059,0.0443615689414093
8,3,mirror,oriented,mirror,True,1000,5000,0.06559542588999609,0.04130062750805824,0.1468586669019151,0.0653080079987504,0.0266970445985403
8,3,mirror,oriented,mirror,True,5000,25000,0.048605052146162564,0.03819606035936386,0.07561758125822211,0.049541234363693315,0.006067351684726604
8,3,mirror,oriented,nearest,False,100,500,3.146824652344045,0.22980925885241194,7.982374426968008,3.156960873459313,3.10241752546328
8,3,mirror,oriented,nearest,False,500,2500,1.3789548655669406,0.11399951221798636,3.352800560424643,1.3838794933358298,1.324573669198039
8,3,mirror,oriented,nearest,False,1000,5000,0.9952574245470303,0.0861174589232416,2.5165932269893347,0.993291777291136,0.9418493561384145
8,3,mirror,oriented,nearest,False,5000,25000,0.4478797666525981,0.058504662869619035,1.0901487508419399,0.44952010810177145,0.39557239987411996
8,3,mirror,uniform,crossed,False,100,500,0.5375048367945513,0.2265436200874593,2.8235748736576496,0.5398804915469717,0.4748061097503874
8,3,mirror,uniform,crossed,False,500,2500,0.23138134093768814,0.1117494491100734,1.2898209918575043,0.23185982005516192,0.17103583676469092
8,3,mirror,uniform,crossed,False,1000,5000,0.17640554503275885,0.08541111906131045,0.921736213896155,0.17653099815091813,0.11674167804158142
8,3,mirror,uniform,crossed,False,5000,25000,0.09410210575873708,0.064484259726233,0.4127790618780032,0.09467703651832951,0.03449234706697332
8,3,mirror,uniform,mirror,True,100,500,0.26353286274772414,0.07586510328501858,0.5881097512398423,0.26362824256080103,0.22458300240050527
8,3,mirror,uniform,mirror,True,500,2500,0.11664994990806729,0.047879749864717804,0.2411903443865036,0.11725949936304647,0.07787146607712847
8,3,mirror,uniform,mirror,True,1000,5000,0.09179960623876732,0.04301638827921829,0.18438977009423888,0.09156566852948148,0.053257042868408
8,3,mirror,uniform,mirror,True,5000,25000,0.052223841607581936,0.03868569157856654,0.0840072008316826,0.05313956544216131,0.013528453613241054
8,3,mirror,uniform,nearest,False,100,500,0.25431354451323085,0.15006370490122886,3.557333500129969,0.2538703560403215,0.21342146511817295
8,3,mirror,uniform,nearest,False,500,2500,0.1285236209323232,0.07878095366018131,1.552626250632721,0.1291197605400547,0.08759007263334603
8,3,mirror,uniform,nearest,False,1000,5000,0.0926508962461926,0.06760397969829841,1.1855896091800826,0.09335949902389357,0.050844908673711345
8,3,mirror,uniform,nearest,False,5000,25000,0.06231066313833025,0.05117733919893188,0.4905316368180264,0.06310599888626844,0.01511148833421995
8,3,nearest,oriented,crossed,False,100,500,3.042485076956946,1.2371281928681643,10.023956274631681,3.0388325146785133,3.0004901169238076
8,3,nearest,oriented,crossed,False,500,2500,1.287054442274524,0.5301689999443533,4.669127064353252,1.2846036664991818,1.239222530813477
8,3,nearest,oriented,crossed,False,1000,5000,0.9258707766344194,0.40637125266347224,3.3116902465000444,0.9247299669465963,0.8858039727997669
8,3,nearest,oriented,crossed,False,5000,25000,0.4082198132436201,0.17941028939363668,1.4248170686620516,0.4052016852587571,0.3660157420020946
8,3,nearest,oriented,mirror,False,100,500,0.49459496658878604,0.16612857797834513,1.0871143347404049,0.49238862338146977,0.45202336031677093
8,3,nearest,oriented,mirror,False,500,2500,0.21862059821299304,0.08556350546489158,0.5043757705585673,0.21894812341468226,0.17553982225673648
8,3,nearest,oriented,mirror,False,1000,5000,0.1496135053428717,0.06598907713807083,0.3782756717823065,0.1493651603753307,0.10970113148483135
8,3,nearest,oriented,mirror,False,5000,25000,0.08051715494254691,0.045513302271750544,0.1749538529182451,0.08090771014769506,0.03341005868893994
8,3,nearest,oriented,nearest,True,100,500,0.08471743336455458,0.07085294973196633,0.10366820227842302,0.08508080604669271,0.04853237825724497
8,3,nearest,oriented,nearest,True,500,2500,0.05002628458866643,0.0447899102242591,0.05730643236406637,0.05073636466674943,0.013210665483845259
8,3,nearest,oriented,nearest,True,1000,5000,0.043846363117595176,0.041086871134581884,0.0500824935688,0.04477108916530582,0.007351197939491006
8,3,nearest,oriented,nearest,True,5000,25000,0.03830751113222212,0.03660952168977685,0.04061139473989818,0.03931447615654603,0.0014943966021844952
8,3,nearest,uniform,crossed,False,100,500,2.07741272144931,1.1350237190974863,4.669914276347371,2.069171914133039,2.0214609056824773
8,3,nearest,uniform,crossed,False,500,2500,0.9370273751407275,0.5042760272517794,2.010682162613228,0.9353743050726108,0.8910001301877895
8,3,nearest,uniform,crossed,False,1000,5000,0.6805013145043424,0.3496854412351126,1.5769017952627467,0.6796770178737309,0.6333008571422796
8,3,nearest,uniform,crossed,False,5000,25000,0.30068794980106667,0.16803554635009252,0.6836335882857946,0.30082377512865904,0.24723352734718002
8,3,nearest,uniform,mirror,False,100,500,0.8952776577312489,0.24802885901633412,2.447727209810715,0.8924796961586328,0.8564092251878235
8,3,nearest,uniform,mirror,False,500,2500,0.3823206389552598,0.10835109087204725,1.066811092154988,0.38352761097210786,0.33913089619463443
8,3,nearest,uniform,mirror,False,1000,5000,0.29001327579205194,0.0916703451662735,0.7903466480696255,0.29037224611853557,0.24151824660175247
8,3,nearest,uniform,mirror,False,5000,25000,0.13634725568902453,0.054436672653431176,0.35713711601650844,0.1372764794557568,0.08746116067725665
8,3,nearest,uniform,nearest,True,100,500,0.09052092578269211,0.07337288043364054,0.46708529358471923,0.09103224756200025,0.05426336248597768
8,3,nearest,uniform,nearest,True,500,2500,0.05477281482195966,0.04644520366363017,0.21381556627573042,0.05534118647906207,0.017784469525827604
8,3,nearest,uniform,nearest,True,1000,5000,0.046447902007431735,0.041700685840528516,0.1404571316808064,0.04729041185887745,0.009740915769013345
8,3,nearest,uniform,nearest,True,5000,25000,0.03909662736509408,0.03713014313703361,0.08882407226052645,0.040094953451486386,0.002100009622751857
16,1,crossed,oriented,crossed,True,100,500,0.1662471791021013,0.16434675068592441,0.17776009466232712,0.16825837224271328,0.003903540101107425
16,1,crossed,oriented,crossed,True,500,2500,0.1632433691043066,0.1626086203304729,0.1657406995508176,0.16522974718627087,0.0008967879497250725
16,1,crossed,oriented,crossed,True,1000,5000,0.16289164302722126,0.16248305772652852,0.1642959266601318,0.16487898411502805,0.0005479866362688435
16,1,crossed,oriented,crossed,True,5000,25000,0.1625185471479173,0.1623218625614565,0.16289106098951092,0.16450788549264825,0.00017177645432833732
16,1,crossed,oriented,mirror,False,100,500,3.120050182570088,1.2665505437820497,21.549534419341203,3.1210046995023073,2.960823290205299
16,1,crossed,oriented,mirror,False,500,2500,1.3721528808696983,0.6007071182054915,10.029386215275213,1.3692597473017725,1.2136323156517472
16,1,crossed,oriented,mirror,False,1000,5000,1.0075418910063414,0.4308725857778983,7.729718144415586,1.00574939088018,0.8488697838040726
16,1,crossed,oriented,mirror,False,5000,25000,0.48225055492925606,0.24479448980642254,3.3815447653363986,0.4822528014157246,0.323578337812672
16,1,crossed,oriented,nearest,False,100,500,2.4909534840947636,0.6335055149287129,6.902909495748872,2.489914406326127,2.3265838119132285
16,1,crossed,oriented,nearest,False,500,2500,1.1232356043070904,0.3203509692459183,2.6855386145516498,1.1219051260773751,0.963324456293946
16,1,crossed,oriented,nearest,False,1000,5000,0.8008363476680964,0.2509135342252248,1.9423619423623952,0.8004595816462468,0.6417673708966998
16,1,crossed,oriented,nearest,False,5000,25000,0.4069513701494904,0.1863254382709632,0.8846017220099174,0.40682820904905886,0.24381772454825962
16,1,crossed,uniform,crossed,True,100,500,0.18349097733409758,0.169242789360126,0.2686654373472807,0.18530868855336813,0.018573409829299933
16,1,crossed,uniform,crossed,True,500,2500,0.16865168775885042,0.16382780763284727,0.19306599811888825,0.17053257169721267,0.003958104228232659
16,1,crossed,uniform,crossed,True,1000,5000,0.16531621506349425,0.16307008776485787,0.17888474413817432,0.16727122015997484,0.0019238519326574693
16,1,crossed,uniform,crossed,True,5000,25000,0.16303466150340967,0.16249699232727552,0.17514136961234844,0.1650138231596031,0.0004880569035858179
16,1,crossed,uniform,mirror,False,100,500,2.739297617428732,1.5599054098631981,7.089020586242432,2.7406318621439283,2.576668268987258
16,1,crossed,uniform,mirror,False,500,2500,1.3273932988693495,0.7718384967572979,3.1163298917284497,1.3274903190067544,1.16242248757646
16,1,crossed,uniform,mirror,False,1000,5000,0.8955973011481684,0.5335618526759465,2.3351744676246717,0.8957862226333695,0.7274877882392788
16,1,crossed,uniform,mirror,False,5000,25000,0.44819426332921425,0.28728323102200454,0.9525620531210335,0.44743520309874485,0.28093263657156775
16,1,crossed,uniform,nearest,False,100,500,2.7517484800453715,0.24036175458132505,13.894137415264606,2.7599095895624357,2.5930072337441183
16,1,crossed,uniform,nearest,False,500,2500,1.320663248179987,0.18387477913538147,7.285488548277142,1.324368627005029,1.161373919046624
16,1,crossed,uniform,nearest,False,1000,5000,0.9422656466384165,0.17705379900776805,4.8439602553056895,0.942510654162284,0.7829480433147467
16,1,crossed,uniform,nearest,False,5000,25000,0.45236512795578476,0.16185494448735496,2.4685111424749526,0.45336561281089527,0.2931341940066699
16,1,mirror,oriented,crossed,False,100,500,0.19068370990875821,0.17302608581551554,2.5041371558654335,0.19282593030830714,0.02649917867703719
16,1,mirror,oriented,crossed,False,500,2500,0.17532829702116592,0.16081370155502864,1.1312870394486148,0.17703666382673572,0.006575143602578118
16,1,mirror,oriented,crossed,False,1000,5000,0.1655624641292195,0.15940425220160162,0.8159776781636394,0.16761297460749952,0.0031901155628875216
16,1,mirror,oriented,crossed,False,5000,25000,0.15979304386757343,0.15831595338149076,0.39158131208920727,0.1618913806648095,0.0008151025847172172
16,1,mirror,oriented,mirror,True,100,500,0.2870353411167429,0.2056525113069153,0.9318453170161353,0.28846765685185205,0.12469203268067874
16,1,mirror,oriented,mirror,True,500,2500,0.1992310972971297,0.17296724267876518,0.46623026716925364,0.2003489615727021,0.03683261372062066
16,1,mirror,oriented,mirror,True,1000,5000,0.18155956885457453,0.16810355280846376,0.33522545583495,0.1834132452825415,0.01858823139504308
16,1,mirror,oriented,mirror,True,5000,25000,0.16768388012403349,0.1638771971144661,0.21055679236091482,0.16945149236352072,0.0034723173539625424
16,1,mirror,oriented,nearest,False,100,500,1.7450779848473432,0.9969937685598433,3.283354447240862,1.7448219627726451,1.5856907504747162
16,1,mirror,oriented,nearest,False,500,2500,0.8264089447373197,0.4521853149075802,1.6139015640925307,0.827260252871785,0.663565471317278
16,1,mirror,oriented,nearest,False,1000,5000,0.5962688581953159,0.36704109455225264,1.0670571831918805,0.5979687097626577,0.433915870574911
16,1,mirror,oriented,nearest,False,5000,25000,0.3088892609420967,0.21847585398151603,0.507424054515447,0.3099628042176452,0.14808474865624166
16,1,mirror,uniform,crossed,False,100,500,0.2073947822778228,0.1724019144088155,1.5946160749209928,0.20913279002016333,0.04624264770093006
16,1,mirror,uniform,crossed,False,500,2500,0.1861065821604348,0.16108746881744992,0.7035977444938366,0.18835913140246427,0.017889287083505623
16,1,mirror,uniform,crossed,False,1000,5000,0.1867760319286671,0.15977236055755234,0.569805343211286,0.1887242692917353,0.015883835140050248
16,1,mirror,uniform,crossed,False,5000,25000,0.17711952976817857,0.15842067452406905,0.2652808360674128,0.17901664095334838,0.0018770845690027488
16,1,mirror,uniform,mirror,True,100,500,0.28371412281052955,0.20342697033452775,0.9173382702328133,0.284481454703573,0.120566000625637
16,1,mirror,uniform,mirror,True,500,2500,0.19285166874195506,0.17441504932729793,0.43331806380513804,0.1944083606889585,0.02903558930144623
16,1,mirror,uniform,mirror,True,1000,5000,0.17676122624078316,0.1682166237844892,0.3193226029939973,0.17887334918887302,0.012623511743795862
16,1,mirror,uniform,mirror,True,5000,25000,0.16836579242588573,0.16355951967088214,0.20978548173542325,0.17022753522129996,0.0026947591952858896
16,1,mirror,uniform,nearest,False,100,500,2.4441892651764645,0.6002672568089533,6.5901433928337685,2.439295255306681,2.285027698887239
16,1,mirror,uniform,nearest,False,500,2500,1.188991103744584,0.22126323257879305,2.79717194114708,1.1902192043215458,1.0296589093943536
16,1,mirror,uniform,nearest,False,1000,5000,0.8096046007939464,0.195710276471049,1.886253842860055,0.8112730080038036,0.6502662258903396
16,1,mirror,uniform,nearest,False,5000,25000,0.4056716643059647,0.17354240743671162,0.9258015889822384,0.4077345813219365,0.24316074728461895
16,1,nearest,oriented,crossed,False,100,500,0.1713665636072953,0.1647546704738091,0.19194705069817783,0.17330205671196716,0.011021191073400105
16,1,nearest,oriented,crossed,False,500,2500,0.16100312075911327,0.15955110334027567,0.17610985536538104,0.1630185324737669,0.002358687547220517
16,1,nearest,oriented,crossed,False,1000,5000,0.15968464275635091,0.1587748612565695,0.17616294106879302,0.16177039524461823,0.0011754971336877112
16,1,nearest,oriented,crossed,False,5000,25000,0.1583999860468402,0.15818486091651413,0.17414656435099807,0.16051608303496184,0.00027099995146889766
16,1,nearest,oriented,mirror,False,100,500,3.6202898211864674,1.7565128843319386,11.951745945301937,3.621615880152778,3.453764735129636
16,1,nearest,oriented,mirror,False,500,2500,1.681887965448312,0.779511513840622,5.460599814498159,1.6830329692305348,1.5231101127049822
16,1,nearest,oriented,mirror,False,1000,5000,1.1537660507430525,0.6111090050878686,3.7703944406435683,1.1528068389481352,0.9939290522618174
16,1,nearest,oriented,mirror,False,5000,25000,0.5783817251703709,0.289376368863143,1.6723286783887052,0.5801294123954834,0.419054656810502
16,1,nearest,oriented,nearest,True,100,500,0.9293104507143496,0.16814289871662685,6.678190633555641,0.93102584506048,0.7665706366259628
16,1,nearest,oriented,nearest,True,500,2500,0.4193673536847051,0.16379638726433124,2.921074639178462,0.4200618724557381,0.25662753959631823
16,1,nearest,oriented,nearest,True,1000,5000,0.3017645353349761,0.16313913632775345,2.2278981153248845,0.30279347655234023,0.1390245104142145
16,1,nearest,oriented,nearest,True,5000,25000,0.199088703420257,0.16262623446241034,0.9725236138270545,0.20076509193948977,0.036745342061617434
16,1,nearest,uniform,crossed,False,100,500,0.25382537492329127,0.17445685958583393,3.4250391046046644,0.2551884972272756,0.0856021839448872
16,1,nearest,uniform,crossed,False,500,2500,0.2304409508220062,0.16178177621266782,1.6225264345949229,0.231776043728591,0.06221775984360209
16,1,nearest,uniform,crossed,False,1000,5000,0.19059763356349363,0.16002440726564152,1.1749094322337839,0.19284456699840025,0.010992069392790182
16,1,nearest,uniform,crossed,False,5000,25000,0.18331530884077346,0.15844254645777275,0.5126306589162586,0.1855393543218698,0.004076904384313421
16,1,nearest,uniform,mirror,False,100,500,3.33247749623,1.6851296562557565,8.524356185869378,3.3233138145301955,3.1737009907299285
16,1,nearest,uniform,mirror,False,500,2500,1.527911530374337,0.7074384576696582,3.5961606210210535,1.5295856000888421,1.3687186037293768
16,1,nearest,uniform,mirror,False,1000,5000,1.067605710696821,0.5154358209980721,2.4704075155019076,1.0676108909175739,0.9079415057605595
16,1,nearest,uniform,mirror,False,5000,25000,0.5300422610643152,0.26654636714244956,1.1154761808556826,0.5305502788259983,0.37074220061195234
16,1,nearest,uniform,nearest,True,100,500,0.1789476780935865,0.16833117838164888,1.3412875261306192,0.18110235325861102,0.011851210486067215
16,1,nearest,uniform,nearest,True,500,2500,0.17102156395022777,0.16354537134729547,0.6580685248181045,0.17318359350027474,0.0026207592002304297
16,1,nearest,uniform,nearest,True,1000,5000,0.17082597000134442,0.16309817188182307,0.4921503185238914,0.17297228189643576,0.0014113061079645411
16,1,nearest,uniform,nearest,True,5000,25000,0.16553939957743447,0.16251242804576996,0.25005149455738407,0.16713635702456367,0.0004042743050460401
16,2,crossed,oriented,crossed,True,100,500,0.18688250190371034,0.1643139023529177,0.41549933127186084,0.18842421008871396,0.02897564302515422
16,2,crossed,oriented,crossed,True,500,2500,0.16328146010824662,0.15918100596154494,0.22703341787491388,0.16528151941581792,0.005374580740775126
16,2,crossed,oriented,crossed,True,1000,5000,0.16049699461648492,0.15858210421490557,0.1963350965691618,0.1625987909951056,0.0025901433509245286
16,2,crossed,oriented,crossed,True,5000,25000,0.15856779535227927,0.15804782055638822,0.1684347708627993,0.1606747883802243,0.0006461053290650887
16,2,crossed,oriented,mirror,False,100,500,2.5296276315484603,1.4980063207033307,4.053261083595838,2.51532171312709,2.371107559210637
16,2,crossed,oriented,mirror,False,500,2500,1.0537962755841352,0.6720840583092801,1.8108541694601987,1.0529199239921767,0.895277092219361
16,2,crossed,oriented,mirror,False,1000,5000,0.7641839408048434,0.47615708887489616,1.2619154873973082,0.7648958595618813,0.6049582944161095
16,2,crossed,oriented,mirror,False,5000,25000,0.3659712647640605,0.2625346135889626,0.5924033311664163,0.3662169643426877,0.20649447119887207
16,2,crossed,oriented,nearest,False,100,500,0.9956384744050863,0.24408652997770366,4.601936781939925,0.9968542211548814,0.8332385322229511
16,2,crossed,oriented,nearest,False,500,2500,0.47750123032325753,0.1779232748528684,1.7978256055455037,0.4779053579279494,0.31688893311746724
16,2,crossed,oriented,nearest,False,1000,5000,0.3746272317023106,0.16969549025672281,1.4480744049177718,0.37533494124882183,0.2081038054992876
16,2,crossed,oriented,nearest,False,5000,25000,0.2133742528685956,0.1610323262973568,0.6095570477239974,0.21509751590200954,0.05265196662748614
16,2,crossed,uniform,crossed,True,100,500,0.17795427523323304,0.16391841691050824,0.8123673772409369,0.17987028196042826,0.020047473873893343
16,2,crossed,uniform,crossed,True,500,2500,0.1697134034342374,0.15912521879588684,0.4090214704181132,0.1717690204902751,0.003958649152881286
16,2,crossed,uniform,crossed,True,1000,5000,0.16593316012054957,0.15856959637113563,0.3259851520837529,0.1677852948419004,0.0020736119073317544
16,2,crossed,uniform,crossed,True,5000,25000,0.16020669454404035,0.15803886760736632,0.20237678011690569,0.16216403686568315,0.00046395391703975275
16,2,crossed,uniform,mirror,False,100,500,1.5795499422400505,1.1183070880491541,2.5050089621467153,1.5849151377835655,1.420920641789578
16,2,crossed,uniform,mirror,False,500,2500,0.7446902865521245,0.5238209058166658,1.0784678837222064,0.7445631411309026,0.5859504729819104
16,2,crossed,uniform,mirror,False,1000,5000,0.5198769188966009,0.378516403993656,0.803829744580804,0.5208394058439068,0.361248599577069
16,2,crossed,uniform,mirror,False,5000,25000,0.27275239737399437,0.22468838007156902,0.3859422809765961,0.2738096924880823,0.11310565118678519
16,2,crossed,uniform,nearest,False,100,500,0.6799064583375385,0.20512069243234268,1.243203039796089,0.6788106261282452,0.5213036850096922
16,2,crossed,uniform,nearest,False,500,2500,0.3297788516077939,0.177067022399353,0.5564872270738315,0.3306219752311764,0.16906451995768237
16,2,crossed,uniform,nearest,False,1000,5000,0.2618843920829966,0.1680549508791382,0.40984049222403474,0.26296635593948,0.10260254114527387
16,2,crossed,uniform,nearest,False,5000,25000,0.1829968091586458,0.16025672829853868,0.22887436144734427,0.18515058360328812,0.022115837083596074
16,2,mirror,oriented,crossed,False,100,500,0.17616571624926936,0.16606984717758655,0.8708179352414407,0.17809760950255196,0.01822279815316802
16,2,mirror,oriented,crossed,False,500,2500,0.16207079834837868,0.1597509411902392,0.4267559310164816,0.1641310576006279,0.004128360810969761
16,2,mirror,oriented,crossed,False,1000,5000,0.1600257667453308,0.15874104866760383,0.3255281071820751,0.1621415346089365,0.00208379633491311
16,2,mirror,oriented,crossed,False,5000,25000,0.15845258663375378,0.15812399662229953,0.19593669424460114,0.16056704542463612,0.0005096485975677467
16,2,mirror,oriented,mirror,True,100,500,1.17648355832357,0.5685398307813092,2.6799803280284684,1.1767544312765432,1.017879306631841
16,2,mirror,oriented,mirror,True,500,2500,0.5562067854446252,0.2798651454176908,1.1890830508699133,0.5562997197240538,0.39781056885234506
16,2,mirror,oriented,mirror,True,1000,5000,0.40879338489583816,0.2210293169409607,0.8741353122921302,0.4098894329166155,0.2507842091192426
16,2,mirror,oriented,mirror,True,5000,25000,0.2323991185819967,0.17226580312115805,0.398815625443635,0.23375630590615665,0.07405482185723516
16,2,mirror,oriented,nearest,False,100,500,1.8729618175514493,1.0422285668403375,2.9289058563935186,1.8769954282024854,1.7145757034105116
16,2,mirror,oriented,nearest,False,500,2500,0.8303075858015281,0.5142402623878373,1.3424729790781211,0.8300084181745255,0.6708025927740016
16,2,mirror,oriented,nearest,False,1000,5000,0.5912693258161481,0.3718140562037365,0.9311204340704212,0.5920094733062304,0.43088967990682536
16,2,mirror,oriented,nearest,False,5000,25000,0.3149242788911041,0.22027392222974468,0.45744106451696703,0.3158203792848144,0.15679754342249153
16,2,mirror,uniform,crossed,False,100,500,0.18983778551569716,0.16671695770936168,0.8510819327915369,0.19181156036365,0.030598264583461668
16,2,mirror,uniform,crossed,False,500,2500,0.1671759441577037,0.1598514981287021,0.3720756474854384,0.16916731544032998,0.006979211766354257
16,2,mirror,uniform,crossed,False,1000,5000,0.16510634568974952,0.15881537553250205,0.2873833598838143,0.1672024029754826,0.0033330797931299533
16,2,mirror,uniform,crossed,False,5000,25000,0.15885873177278478,0.15813565536530674,0.19673068601220095,0.16100666915107176,0.0007821622494833813
16,2,mirror,uniform,mirror,True,100,500,1.095959085774408,0.6994642478932787,1.8542513318872142,1.0958904202134048,0.9379514124782087
16,2,mirror,uniform,mirror,True,500,2500,0.5061543678925599,0.34530048586703094,0.7823452357307003,0.5068157443093413,0.34775505379062366
16,2,mirror,uniform,mirror,True,1000,5000,0.3574981814194655,0.26045970608448216,0.5806886006621017,0.3581404353534653,0.19910174842674477
16,2,mirror,uniform,mirror,True,5000,25000,0.22402395334987057,0.18717606052955088,0.30988995766658733,0.2255772558831341,0.06586498663300512
16,2,mirror,uniform,nearest,False,100,500,1.636570235509143,0.7125692386085286,2.8821335857442545,1.6398060734172846,1.4776662317592906
16,2,mirror,uniform,nearest,False,500,2500,0.692942502148991,0.33814648521530183,1.28956766422401,0.6936317429600378,0.5340566050514035
16,2,mirror,uniform,nearest,False,1000,5000,0.5309064322210995,0.266370382036452,0.9373361487572187,0.531441869888048,0.3727804611083512
16,2,mirror,uniform,nearest,False,5000,25000,0.2694048893073133,0.18806302303710803,0.4623153108853424,0.27027462914315076,0.10848115805170529
16,2,nearest,oriented,crossed,False,100,500,0.1893697699022666,0.17812684632151787,0.4876650743586397,0.19120562480931924,0.029791621945670893
16,2,nearest,oriented,crossed,False,500,2500,0.16493134760912015,0.16205667540984564,0.25038235978243994,0.16694494612112898,0.006241944397222421
16,2,nearest,oriented,crossed,False,1000,5000,0.16165492309412988,0.15999254393779772,0.20835654284148383,0.16373930489094377,0.0033107922343849072
16,2,nearest,oriented,crossed,False,5000,25000,0.15878310149167607,0.1583151622587829,0.1833433214812712,0.16089649666133538,0.0008002254853100438
16,2,nearest,oriented,mirror,False,100,500,1.0750900947075044,0.6524374285254981,2.0856729193447157,1.07295907652004,0.9164101986064412
16,2,nearest,oriented,mirror,False,500,2500,0.4967738889814364,0.3298316081104835,0.9605058698400017,0.49672740401368665,0.33793257759153356
16,2,nearest,oriented,mirror,False,1000,5000,0.36747493646913487,0.24920972321972762,0.679001815183953,0.369213797057274,0.20914616520209822
16,2,nearest,oriented,mirror,False,5000,25000,0.2170844503338918,0.18445851709807579,0.3359626885030539,0.21863307109901392,0.05841052640413312
16,2,nearest,oriented,nearest,True,100,500,0.5961197831476082,0.16398681535781956,1.1998285562114726,0.5966358333611963,0.43771034375725243
16,2,nearest,oriented,nearest,True,500,2500,0.2871303550103831,0.15904091755988295,0.5702212007070375,0.28836008517529244,0.12871794185070737
16,2,nearest,oriented,nearest,True,1000,5000,0.2245338222084073,0.15849653137807446,0.44730629691604534,0.22583137031021383,0.06584324908426145
16,2,nearest,oriented,nearest,True,5000,25000,0.17618385016493804,0.15801049091177966,0.2296623636072128,0.17804558234347373,0.01734431871104522
16,2,nearest,uniform,crossed,False,100,500,0.5898345127433684,0.18695370103666006,1.527612729228865,0.5885366965249678,0.42899544997771455
16,2,nearest,uniform,crossed,False,500,2500,0.2985844504594889,0.16442162696551224,0.6972070428269279,0.2992098761558786,0.13707444862648693
16,2,nearest,uniform,crossed,False,1000,5000,0.23310917793609837,0.16159470884398577,0.549834627020368,0.23401831344491653,0.07090339210585712
16,2,nearest,uniform,crossed,False,5000,25000,0.18132855299121642,0.15892617412752852,0.29281019573558886,0.18312085319025528,0.018933008109369445
16,2,nearest,uniform,mirror,False,100,500,1.0032543420909399,0.6563606031020065,1.6291755676267365,1.001469630898434,0.8447034721753942
16,2,nearest,uniform,mirror,False,500,2500,0.4661586698374396,0.3193740442151024,0.7417321179417693,0.46687692112787593,0.307554950255698
16,2,nearest,uniform,mirror,False,1000,5000,0.342667590337433,0.24816496135088364,0.5123800169185111,0.3443928477160178,0.18388387672339027
16,2,nearest,uniform,mirror,False,5000,25000,0.20663567225022328,0.18137889160690232,0.27269211440828534,0.20836396742121494,0.04816798221150981
16,2,nearest,uniform,nearest,True,100,500,0.7570199187831474,0.16605771130086538,1.317349901091754,0.7577621339126882,0.5986061762490082
16,2,nearest,uniform,nearest,True,500,2500,0.37074445486751983,0.15946204437052544,0.57939211486683,0.3723811523314525,0.21257325159545268
16,2,nearest,uniform,nearest,True,1000,5000,0.272800044219355,0.1587740746666073,0.4193623193139697,0.2738524523921938,0.11420158574146577
16,2,nearest,uniform,nearest,True,5000,25000,0.18913389532511676,0.15805408499773382,0.23183710283059666,0.1906606346515864,0.03079969978497603
16,3,crossed,oriented,crossed,True,100,500,0.1746425404849275,0.16342477480764395,0.5248546129517111,0.17658838832266494,0.01673570126293858
16,3,crossed,oriented,crossed,True,500,2500,0.16189828928284428,0.1590046914523047,0.29761587548759705,0.16387968410427736,0.00399147175579305
16,3,crossed,oriented,crossed,True,1000,5000,0.15977443847736916,0.15850919212070042,0.23660036772129528,0.1618718125259559,0.0018416084118243053
16,3,crossed,oriented,crossed,True,5000,25000,0.1582398832393923,0.15801609209774173,0.17785714917647183,0.16033984722118727,0.00030058318114653537
16,3,crossed,oriented,mirror,False,100,500,1.412222324669365,0.8305522206002072,2.444219843518078,1.4127149664666838,1.253481913804964
16,3,crossed,oriented,mirror,False,500,2500,0.6555901915923823,0.3905707465121791,1.1898518433916672,0.6551196239249036,0.4970671218702261
16,3,crossed,oriented,mirror,False,1000,5000,0.481519779637384,0.3091947817919164,0.8344576184936744,0.4823292944899793,0.32278097469594835
16,3,crossed,oriented,mirror,False,5000,25000,0.25517413672798034,0.2014149205633659,0.3899556963839082,0.25624474798012925,0.09643297295545238
16,3,crossed,oriented,nearest,False,100,500,1.035615483163805,0.5516062919110456,1.858215266233088,1.0346591085101045,0.8762900198597692
16,3,crossed,oriented,nearest,False,500,2500,0.49736946416748895,0.29089562132519253,0.8677474791247464,0.4968544855855706,0.3386287045495123
16,3,crossed,oriented,nearest,False,1000,5000,0.36717442999761973,0.23212186034207116,0.6242017679137083,0.3678772396920874,0.20752252959582865
16,3,crossed,oriented,nearest,False,5000,25000,0.21215087821387357,0.17589651189279618,0.30759837759162073,0.21343407108761375,0.05303561585403603
16,3,crossed,uniform,crossed,True,100,500,0.31577882965157517,0.16390427379858113,0.9066699882584701,0.31611986046867135,0.15725246874343934
16,3,crossed,uniform,crossed,True,500,2500,0.19992809095234415,0.1591112282475568,0.4238145835026727,0.20162387028277756,0.04183233603193606
16,3,crossed,uniform,crossed,True,1000,5000,0.18079970818331162,0.1585724278531837,0.32805969303095817,0.18254742025217635,0.02274890948088329
16,3,crossed,uniform,crossed,True,5000,25000,0.16861006395793882,0.15803105292135725,0.20478047737864968,0.17053179979902053,0.005210261680888548
16,3,crossed,uniform,mirror,False,100,500,1.459076935051506,0.9345444290523292,2.280531455025792,1.459396374510809,1.3005515215272312
16,3,crossed,uniform,mirror,False,500,2500,0.640919711205014,0.4134189391686977,1.0515294877953476,0.6409185184413887,0.48217932519532974
16,3,crossed,uniform,mirror,False,1000,5000,0.47725470808878345,0.3222183261160932,0.7523423257971749,0.47751662275232526,0.31845048618884825
16,3,crossed,uniform,mirror,False,5000,25000,0.25406852536517166,0.19777769396736722,0.3614326797577533,0.2553127541747324,0.09507477787689295
16,3,crossed,uniform,nearest,False,100,500,0.30468200745112484,0.20183584856096703,0.8595984270396937,0.30587772597685414,0.145678043741995
16,3,crossed,uniform,nearest,False,500,2500,0.20304146277513097,0.17095544322391173,0.41003825344979217,0.204185045543026,0.044654962495019365
16,3,crossed,uniform,nearest,False,1000,5000,0.18821055243608031,0.16432405744856463,0.3184856612791149,0.1905322243044041,0.020217659531796883
16,3,crossed,uniform,nearest,False,5000,25000,0.1754082631434732,0.15961578810267163,0.1981073079510181,0.17728125343955753,0.004489330149777815
16,3,mirror,oriented,crossed,False,100,500,0.18090428910410672,0.16760107901477891,0.3753325961207655,0.18262981067389963,0.02296215377218752
16,3,mirror,oriented,crossed,False,500,2500,0.16249780919959111,0.1597685899709178,0.22302861059726467,0.16456548476661728,0.004555876156172811
16,3,mirror,oriented,crossed,False,1000,5000,0.16034714912779693,0.15883597947524686,0.1879236645783669,0.16248029906449712,0.002405093885707768
16,3,mirror,oriented,crossed,False,5000,25000,0.15850026586806512,0.15811052571649004,0.16607730564069678,0.16063165926706036,0.0005554436555963438
16,3,mirror,oriented,mirror,True,100,500,1.1776500981589757,0.7209979728280524,2.5103232605224806,1.1767028750639823,1.0179353726317215
16,3,mirror,oriented,mirror,True,500,2500,0.5456275846820273,0.3536426476698778,1.2586567215921733,0.5459649637067991,0.38627816615052357
16,3,mirror,oriented,mirror,True,1000,5000,0.39283925335017855,0.2857652508502643,0.8425181543654038,0.39376522300708355,0.23397230438196398
16,3,mirror,oriented,mirror,True,5000,25000,0.2275468209714651,0.18766487427097872,0.39934540259314355,0.22886281932524924,0.06944686401030851
16,3,mirror,oriented,nearest,False,100,500,0.9819233649980414,0.6690499998473607,1.4291541883836218,0.9811383079092955,0.823064992619341
16,3,mirror,oriented,nearest,False,500,2500,0.45261675191291806,0.3271188100990959,0.6618336874431731,0.4522014882464308,0.2944640497695828
16,3,mirror,oriented,nearest,False,1000,5000,0.34437267739476757,0.25551413443433646,0.4956328159843427,0.3450123526143981,0.18511342068496123
16,3,mirror,oriented,nearest,False,5000,25000,0.20850838237418412,0.17948972596961554,0.2704397811677792,0.20986397382712363,0.04992043089073815
16,3,mirror,uniform,crossed,False,100,500,0.17837801855126167,0.16702251805248208,0.3903567798071631,0.18019212316097666,0.018682988012300936
16,3,mirror,uniform,crossed,False,500,2500,0.16242045452238707,0.15995699985552025,0.2249865360155474,0.1645117803904284,0.00400344361443708
16,3,mirror,uniform,crossed,False,1000,5000,0.16029837929374016,0.15895641786020642,0.19889132634253176,0.1624288810758013,0.002021096343607573
16,3,mirror,uniform,crossed,False,5000,25000,0.15843677944837148,0.15811840730551893,0.17016065433382432,0.16057179450225506,0.0004494740280532039
16,3,mirror,uniform,mirror,True,100,500,0.6808412910832515,0.42963098273814976,1.0954258599668738,0.6839159334680052,0.5228307932992491
16,3,mirror,uniform,mirror,True,500,2500,0.3476448570326451,0.24158503483960675,0.5113195231274703,0.3483734499745984,0.18851153489617262
16,3,mirror,uniform,mirror,True,1000,5000,0.27016442893653697,0.21145459451538062,0.3696739406898092,0.27162962866270457,0.11149920725984534
16,3,mirror,uniform,mirror,True,5000,25000,0.1866595377413414,0.1700191208580124,0.22334932455019185,0.18855944424749382,0.0274687500408657
16,3,mirror,uniform,nearest,False,100,500,0.7894244101136276,0.3762521646504413,1.4667587607019676,0.7888017137471747,0.6282061430303656
16,3,mirror,uniform,nearest,False,500,2500,0.3921661993268592,0.21738264064241603,0.6536851679123438,0.39321737652259653,0.23230086094355523
16,3,mirror,uniform,nearest,False,1000,5000,0.3132119850155334,0.19477963751500368,0.5053819589759716,0.314903510108523,0.1546958454624041
16,3,mirror,uniform,nearest,False,5000,25000,0.1930719563372848,0.16983971270770565,0.26191870945279916,0.19477882332785945,0.03437536953752743
16,3,nearest,oriented,crossed,False,100,500,0.18630617899643676,0.17697692985816688,0.20911547495249838,0.18840716000182978,0.025770098604311953
16,3,nearest,oriented,crossed,False,500,2500,0.166077523449354,0.16231130473455851,0.18252469165977958,0.1680738707110016,0.006074164496929699
16,3,nearest,oriented,crossed,False,1000,5000,0.16165401725327272,0.16010571048597355,0.1802076849231185,0.1637414505555786,0.002827750424965178
16,3,nearest,oriented,crossed,False,5000,25000,0.1587918626016888,0.1583084175206651,0.16968073604429856,0.1609010070990799,0.0005747592073870739
16,3,nearest,oriented,mirror,False,100,500,0.8998056541611333,0.5084393514151744,1.6953769483488041,0.9000861397276254,0.7410446250458014
16,3,nearest,oriented,mirror,False,500,2500,0.4281848266040782,0.2807501790946652,0.7976679562866795,0.4291463496272789,0.26923951157639764
16,3,nearest,oriented,mirror,False,1000,5000,0.32757691610346495,0.23208658020276138,0.5673204469060994,0.32856939538308805,0.16859209259538888
16,3,nearest,oriented,mirror,False,5000,25000,0.2031891557516441,0.1750617434920166,0.29962185947509073,0.20477964048100225,0.044398094747312586
16,3,nearest,oriented,nearest,True,100,500,0.1887863507376542,0.16274856839704666,0.7517027570986455,0.18971758324255822,0.030120504552411526
16,3,nearest,oriented,nearest,True,500,2500,0.17306419500320103,0.15891524624425094,0.3719025117726592,0.17490092356498083,0.013718859792793192
16,3,nearest,oriented,nearest,True,1000,5000,0.16310522358127894,0.15842198268133384,0.29131150189437405,0.16502908770158137,0.004439346903439001
16,3,nearest,oriented,nearest,True,5000,25000,0.1588951525900742,0.15799953722851456,0.18818075470546677,0.1608078699169395,0.0005497188490680843
16,3,nearest,uniform,crossed,False,100,500,0.19185654998455715,0.17837848532614914,0.2285447455118959,0.1938079126435346,0.028806356543888634
16,3,nearest,uniform,crossed,False,500,2500,0.16640095667633778,0.16271309119981947,0.19099935795612363,0.168443542152664,0.006935330544393756
16,3,nearest,uniform,crossed,False,1000,5000,0.1619546709476412,0.16021468924381288,0.18635858281361073,0.1640154968559705,0.0033468498519134693
16,3,nearest,uniform,crossed,False,5000,25000,0.1589057613882977,0.15833912186700233,0.17366246521486928,0.16100335143309924,0.0007316129146193173
16,3,nearest,uniform,mirror,False,100,500,0.8870163749687375,0.5285907251054407,1.7041013516056982,0.8870785069556069,0.7287581170137104
16,3,nearest,uniform,mirror,False,500,2500,0.4441519649685646,0.2824894188980522,0.7778839226993737,0.44511865337566836,0.2858834537191507
16,3,nearest,uniform,mirror,False,1000,5000,0.33166537083161574,0.2247430747307737,0.5777063640472877,0.3326183285701323,0.1732039446933028
16,3,nearest,uniform,mirror,False,5000,25000,0.20492738865971094,0.172853304356545,0.2912059024707844,0.206532168334018,0.0464354028001103
16,3,nearest,uniform,nearest,True,100,500,0.3396011027697712,0.1644719739937596,0.7444002820665949,0.33997868285048627,0.18080909843957496
16,3,nearest,uniform,nearest,True,500,2500,0.2012644778789839,0.15925132699559452,0.3506785823899127,0.202773256229124,0.041908269415596
16,3,nearest,uniform,nearest,True,1000,5000,0.18293085022969618,0.15865974472723776,0.27482234331476,0.18477635782291718,0.02371820457074926
16,3,nearest,uniform,nearest,True,5000,25000,0.16540004835013705,0.15805033943902252,0.18985003978215853,0.1672947673678124,0.00472359974493522
