q0,n_layers,topology,phase_rule,decoder_alignment,decoder_matches_topology,median_nested_rmse,median_shifted_rmse,median_nested_recovery,median_shifted_recovery,success_rate_nested,median_evaluations,median_seconds
8,1,crossed,oriented,crossed,True,0.09161990390161152,0.091323675465737,0.6108791639166238,0.6243170344501852,0.0,10020.0,5.819046550022904
8,1,crossed,oriented,mirror,False,0.0649310920106827,0.06632623701506304,0.7902319469870323,0.7910600573473756,0.0,8272.5,5.29919804999372
8,1,crossed,oriented,nearest,False,0.057261922966257844,0.05828596932154753,0.8417699029506143,0.8446918941759709,0.0,7267.5,3.7227462500159163
8,1,crossed,uniform,crossed,True,0.09371091463679791,0.09518300215519532,0.5968272609574949,0.5985737648020609,0.0,7882.5,4.359361499984516
8,1,crossed,uniform,mirror,False,0.06184566604600137,0.06342732460267567,0.8109664681034023,0.8103969753963778,0.0,10582.5,6.726063049980439
8,1,crossed,uniform,nearest,False,0.0647292977148015,0.06588776347532534,0.7915880346511042,0.7939848531667779,0.0,11115.0,9.205564400006551
8,1,mirror,oriented,crossed,False,0.06223198532980545,0.06279221669023055,0.8083703450917377,0.8146334019964868,0.0,14437.5,9.536241599998903
8,1,mirror,oriented,mirror,True,0.06324235368396999,0.06431403486975534,0.8015805195653616,0.8044822593482279,0.0,11332.5,6.233039199985797
8,1,mirror,oriented,nearest,False,0.052464503810256066,0.05379787383325149,0.8740092727922018,0.8746293059730403,0.0,10590.0,9.508508700033417
8,1,mirror,uniform,crossed,False,0.05316526176239291,0.054667966576976264,0.8693000751895472,0.8688254355254399,0.0,12330.0,12.485058799997205
8,1,mirror,uniform,mirror,True,0.0614096299443699,0.06268756324500965,0.8138966955210326,0.8153314827957323,0.0,8617.5,7.682887250004569
8,1,mirror,uniform,nearest,False,0.044363920992856645,0.04502874136414061,0.928446393437753,0.9331229655922335,0.0,12172.5,7.6643723500019405
8,1,nearest,oriented,crossed,False,0.05782310929038765,0.0588693254674941,0.8379986474348176,0.8408006727857182,0.0,10455.0,5.4521452500193845
8,1,nearest,oriented,mirror,False,0.05956852823800336,0.06032598100835121,0.8262691726587185,0.8310841912877547,0.0,10747.5,5.758717050019186
8,1,nearest,oriented,nearest,True,0.06617939192150978,0.066722542847207,0.7818431860325037,0.7884165371893457,0.0,9120.0,5.0877853500132915
8,1,nearest,uniform,crossed,False,0.05642154277685442,0.05745464241366406,0.8474173827418737,0.8502371808224323,0.0,10575.0,5.98886000001221
8,1,nearest,uniform,mirror,False,0.054536862608945684,0.055957551642646666,0.8600827136188516,0.8602233816567102,0.0,12945.0,7.264239499985706
8,1,nearest,uniform,nearest,True,0.0630777301089535,0.06331779929553974,0.8026868144599741,0.8111275534846738,0.0,8722.5,4.613390599988634
8,2,crossed,oriented,crossed,True,0.048932356846775396,0.05052542336495734,0.8977458254234288,0.8964578739057671,0.0,7959.0,6.338445250003133
8,2,crossed,oriented,mirror,False,0.05517425991711369,0.05685222736296062,0.8557993089619222,0.8542555328144281,0.0,13660.5,10.94402964998153
8,2,crossed,oriented,nearest,False,0.05488496431235816,0.05654182335267163,0.857743418428278,0.8563260530838199,0.0,10878.0,9.25873820000561
8,2,crossed,uniform,crossed,True,0.05156352258251848,0.053294338463322335,0.8800640005691192,0.8779880905094367,0.0,13293.0,9.787604850018397
8,2,crossed,uniform,mirror,False,0.05434839781979525,0.05616627805636749,0.8613492250163259,0.8588310920726803,0.0,13839.0,10.302366950025316
8,2,crossed,uniform,nearest,False,0.05839408546568725,0.059863528070205854,0.8341616026639453,0.8341689393912934,0.0,14427.0,11.678585550020216
8,2,mirror,oriented,crossed,False,0.05225927276260331,0.05337247870809808,0.8753884559390354,0.8774668634785334,0.0,15015.0,11.283089299977291
8,2,mirror,oriented,mirror,True,0.037414049072747896,0.038607735713764454,0.9751505658058774,0.9759536697980397,0.0,9103.5,9.718604800000321
8,2,mirror,oriented,nearest,False,0.04506213844980435,0.04574124320025989,0.9237542683404018,0.928370290224765,0.0,12799.5,12.103455050004413
8,2,mirror,uniform,crossed,False,0.04792753980394004,0.04897231883174752,0.9044983453124971,0.9068177091846397,0.0,15015.0,11.642455649998737
8,2,mirror,uniform,mirror,True,0.03741383160412923,0.038607266951675566,0.9751520272273205,0.97595679663073,0.0,15015.0,10.305438050010707
8,2,mirror,uniform,nearest,False,0.04385144458086378,0.04448872168134455,0.931890311103496,0.9367251152489304,0.0,15015.0,9.415530350001063
8,2,nearest,oriented,crossed,False,0.043125685007702114,0.04382922696718469,0.9367675233158079,0.9411242116779794,0.0,15015.0,9.651571049995255
8,2,nearest,oriented,mirror,False,0.040419413866050025,0.04155238054621008,0.9549540676618828,0.9563116980140333,0.0,15015.0,10.054801999998745
8,2,nearest,oriented,nearest,True,0.03729633795345356,0.03833120136835809,0.9759416020247265,0.977798265706494,0.0,8641.5,5.842963150003925
8,2,nearest,uniform,crossed,False,0.05389979988204931,0.055250559916745906,0.8643638698399019,0.8649393023608499,0.0,15015.0,10.792193399975076
8,2,nearest,uniform,mirror,False,0.0408855452301294,0.04181651740473624,0.951821595607087,0.9545497983563492,0.0,15015.0,9.425773499999195
8,2,nearest,uniform,nearest,True,0.03729634802653341,0.03833124655186111,0.9759415343321325,0.9777979643142578,0.0,9376.5,5.8856335999735165
8,3,crossed,oriented,crossed,True,0.04707638033378733,0.048415456689712116,0.9102182634726798,0.9105322048551945,0.0,2754.0,2.416461499989964
8,3,crossed,oriented,mirror,False,0.05434383179894656,0.05616305483282433,0.8613799093551462,0.858852592277116,0.0,15012.0,13.96666139998706
8,3,crossed,oriented,nearest,False,0.054882100926844396,0.05653637731401799,0.8577626608045589,0.8563623803639017,0.0,13122.0,11.612199149967637
8,3,crossed,uniform,crossed,True,0.050954290850255296,0.052774645479190335,0.884158128369291,0.8814546528663607,0.0,12069.0,10.155913850030629
8,3,crossed,uniform,mirror,False,0.05478985073304147,0.056542205785314964,0.8583825958194616,0.8563235021034413,0.0,15012.0,12.603991099982522
8,3,crossed,uniform,nearest,False,0.05489229780475425,0.05654435233969839,0.8576941362692879,0.856309183717683,0.0,15012.0,12.619259949977277
8,3,mirror,oriented,crossed,False,0.04397798715874843,0.04446115783969817,0.9310399261701662,0.9369089772189416,0.0,15012.0,20.68285755001125
8,3,mirror,oriented,mirror,True,0.03741410631459864,0.038607697864944196,0.9751501811321317,0.975953922264976,0.0,11569.5,22.38059245000477
8,3,mirror,oriented,nearest,False,0.04620564588561299,0.04730578518047047,0.916069728394894,0.9179341625493378,0.0,15012.0,25.717396599968197
8,3,mirror,uniform,crossed,False,0.05269329353156533,0.053786439406505904,0.8724717718565133,0.8747055782232718,0.0,15012.0,28.135597249987768
8,3,mirror,uniform,mirror,True,0.03741394708476345,0.03860759894145414,0.975151251180293,0.9759545821246574,0.0,15012.0,26.57593559997622
8,3,mirror,uniform,nearest,False,0.04290725386844128,0.04356232763120114,0.9382354130403777,0.9429045381773913,0.0,15012.0,24.914010399981635
8,3,nearest,oriented,crossed,False,0.040791062018536856,0.04180384854582234,0.9524565368334634,0.9546343047683213,0.0,15012.0,18.567914850020315
8,3,nearest,oriented,mirror,False,0.03939303091882339,0.04041174979032155,0.9618515136341286,0.9639201664025705,0.0,15012.0,24.185017549985787
8,3,nearest,oriented,nearest,True,0.037296136423876566,0.03833108353655368,0.9759429563334401,0.9777990516922781,0.0,7114.5,11.33551284999703
8,3,nearest,uniform,crossed,False,0.04646476535158245,0.047548695432190605,0.9143284070667184,0.9163138529426371,0.0,15012.0,27.645043600001372
8,3,nearest,uniform,mirror,False,0.04145762152540147,0.042243949597595025,0.9479771578664722,0.9516986527855147,0.0,15012.0,23.354111049993662
8,3,nearest,uniform,nearest,True,0.03729642141990809,0.03833127318049777,0.9759410411177449,0.977797786690483,0.0,9963.0,15.004215600027237
16,1,crossed,oriented,crossed,True,0.16234364689273406,0.16433601960952404,0.8017631209133278,0.8073556181643644,0.0,1125.0,0.5027738999633584
16,1,crossed,oriented,mirror,False,0.1600079724435171,0.1619463156985912,0.8942435415760982,0.9010914970887907,0.0,10507.5,4.983506199991098
16,1,crossed,oriented,nearest,False,0.15991114801314427,0.16185006681398567,0.8980772796444823,0.9048668492371139,0.0,10095.0,4.91050970001379
16,1,crossed,uniform,crossed,True,0.16234365368817405,0.1643360293845708,0.8017628518496531,0.8073552347392066,0.0,1485.0,0.626126099989051
16,1,crossed,uniform,mirror,False,0.15938087825514857,0.16140716207385372,0.919073172415681,0.9222397400400819,0.0,11100.0,6.742889599991031
16,1,crossed,uniform,nearest,False,0.15990633113368194,0.16188674118849947,0.8982680027305296,0.9034283008406669,0.0,8737.5,6.951885850023245
16,1,mirror,oriented,crossed,False,0.15831670092317396,0.16044944202587527,0.9612089963331749,0.959806205931566,0.0,5535.0,2.6880575999966823
16,1,mirror,oriented,mirror,True,0.16267847642935707,0.16451899924718358,0.7885056327357277,0.8001782615542747,0.0,5302.5,2.434972699993523
16,1,mirror,oriented,nearest,False,0.15985169513516861,0.161834603208531,0.9004313008423601,0.905473407498162,0.0,9817.5,6.345901700027753
16,1,mirror,uniform,crossed,False,0.15965926308259173,0.16161869390334693,0.9080505977770326,0.9139424267757372,0.0,5505.0,2.3972909500007518
16,1,mirror,uniform,mirror,True,0.16287318789361588,0.16457111416672743,0.78079608308999,0.7981340594394564,0.0,5287.5,2.5048193500260822
16,1,mirror,uniform,nearest,False,0.15964778654234488,0.16158153972548783,0.9085050083949757,0.9153997954068072,0.0,10567.5,5.120199000026332
16,1,nearest,oriented,crossed,False,0.1580892042413451,0.16020786370185297,0.9702166681180737,0.9692820897126997,0.0,3037.5,1.271025699999882
16,1,nearest,oriented,mirror,False,0.15977811474497572,0.16172651952039963,0.9033446972019656,0.9097129785421034,0.0,12712.5,6.101730149996001
16,1,nearest,oriented,nearest,True,0.16279074537233756,0.16463439809966823,0.7840603732186391,0.7956517539752257,0.0,6585.0,3.138580600003479
16,1,nearest,uniform,crossed,False,0.1611938182450725,0.16312363480936415,0.8472902863372145,0.8549112815742465,0.0,6270.0,3.068726750003407
16,1,nearest,uniform,mirror,False,0.15903693324500404,0.16113508667084844,0.9326915853900106,0.9329118684647546,0.0,11407.5,7.619292749994202
16,1,nearest,uniform,nearest,True,0.1624392867229757,0.16444478169693036,0.7979762867781901,0.8030894369818145,0.0,4417.5,2.4724255000182893
16,2,crossed,oriented,crossed,True,0.1579068620892894,0.16001465419671368,0.9774364580730981,0.9768607117745911,0.0,4977.0,7.423919549997663
16,2,crossed,oriented,mirror,False,0.1586229706929787,0.1607374314863419,0.9490823246742339,0.9485098503143242,0.0,15015.0,22.036264800000936
16,2,crossed,oriented,nearest,False,0.15873972301887765,0.16084466699438094,0.9444595467797756,0.9443035490432924,0.0,12820.5,19.07307104996289
16,2,crossed,uniform,crossed,True,0.15790730942545222,0.16001463111108316,0.9774187459143985,0.9768616173059668,0.0,4284.0,6.195239749999018
16,2,crossed,uniform,mirror,False,0.15874009708189235,0.1608453980197595,0.9444447358522663,0.9442748746514305,0.0,15015.0,20.46865335002076
16,2,crossed,uniform,nearest,False,0.1587394832944053,0.16084435201338299,0.9444690386077373,0.9443159041390647,0.0,14868.0,13.346802049985854
16,2,mirror,oriented,crossed,False,0.1579437445044908,0.1600764903216993,0.9759761084622915,0.9744351964217101,0.0,7812.0,10.097716799995396
16,2,mirror,oriented,mirror,True,0.15821157098271918,0.1602922872472983,0.9653715889071404,0.965970585221273,0.0,15015.0,14.441468849981902
16,2,mirror,oriented,nearest,False,0.1581280312048546,0.16025785339414778,0.9686793246241536,0.9673212494081849,0.0,14731.5,12.202862650010502
16,2,mirror,uniform,crossed,False,0.1579439686645786,0.16007672624235167,0.9759672329020778,0.9744259424594914,0.0,9786.0,10.041077199974097
16,2,mirror,uniform,mirror,True,0.15800829616511178,0.16008783584669561,0.973420202295356,0.9739901694237947,0.0,15015.0,13.636884099978488
16,2,mirror,uniform,nearest,False,0.1589368151637326,0.16102753641882325,0.9366557347067259,0.9371305155347965,0.0,15015.0,13.49260269998922
16,2,nearest,oriented,crossed,False,0.15792223178351097,0.16003090545676546,0.9768278990388777,0.976223257846674,0.0,11004.0,9.023633450007765
16,2,nearest,oriented,mirror,False,0.1586803959596844,0.16078779720573316,0.9468085862157798,0.9465342603873876,0.0,15015.0,11.88110789997154
16,2,nearest,oriented,nearest,True,0.15803445176583203,0.16014800706593008,0.9723845781063305,0.9716299598199636,0.0,11613.0,11.221179900021525
16,2,nearest,uniform,crossed,False,0.1596602109262445,0.16161909049505163,0.9080130681548038,0.91392687050877,0.0,15015.0,13.492544250009814
16,2,nearest,uniform,mirror,False,0.15867631318642056,0.16078358345781224,0.9469702425583567,0.9466995441964503,0.0,15015.0,11.929464149987325
16,2,nearest,uniform,nearest,True,0.15803493983940248,0.1601484250010531,0.9723652529606008,0.9716135663597065,0.0,12631.5,11.221943249984179
16,3,crossed,oriented,crossed,True,0.157906847376312,0.1600146333317925,0.9774370406296014,0.9768615301988806,0.0,3307.5,10.99205194998649
16,3,crossed,oriented,mirror,False,0.15874151944498144,0.16084624769965325,0.9443884177567112,0.9442415460489704,0.0,15012.0,23.372067499993136
16,3,crossed,oriented,nearest,False,0.15874175843400795,0.16084684315320086,0.9443789550485358,0.9442181894475988,0.0,15012.0,20.054632949992083
16,3,crossed,uniform,crossed,True,0.15855709400673362,0.16051843089748327,0.951690694885184,0.9571001248616078,0.0,6547.5,13.053324999986216
16,3,crossed,uniform,mirror,False,0.15874182061223113,0.16084697862066744,0.9443764931180052,0.9442128757507895,0.0,15012.0,21.596222249994753
16,3,crossed,uniform,nearest,False,0.15856311343649684,0.1606829455994802,0.9514523571336024,0.9506470533672183,0.0,6210.0,9.3112677000463
16,3,mirror,oriented,crossed,False,0.1579428102650999,0.16007544194716383,0.9760130994273208,0.9744763188001255,0.0,12582.0,21.790707050007768
16,3,mirror,oriented,mirror,True,0.15839232541959453,0.1603705568120637,0.9582146641205975,0.9629004699602347,0.0,15012.0,24.432932549971156
16,3,mirror,oriented,nearest,False,0.15893857606447814,0.16102935342700256,0.9365860123009564,0.9370592435843592,0.0,15012.0,23.585359899996547
16,3,mirror,uniform,crossed,False,0.15794255450173184,0.16007515942273187,0.9760232263111748,0.9744874007905862,0.0,7992.0,16.10086589999264
16,3,mirror,uniform,mirror,True,0.15801139643803236,0.1600883788179755,0.97329744779763,0.9739688714337309,0.0,15012.0,18.777299649984343
16,3,mirror,uniform,nearest,False,0.1592749874667802,0.16131670086621813,0.923265890564352,0.9257880711816494,0.0,15012.0,19.47413004998816
16,3,nearest,oriented,crossed,False,0.15792223706641806,0.1600309006054103,0.97682768986355,0.9762234481405581,0.0,9436.5,27.351289999991423
16,3,nearest,oriented,mirror,False,0.15931281401693448,0.16128133314185752,0.9217681581763211,0.9271753663663499,0.0,15012.0,28.64642425000784
16,3,nearest,oriented,nearest,True,0.15796332984341324,0.16001865485516223,0.9752006320755987,0.9767037863771666,0.0,7560.0,13.732738599966979
16,3,nearest,uniform,crossed,False,0.15792225418170047,0.16003092521744358,0.9768270121884066,0.9762224827362003,0.0,12541.5,18.657512050005607
16,3,nearest,uniform,mirror,False,0.15867529445567669,0.16078250096068747,0.9470105789364711,0.9467420050297608,0.0,15012.0,13.220407949993387
16,3,nearest,uniform,nearest,True,0.1580361151646758,0.16014873101988003,0.9723187162629334,0.9716015628041285,0.0,14917.5,11.611146300041582
