case,kind,expected,v1.3,v1.4,changed,v1.3_correct,v1.4_correct
triangle_plateau,diagnosed,optimiser,optimiser,optimiser,False,True,True
prior_sawtooth,theorem,prior,prior,prior,False,True,True
prior_double_sawtooth,theorem,prior,prior,prior,False,True,True
readout_sawtooth_300,construction,readout,readout,readout,False,True,True
readout_sawtooth_1500,construction,readout,readout,readout,False,True,True
readout_sawtooth_3000,construction,readout,readout,readout,False,True,True
readout_sawtooth_15000,construction,none,none,none,False,True,True
readout_double_sawtooth_300,construction,none,none,none,False,True,True
readout_double_sawtooth_1500,construction,none,none,none,False,True,True
readout_double_sawtooth_3000,construction,none,none,none,False,True,True
readout_double_sawtooth_15000,construction,none,none,none,False,True,True
compound_triangle_300,compound,compound,optimiser,optimiser,False,,
compound_triangle_1500,compound,compound,optimiser,optimiser,False,,
compound_triangle_3000,compound,compound,optimiser,optimiser,False,,
compound_triangle_15000,compound,compound,optimiser,optimiser,False,,
generic_sawtooth,diagnosed,optimiser,optimiser,optimiser,False,True,True
generic_double_sawtooth,diagnosed,optimiser,optimiser,optimiser,False,True,True
representation_limit,construction,reachability,reachability,reachability,False,True,True
constructed_optimiser_absolute,construction,optimiser,optimiser,optimiser,False,True,True
constructed_optimiser_relative,construction,optimiser,reachability,undetermined,True,False,False
constructed_reachability_near,compound,reachability,optimiser,optimiser,False,,
constructed_reachability_near_second_pass,construction,reachability,reachability,undetermined,True,True,False
