n_layers,kind,nominal_params,effective_circuit_params,sector_bound,rank_rtol,median_rank,max_rank,min_rank,median_rank_rtol_1e6,min_relative_sigma_bound,median_relative_sigma_bound,median_relative_sigma_next,median_bound_singular_gap
1,generic,16,12,16,1e-08,16.0,16,16,16.0,1.6394047734701002e-08,0.0001656185305282852,0.0,4.214955333987134e+303
1,equivariant,16,8,8,1e-08,8.0,8,8,8.0,4.894265709584953e-05,0.023160668967738704,4.558680950543484e-17,505322887041778.1
1,sector_mixed,16,10,16,1e-08,14.0,14,14,14.0,2.4300802247804185e-20,4.240168727904013e-18,0.0,1.3362393192587459e+290
2,generic,23,19,16,1e-08,16.0,16,16,16.0,0.00043938220250062043,0.005800291805439876,0.0,1.980453756499254e+305
2,equivariant,23,13,8,1e-08,8.0,8,8,8.0,0.002309005484982565,0.07290206056077174,5.404708915379732e-17,1299662912160327.5
2,sector_mixed,23,15,16,1e-08,16.0,16,16,16.0,1.1810012965546573e-05,0.001238711330141412,0.0,3.0594403053016714e+304
3,generic,30,26,16,1e-08,16.0,16,16,16.0,0.0014174868373412245,0.012113920650902055,0.0,4.672935323361705e+305
3,equivariant,30,18,8,1e-08,8.0,8,8,8.0,0.012021571183537744,0.09736098184444815,4.549064912438203e-17,2187832998877878.0
3,sector_mixed,30,20,16,1e-08,16.0,16,16,16.0,9.571773611071122e-07,0.002217341864971128,0.0,8.652713063329179e+304
