target,n_layers,method,init,median_train_rmse,median_nested_rmse,median_shifted_rmse,median_nested_recovery,median_even_energy,median_boundary_margin,median_train_objective,median_nfev,median_seconds,optimizer_success_rate
double_sawtooth,1,analytic_truncation,n/a,0.009931941559990099,0.010006197850390386,0.010076251744793435,0.9161671874635403,0.03869005256141791,,9.864385005158419e-05,,,
double_sawtooth,1,equivariant,random,0.11754705077196273,0.1177997606812762,0.11804540249985723,0.006482557906530437,0.0,0.28404127100446175,0.013817310099314122,4887.5,2.330735650000861,1.0
double_sawtooth,1,generic,random,0.00048680069737978707,0.0005290001163842021,0.0005610772534710944,0.9961465562076981,0.02730904675799624,0.25342432210250654,2.3724783638747673e-07,9494.5,5.5988292999973055,1.0
double_sawtooth,1,ols_even,n/a,6.820718558131539e-05,7.847941766820446e-05,8.601168604862489e-05,0.9999485620432618,0.029582157354395854,,4.948041738467956e-09,,,
double_sawtooth,1,ols_full,n/a,6.261918797809368e-05,7.237781801870581e-05,7.952133113509877e-05,1.00000005427778,0.029648057650101266,,4.217807701456642e-09,,,
double_sawtooth,1,ols_odd,n/a,0.11754689798834504,0.1177997608065209,0.11804540279184374,0.006482556849573419,0.0,,0.013817274330633173,,,
double_sawtooth,1,ridge_even,n/a,6.820719143901841e-05,7.848545747096358e-05,8.602166521275967e-05,0.9999485110725396,0.02958199753866538,,4.94804093938556e-09,,,
double_sawtooth,1,ridge_full,n/a,6.261919738859865e-05,7.238424969305327e-05,7.953193077355352e-05,1.0,0.02964785089894539,,4.217806522756353e-09,,,
double_sawtooth,1,ridge_odd,n/a,0.11754689798940224,0.11779975949990228,0.11804540043903347,0.00648256787630677,0.0,,0.013817274330384582,,,
double_sawtooth,1,sector_mixed,random,0.0007407601949567141,0.0007960168750639245,0.0008391289496537753,0.9938931652367905,0.02685906532681686,0.186842379528117,5.663550909983342e-07,6162.5,2.494559350016061,1.0
double_sawtooth,1,spherical_full,random,6.267347993193698e-05,7.269488843714119e-05,7.996709620917435e-05,0.9999973784771241,0.029646762913814725,,4.224526475919221e-09,2007.0,,
double_sawtooth,1,spherical_odd,random,0.11754689798973342,0.11779975944465605,0.11804540033371738,0.006482568342537218,0.0,,0.013817274330415123,1000.0,,
double_sawtooth,1,spherical_sector,random,0.0001518898018210171,0.00015780114024956522,0.00016251554485488637,0.9992791551702793,0.02955873060752434,,2.336588012053887e-08,1349.0,,
double_sawtooth,1,zero,n/a,0.11834645469858371,0.11856791481986238,0.11878397420043624,0.0,0.0,,0.014005883339723926,,,
double_sawtooth,2,analytic_truncation,n/a,0.009931941559990099,0.010006197850390386,0.010076251744793435,0.9161671874635403,0.03869005256141791,,9.864385005158419e-05,,,
double_sawtooth,2,equivariant,random,0.11754689799306675,0.1177997595123347,0.11804540045760187,0.006482567771387791,0.0,0.38549043273409633,0.013817274330843229,6264.0,2.555102500016801,1.0
double_sawtooth,2,generic,random,0.00028489638715555727,0.0002876287284297824,0.0002898752994368132,0.9981835223851817,0.02949523220059231,0.40540914073914913,8.149131242497053e-08,14028.0,10.259861800004728,1.0
double_sawtooth,2,ols_even,n/a,6.820718558131539e-05,7.847941766820446e-05,8.601168604862489e-05,0.9999485620432618,0.029582157354395854,,4.948041738467956e-09,,,
double_sawtooth,2,ols_full,n/a,6.261918797809368e-05,7.237781801870581e-05,7.952133113509877e-05,1.00000005427778,0.029648057650101266,,4.217807701456642e-09,,,
double_sawtooth,2,ols_odd,n/a,0.11754689798834504,0.1177997608065209,0.11804540279184374,0.006482556849573419,0.0,,0.013817274330633173,,,
double_sawtooth,2,ridge_even,n/a,6.820719143901841e-05,7.848545747096358e-05,8.602166521275967e-05,0.9999485110725396,0.02958199753866538,,4.94804093938556e-09,,,
double_sawtooth,2,ridge_full,n/a,6.261919738859865e-05,7.238424969305327e-05,7.953193077355352e-05,1.0,0.02964785089894539,,4.217806522756353e-09,,,
double_sawtooth,2,ridge_odd,n/a,0.11754689798940224,0.11779975949990228,0.11804540043903347,0.00648256787630677,0.0,,0.013817274330384582,,,
double_sawtooth,2,sector_mixed,random,0.0010979053988479897,0.0011926644074289295,0.001262908417467169,0.9905458024252444,0.0261975359183502,0.37165649580063714,1.314833457138993e-06,14544.0,7.151059850002639,1.0
double_sawtooth,2,spherical_full,random,6.267347993193698e-05,7.269488843714119e-05,7.996709620917435e-05,0.9999973784771241,0.029646762913814725,,4.224526475919221e-09,2007.0,,
double_sawtooth,2,spherical_odd,random,0.11754689798973342,0.11779975944465605,0.11804540033371738,0.006482568342537218,0.0,,0.013817274330415123,1000.0,,
double_sawtooth,2,spherical_sector,random,0.0001518898018210171,0.00015780114024956522,0.00016251554485488637,0.9992791551702793,0.02955873060752434,,2.336588012053887e-08,1349.0,,
double_sawtooth,2,zero,n/a,0.11834645469858371,0.11856791481986238,0.11878397420043624,0.0,0.0,,0.014005883339723926,,,
double_sawtooth,3,analytic_truncation,n/a,0.009931941559990099,0.010006197850390386,0.010076251744793435,0.9161671874635403,0.03869005256141791,,9.864385005158419e-05,,,
double_sawtooth,3,equivariant,random,0.11754689799157596,0.11779975915038707,0.11804539987288534,0.006482570825913508,0.0,0.374900682938837,0.013817274330839856,6680.5,8.36027939998894,1.0
double_sawtooth,3,generic,random,0.00010571987734487621,0.00011673995815494182,0.00012503379666268177,0.9996256761056854,0.02957295040086679,0.5718260226067136,1.1473733830577617e-08,16709.0,15.768359899986535,1.0
double_sawtooth,3,ols_even,n/a,6.820718558131539e-05,7.847941766820446e-05,8.601168604862489e-05,0.9999485620432618,0.029582157354395854,,4.948041738467956e-09,,,
double_sawtooth,3,ols_full,n/a,6.261918797809368e-05,7.237781801870581e-05,7.952133113509877e-05,1.00000005427778,0.029648057650101266,,4.217807701456642e-09,,,
double_sawtooth,3,ols_odd,n/a,0.11754689798834504,0.1177997608065209,0.11804540279184374,0.006482556849573419,0.0,,0.013817274330633173,,,
double_sawtooth,3,ridge_even,n/a,6.820719143901841e-05,7.848545747096358e-05,8.602166521275967e-05,0.9999485110725396,0.02958199753866538,,4.94804093938556e-09,,,
double_sawtooth,3,ridge_full,n/a,6.261919738859865e-05,7.238424969305327e-05,7.953193077355352e-05,1.0,0.02964785089894539,,4.217806522756353e-09,,,
double_sawtooth,3,ridge_odd,n/a,0.11754689798940224,0.11779975949990228,0.11804540043903347,0.00648256787630677,0.0,,0.013817274330384582,,,
double_sawtooth,3,sector_mixed,random,0.0007168928086642338,0.0007655907614679032,0.0008037277038007535,0.9941499353736016,0.02676519314485356,0.42679522861806307,5.255969178100217e-07,22769.5,15.623822949972237,1.0
double_sawtooth,3,spherical_full,random,6.267347993193698e-05,7.269488843714119e-05,7.996709620917435e-05,0.9999973784771241,0.029646762913814725,,4.224526475919221e-09,2007.0,,
double_sawtooth,3,spherical_odd,random,0.11754689798973342,0.11779975944465605,0.11804540033371738,0.006482568342537218,0.0,,0.013817274330415123,1000.0,,
double_sawtooth,3,spherical_sector,random,0.0001518898018210171,0.00015780114024956522,0.00016251554485488637,0.9992791551702793,0.02955873060752434,,2.336588012053887e-08,1349.0,,
double_sawtooth,3,zero,n/a,0.11834645469858371,0.11856791481986238,0.11878397420043624,0.0,0.0,,0.014005883339723926,,,
sawtooth,1,analytic_truncation,n/a,0.014416912376238909,0.014520667214818574,0.014622844542776242,0.9432925539752752,0.03869005256141791,,0.00020784896774281127,,,
sawtooth,1,equivariant,random,0.11934850266858046,0.11964682492533872,0.11992426738376868,0.530244603743962,0.0,0.45322215555859224,0.014244068560105495,7463.0,4.04827739999746,1.0
sawtooth,1,generic,random,0.002287221984104401,0.0024096083300014213,0.0025083005478579745,0.9908777426328823,0.025943292227430255,0.31049537652148645,5.268175570661057e-06,20944.0,10.065122099971632,0.95
sawtooth,1,ols_even,n/a,0.2265731332702895,0.22695474531514184,0.2273139644335825,0.1086243569292378,0.07779958553984076,,0.05133538549791222,,,
sawtooth,1,ols_full,n/a,7.377099839066828e-05,8.785943510548279e-05,9.799690967506744e-05,1.000000054746955,0.02972600930485628,,6.820545979703608e-09,,,
sawtooth,1,ols_odd,n/a,0.119291103100443,0.11960802373301604,0.11989891741461711,0.5303970563143255,0.0,,0.014230376367336171,,,
sawtooth,1,ridge_even,n/a,0.2265731332703019,0.22695474502553645,0.22731396391931716,0.10862435806711744,0.07779845974765917,,0.05133538549790659,,,
sawtooth,1,ridge_full,n/a,7.377137362602021e-05,8.787336892844491e-05,9.801928406820242e-05,1.0,0.02972643902879757,,6.8204905939546e-09,,,
sawtooth,1,ridge_odd,n/a,0.11929110310829752,0.11960801222001793,0.11989889669615329,0.530397101549692,0.0,,0.014230376365461796,,,
sawtooth,1,sector_mixed,random,0.002676443253606277,0.002849717072914441,0.0029863470292489282,0.9891485249186797,0.026143766179830094,0.2505021109324645,7.202586057238692e-06,12427.0,6.55440529997577,1.0
sawtooth,1,spherical_full,random,7.37841559112828e-05,8.790636857090266e-05,9.806063567208605e-05,0.9999998703421207,0.02972661138024977,,6.822197035371017e-09,4140.0,,
sawtooth,1,spherical_odd,random,0.11929110310884536,0.11960801186263124,0.119898896021077,0.5303971029538891,0.0,,0.014230376365520766,1190.0,,
sawtooth,1,spherical_sector,random,7.39139461343271e-05,8.814622259040433e-05,9.844891536609732e-05,0.999998927939076,0.02972651711695011,,6.841640695226376e-09,5386.5,,
sawtooth,1,zero,n/a,0.2542034230144025,0.25460107855890185,0.25499311094653787,0.0,0.0,,0.06461938027223926,,,
sawtooth,2,analytic_truncation,n/a,0.014416912376238909,0.014520667214818574,0.014622844542776242,0.9432925539752752,0.03869005256141791,,0.00020784896774281127,,,
sawtooth,2,equivariant,random,0.11930196774700015,0.11960892634431672,0.11989892056160997,0.5303935098920486,0.0,0.5501339965709071,0.014232964858278666,9468.0,5.7607800499827135,1.0
sawtooth,2,generic,random,0.00023515277926917287,0.00026337792268264976,0.0002852782376466603,0.9993104304602853,0.029395890453537576,0.30518005639688395,5.6771511417754684e-08,22080.0,11.75334880000446,1.0
sawtooth,2,ols_even,n/a,0.2265731332702895,0.22695474531514184,0.2273139644335825,0.1086243569292378,0.07779958553984076,,0.05133538549791222,,,
sawtooth,2,ols_full,n/a,7.377099839066828e-05,8.785943510548279e-05,9.799690967506744e-05,1.000000054746955,0.02972600930485628,,6.820545979703608e-09,,,
sawtooth,2,ols_odd,n/a,0.119291103100443,0.11960802373301604,0.11989891741461711,0.5303970563143255,0.0,,0.014230376367336171,,,
sawtooth,2,ridge_even,n/a,0.2265731332703019,0.22695474502553645,0.22731396391931716,0.10862435806711744,0.07779845974765917,,0.05133538549790659,,,
sawtooth,2,ridge_full,n/a,7.377137362602021e-05,8.787336892844491e-05,9.801928406820242e-05,1.0,0.02972643902879757,,6.8204905939546e-09,,,
sawtooth,2,ridge_odd,n/a,0.11929110310829752,0.11960801222001793,0.11989889669615329,0.530397101549692,0.0,,0.014230376365461796,,,
sawtooth,2,sector_mixed,random,0.0011355414311107447,0.0012030691048462798,0.0012564865694685715,0.9956183187623392,0.027049740002702986,0.4621790667542618,1.2933632292415803e-06,25212.0,19.459278649970656,1.0
sawtooth,2,spherical_full,random,7.37841559112828e-05,8.790636857090266e-05,9.806063567208605e-05,0.9999998703421207,0.02972661138024977,,6.822197035371017e-09,4140.0,,
sawtooth,2,spherical_odd,random,0.11929110310884536,0.11960801186263124,0.119898896021077,0.5303971029538891,0.0,,0.014230376365520766,1190.0,,
sawtooth,2,spherical_sector,random,7.39139461343271e-05,8.814622259040433e-05,9.844891536609732e-05,0.999998927939076,0.02972651711695011,,6.841640695226376e-09,5386.5,,
sawtooth,2,zero,n/a,0.2542034230144025,0.25460107855890185,0.25499311094653787,0.0,0.0,,0.06461938027223926,,,
sawtooth,3,analytic_truncation,n/a,0.014416912376238909,0.014520667214818574,0.014622844542776242,0.9432925539752752,0.03869005256141791,,0.00020784896774281127,,,
sawtooth,3,equivariant,random,0.11929110311247382,0.1196080127217117,0.11989889595576363,0.5303970995785025,0.0,0.5745791111288618,0.014230376366176347,10059.5,6.762071849982021,1.0
sawtooth,3,generic,random,0.00022846171019772393,0.00025748395844525223,0.0002788182690530999,0.9993335882537404,0.029061552934925503,0.4531437721943189,5.358664513487235e-08,33402.5,21.51588064999669,1.0
sawtooth,3,ols_even,n/a,0.2265731332702895,0.22695474531514184,0.2273139644335825,0.1086243569292378,0.07779958553984076,,0.05133538549791222,,,
sawtooth,3,ols_full,n/a,7.377099839066828e-05,8.785943510548279e-05,9.799690967506744e-05,1.000000054746955,0.02972600930485628,,6.820545979703608e-09,,,
sawtooth,3,ols_odd,n/a,0.119291103100443,0.11960802373301604,0.11989891741461711,0.5303970563143255,0.0,,0.014230376367336171,,,
sawtooth,3,ridge_even,n/a,0.2265731332703019,0.22695474502553645,0.22731396391931716,0.10862435806711744,0.07779845974765917,,0.05133538549790659,,,
sawtooth,3,ridge_full,n/a,7.377137362602021e-05,8.787336892844491e-05,9.801928406820242e-05,1.0,0.02972643902879757,,6.8204905939546e-09,,,
sawtooth,3,ridge_odd,n/a,0.11929110310829752,0.11960801222001793,0.11989889669615329,0.530397101549692,0.0,,0.014230376365461796,,,
sawtooth,3,sector_mixed,random,0.0017437310739662026,0.0018810435598807702,0.001988017719069382,0.9929545102007031,0.02626972571960673,0.43331006363933666,3.04628435788055e-06,39943.5,23.45704070001375,1.0
sawtooth,3,spherical_full,random,7.37841559112828e-05,8.790636857090266e-05,9.806063567208605e-05,0.9999998703421207,0.02972661138024977,,6.822197035371017e-09,4140.0,,
sawtooth,3,spherical_odd,random,0.11929110310884536,0.11960801186263124,0.119898896021077,0.5303971029538891,0.0,,0.014230376365520766,1190.0,,
sawtooth,3,spherical_sector,random,7.39139461343271e-05,8.814622259040433e-05,9.844891536609732e-05,0.999998927939076,0.02972651711695011,,6.841640695226376e-09,5386.5,,
sawtooth,3,zero,n/a,0.2542034230144025,0.25460107855890185,0.25499311094653787,0.0,0.0,,0.06461938027223926,,,
triangle,1,analytic_truncation,n/a,0.0003919148459943011,0.00039230833883597134,0.0003924560514316886,0.9967058660567926,0.0,,1.5401389659724167e-07,,,
triangle,1,equivariant,random,0.00018894171871713423,0.00020238172817152737,0.00021218524268293764,0.9983077276643311,0.0,0.09204798624593702,3.605428900233277e-08,5465.5,2.6174712000065483,1.0
triangle,1,generic,random,0.000251600825138463,0.00026597359352996896,0.00027690981323497306,0.9977713869835119,2.3507697972962854e-09,0.07183190293639707,6.382188858222586e-08,5287.0,2.8640921500336844,1.0
triangle,1,ols_even,n/a,0.11753369200531716,0.11778612630439966,0.11803132333771942,0.0065936890241612076,0.004104683636212964,,0.01381416879744759,,,
triangle,1,ols_full,n/a,1.3831246220405298e-06,1.6545990721022358e-06,1.8528746691463645e-06,1.000000682014282,1.4281033852372337e-09,,4.0771175735249287e-10,,,
triangle,1,ols_odd,n/a,1.8476110022881477e-06,2.158905850557928e-06,2.388695757376414e-06,0.9999964286362849,0.0,,4.0879977077427785e-10,,,
triangle,1,ridge_even,n/a,0.11753369200531862,0.11778612627213168,0.11803132328034129,0.006593689296312846,0.004104614971640801,,0.013814168797447245,,,
triangle,1,ridge_full,n/a,1.4071521847876198e-06,1.735462899783449e-06,1.9690950221376376e-06,1.0,1.0436437404080017e-09,,4.07644685092163e-10,,,
triangle,1,ridge_odd,n/a,1.8577224959762688e-06,2.2155646363175006e-06,2.4749389625373233e-06,0.9999959507699485,0.0,,4.087622958426298e-10,,,
triangle,1,sector_mixed,random,0.00016823862446320957,0.0001717860243746991,0.00017511036184228936,0.9985657751443355,3.243891253551606e-10,0.13541086027069,2.8757124859977878e-08,6307.0,2.997276949987281,1.0
triangle,1,spherical_full,random,1.8492636158194062e-06,2.1221237887444326e-06,2.334887750422374e-06,0.9999967388601787,1.0610188761081164e-09,,4.091740503711821e-10,3834.0,,
triangle,1,spherical_odd,random,1.922976704852532e-06,2.280986141685125e-06,2.5515155280705083e-06,0.9999953989978856,0.0,,4.090687614978935e-10,1115.0,,
triangle,1,spherical_sector,random,0.0001097618414879637,0.00011438244554538182,0.00011832290870544831,0.9990499231462417,1.1253517471925913e-07,,1.2460812483257553e-08,2584.0,,
triangle,1,zero,n/a,0.11834645469858371,0.1185679148198624,0.11878397420043624,0.0,0.0,,0.014005883339723926,,,
triangle,2,analytic_truncation,n/a,0.0003919148459943011,0.00039230833883597134,0.0003924560514316886,0.9967058660567926,0.0,,1.5401389659724167e-07,,,
triangle,2,equivariant,random,0.00012049099901729193,0.00013206373849457742,0.00014075793703472242,0.9989007972062385,0.0,0.2180374832259186,1.488052520794274e-08,7044.0,5.400156700023217,1.0
triangle,2,generic,random,9.633493708190416e-05,9.98619111846702e-05,0.00010264607074931317,0.9991723909059306,9.42979539197815e-08,0.21783420710284462,1.0133666454818686e-08,13296.0,11.992767500021728,1.0
triangle,2,ols_even,n/a,0.11753369200531716,0.11778612630439966,0.11803132333771942,0.0065936890241612076,0.004104683636212964,,0.01381416879744759,,,
triangle,2,ols_full,n/a,1.3831246220405298e-06,1.6545990721022358e-06,1.8528746691463645e-06,1.000000682014282,1.4281033852372337e-09,,4.0771175735249287e-10,,,
triangle,2,ols_odd,n/a,1.8476110022881477e-06,2.158905850557928e-06,2.388695757376414e-06,0.9999964286362849,0.0,,4.0879977077427785e-10,,,
triangle,2,ridge_even,n/a,0.11753369200531862,0.11778612627213168,0.11803132328034129,0.006593689296312846,0.004104614971640801,,0.013814168797447245,,,
triangle,2,ridge_full,n/a,1.4071521847876198e-06,1.735462899783449e-06,1.9690950221376376e-06,1.0,1.0436437404080017e-09,,4.07644685092163e-10,,,
triangle,2,ridge_odd,n/a,1.8577224959762688e-06,2.2155646363175006e-06,2.4749389625373233e-06,0.9999959507699485,0.0,,4.087622958426298e-10,,,
triangle,2,sector_mixed,random,4.325689299657063e-05,4.582500856512348e-05,4.77967245574141e-05,0.999628143995999,1.739781350706864e-11,0.19521007412304586,2.269017345106317e-09,7476.0,4.824761600000784,1.0
triangle,2,spherical_full,random,1.8492636158194062e-06,2.1221237887444326e-06,2.334887750422374e-06,0.9999967388601787,1.0610188761081164e-09,,4.091740503711821e-10,3834.0,,
triangle,2,spherical_odd,random,1.922976704852532e-06,2.280986141685125e-06,2.5515155280705083e-06,0.9999953989978856,0.0,,4.090687614978935e-10,1115.0,,
triangle,2,spherical_sector,random,0.0001097618414879637,0.00011438244554538182,0.00011832290870544831,0.9990499231462417,1.1253517471925913e-07,,1.2460812483257553e-08,2584.0,,
triangle,2,zero,n/a,0.11834645469858371,0.1185679148198624,0.11878397420043624,0.0,0.0,,0.014005883339723926,,,
triangle,3,analytic_truncation,n/a,0.0003919148459943011,0.00039230833883597134,0.0003924560514316886,0.9967058660567926,0.0,,1.5401389659724167e-07,,,
triangle,3,equivariant,random,4.351915892705477e-05,4.793549346496628e-05,5.1259406565183475e-05,0.9996103439377422,0.0,0.27154526295622383,2.317575528091268e-09,7781.0,4.684163199970499,1.0
triangle,3,generic,random,8.290908111364552e-05,8.804592314930768e-05,9.22492516287524e-05,0.9992720482289501,4.689940509142147e-08,0.4129711244776783,7.334061212054433e-09,14322.0,7.900704199972097,1.0
triangle,3,ols_even,n/a,0.11753369200531716,0.11778612630439966,0.11803132333771942,0.0065936890241612076,0.004104683636212964,,0.01381416879744759,,,
triangle,3,ols_full,n/a,1.3831246220405298e-06,1.6545990721022358e-06,1.8528746691463645e-06,1.000000682014282,1.4281033852372337e-09,,4.0771175735249287e-10,,,
triangle,3,ols_odd,n/a,1.8476110022881477e-06,2.158905850557928e-06,2.388695757376414e-06,0.9999964286362849,0.0,,4.0879977077427785e-10,,,
triangle,3,ridge_even,n/a,0.11753369200531862,0.11778612627213168,0.11803132328034129,0.006593689296312846,0.004104614971640801,,0.013814168797447245,,,
triangle,3,ridge_full,n/a,1.4071521847876198e-06,1.735462899783449e-06,1.9690950221376376e-06,1.0,1.0436437404080017e-09,,4.07644685092163e-10,,,
triangle,3,ridge_odd,n/a,1.8577224959762688e-06,2.2155646363175006e-06,2.4749389625373233e-06,0.9999959507699485,0.0,,4.087622958426298e-10,,,
triangle,3,sector_mixed,random,4.453810894846141e-05,4.5720306072502645e-05,4.617204880746676e-05,0.9996290270681633,6.569285469755449e-12,0.31066708601554643,2.389128798196545e-09,7688.0,6.437325450009666,1.0
triangle,3,spherical_full,random,1.8492636158194062e-06,2.1221237887444326e-06,2.334887750422374e-06,0.9999967388601787,1.0610188761081164e-09,,4.091740503711821e-10,3834.0,,
triangle,3,spherical_odd,random,1.922976704852532e-06,2.280986141685125e-06,2.5515155280705083e-06,0.9999953989978856,0.0,,4.090687614978935e-10,1115.0,,
triangle,3,spherical_sector,random,0.0001097618414879637,0.00011438244554538182,0.00011832290870544831,0.9990499231462417,1.1253517471925913e-07,,1.2460812483257553e-08,2584.0,,
triangle,3,zero,n/a,0.11834645469858371,0.1185679148198624,0.11878397420043624,0.0,0.0,,0.014005883339723926,,,
