target,n_layers,method,init,total_budget,total_state_preparations,median_nested_rmse,mean_degradation,median_degradation,mean_mse_degradation,rms_coefficient_noise,median_coefficient_noise,predicted_coefficient_noise,median_max_abs_even_x_z
double_sawtooth,1,equivariant,random,300,300,0.12233625296911527,0.03086220662869191,0.004493706452844144,0.011219839602135217,0.15407323514690646,0.04962126499845515,0.0940087290611759,1.3063945294843617
double_sawtooth,1,equivariant,random,1500,1500,0.11866226598088382,0.007693471100458566,0.0008138582418434695,0.002099697681683458,0.06968353448102788,0.021326187545148163,0.04204198173182985,1.3145341380123987
double_sawtooth,1,equivariant,random,3000,3000,0.11827139857189388,0.003827786976815623,0.00041414810090055487,0.0009720004963475198,0.04677550037263116,0.015507255894862678,0.02972817037709784,1.2909944487358056
double_sawtooth,1,equivariant,random,15000,15000,0.1178949351009562,0.0009117599783729588,7.887235201397419e-05,0.0002196215840292742,0.022282431814611498,0.0068994279164111185,0.013294841961977265,1.2932646029847616
double_sawtooth,1,generic,random,300,300,0.12111137800729092,0.5902251090452346,0.12076582437828086,1.9014983862896981,1.8673458731387784,0.16864607512477559,1.128581699621853,2.2
double_sawtooth,1,generic,random,1500,1500,0.05424980684292438,0.2590611855309621,0.053595891888020636,0.3695654579483227,0.8131794090026229,0.07742037652531243,0.5047170797033425,4.561578674099571
double_sawtooth,1,generic,random,3000,3000,0.03738887969532555,0.17293858843823387,0.036908698765620335,0.13537584946910328,0.5330947913522449,0.05596865288776632,0.35688886963890465,6.292932543735075
double_sawtooth,1,generic,random,15000,15000,0.01695635772421406,0.08563508535233894,0.016472610535820272,0.04195774991681604,0.28362613998424174,0.024416398471753108,0.1596055545851303,14.297699115591993
double_sawtooth,1,sector_mixed,random,300,300,0.11903971351757082,1.72214448063095,0.11860706108671132,23.61019102324181,6.569280741518006,0.16513925991621525,0.6615503997116144,2.4
double_sawtooth,1,sector_mixed,random,1500,1500,0.0514836884348704,0.864788663242274,0.05105103600401089,6.573799418882373,3.5105642475428356,0.07055554692115591,0.2958543328594654,5.00879226959953
double_sawtooth,1,sector_mixed,random,3000,3000,0.037234036580528714,0.5432652745327033,0.03666221956790119,2.2997863326875922,2.149250337484784,0.0495440828800722,0.20920060500835,6.988633628972118
double_sawtooth,1,sector_mixed,random,15000,15000,0.01699898375159643,0.24511230729483643,0.016319570038131823,0.4871276666437771,0.9614291544102452,0.02323221542402946,0.09355735474655072,16.20688742479567
double_sawtooth,2,equivariant,random,300,300,0.1255150844623583,0.09954228326593663,0.0077153198613828106,0.102651925949369,0.44668788923411457,0.06696199638501597,0.047196356633822094,1.4696938456699067
double_sawtooth,2,equivariant,random,1500,1500,0.11946781798694861,0.03752120062718908,0.0016680585668015432,0.024091218274917944,0.21563770770730573,0.030737466824322487,0.021106852344709867,1.387563812346421
double_sawtooth,2,equivariant,random,3000,3000,0.11857396278225751,0.02128284239186847,0.0007742036993657747,0.010515536090521591,0.1474861029696591,0.020885402556107477,0.014924798422447528,1.4459137825841024
double_sawtooth,2,equivariant,random,15000,15000,0.11795919412879298,0.005961871681404299,0.00015437930538743372,0.0018899676138400955,0.05870939171291094,0.009337594311514657,0.006674572764614859,1.4087346568226866
double_sawtooth,2,generic,random,300,300,0.08945175593697854,0.2485059939175826,0.0893481350104508,0.24788585560688592,0.6717391044856214,0.1353001808462131,0.11792735880010888,2.6
double_sawtooth,2,generic,random,1500,1500,0.04070812414722383,0.10581409506237618,0.040118033500343854,0.04079020261498589,0.2857553116181896,0.05586420777576487,0.052738718136810296,4.651021393199563
double_sawtooth,2,generic,random,3000,3000,0.028936685264972145,0.07474160893052696,0.02858202659025227,0.0193911676784568,0.18601071701528268,0.0466547468354819,0.037291905225624526,5.945082001116553
double_sawtooth,2,generic,random,15000,15000,0.013406017174269622,0.03427699736251419,0.012991720989005074,0.004510072724473966,0.09280936942407013,0.019462234877908144,0.016677447018995213,13.732013690642752
double_sawtooth,2,sector_mixed,random,300,300,0.245752055743562,0.5043127678361472,0.24507168013733377,1.0743286318344274,1.4463880304032812,0.33403870627191345,0.18440697958608201,1.7999999999999998
double_sawtooth,2,sector_mixed,random,1500,1500,0.11662625253018101,0.22533046992098837,0.11490304391442852,0.21428233279917866,0.6499284286193112,0.1517201902616488,0.08246930837597907,2.414953415699773
double_sawtooth,2,sector_mixed,random,3000,3000,0.07838635496897609,0.1596555550335691,0.0777458792590626,0.10897830540839576,0.47665852154166777,0.10740756453706254,0.05831460719241935,3.352014319778482
double_sawtooth,2,sector_mixed,random,15000,15000,0.033031526915789665,0.07457343321960148,0.032318305262496,0.02680392318007261,0.2243863443085272,0.04753298432918973,0.026079085152689564,6.25082394568908
double_sawtooth,3,equivariant,random,300,300,0.12409988078044745,0.10505966008795616,0.0063001216277213876,0.17250555868883682,0.628927214720699,0.06245513845525489,0.08764139265255662,1.3063945294843617
double_sawtooth,3,equivariant,random,1500,1500,0.11917191829001197,0.04292233687667627,0.0013652979371209378,0.03771709036095224,0.2752429780690097,0.029400506359036474,0.03919442232277344,1.387563812346421
double_sawtooth,3,equivariant,random,3000,3000,0.11852306780801913,0.02344783966311375,0.0007233080200072378,0.014880220605097015,0.1889006068240041,0.02024635708213407,0.027714641809122493,1.39427400463467
double_sawtooth,3,equivariant,random,15000,15000,0.11793505147423461,0.009093177457587557,0.00013436490823718478,0.0037578094718115195,0.09025664929978446,0.009008854106522536,0.012394364611451129,1.4087346568226866
double_sawtooth,3,generic,random,300,300,0.07003710526263271,0.11838524626134918,0.06993024412059376,0.04618575356283706,0.2864306386984851,0.09902310052299743,0.16605512709063344,3.2
double_sawtooth,3,generic,random,1500,1500,0.031847995574175475,0.049396064421407246,0.03172259945732074,0.00721681286354971,0.12151778634143875,0.0446992497567597,0.07426211043740465,7.334302966199311
double_sawtooth,3,generic,random,3000,3000,0.02170073402223546,0.03432186114637247,0.021519613619933556,0.003602173243665305,0.08415657236549422,0.03030446685531917,0.05251124187551312,10.08766573593713
double_sawtooth,3,generic,random,15000,15000,0.010026264168704616,0.01565089193311538,0.009803208996512207,0.0007373016247390009,0.03874644560159953,0.014406031340946838,0.023483741283316175,22.980970388562795
double_sawtooth,3,sector_mixed,random,300,300,0.19285132365039656,0.8050784808314567,0.19150410113583421,7.029968417278733,3.710343528404092,0.27134740563587784,0.26439455697228376,2.0
double_sawtooth,3,sector_mixed,random,1500,1500,0.08256430839249373,0.35814167677645015,0.0817259374452673,1.4632129039197186,1.6386219008259946,0.11994258609029612,0.1182408404541935,2.7727242920997393
double_sawtooth,3,sector_mixed,random,3000,3000,0.05890449504761683,0.24996875410425182,0.057609159926851505,0.6614489487911975,1.1942665006558482,0.08217860041443445,0.08360890009835688,3.383637096380166
double_sawtooth,3,sector_mixed,random,15000,15000,0.02623876336725285,0.10604185878773548,0.02505591300450479,0.1170060256308931,0.5013842743731309,0.036555247594102516,0.03739103682878297,7.749890321804561
sawtooth,1,equivariant,random,300,300,0.3596058425796692,0.943469363323152,0.23999784014203426,6.241974134559311,3.543693745976374,0.4570993481904623,0.5396660305835894,1.3063945294843617
sawtooth,1,equivariant,random,1500,1500,0.19212886745711177,0.3638139073556233,0.07252085818925377,0.9852542600599501,1.5214160592721049,0.21357501178886054,0.24134598590647727,1.3145341380123987
sawtooth,1,equivariant,random,3000,3000,0.16243631383006626,0.2606531772694844,0.04282831139243129,0.6244370726068892,1.0876667295019533,0.15072998354745315,0.170657383246623,1.2393546707863734
sawtooth,1,equivariant,random,15000,15000,0.128141122917081,0.09575350862930072,0.00840693192664587,0.11694604761287693,0.4782535526186152,0.06550456129938503,0.07632030196033655,1.3394526245199319
sawtooth,1,generic,random,300,300,0.6915726659756187,14.359854359068292,0.6896971276966544,3758.202361206039,81.20411309692608,1.0308108763593793,1.0346721909476153,1.7999999999999998
sawtooth,1,generic,random,1500,1500,0.32148267773745015,6.626021128478064,0.32006681037623813,744.8924126867017,36.427176696000615,0.45160571457502485,0.46271947067750213,3.0410524493997144
sawtooth,1,generic,random,3000,3000,0.22064262102902926,3.7487397599811305,0.21763183548471665,234.97459846517265,21.90524416536012,0.3222787520789667,0.3271920755031116,4.110960958218893
sawtooth,1,generic,random,15000,15000,0.09421856272126686,1.8872643944779817,0.09160577182084956,62.684466541057375,10.3704124568267,0.13759271630189074,0.14632474450484023,9.277240969167504
sawtooth,1,sector_mixed,random,300,300,1.146586603153882,3.548622720248358,1.141965407700786,38.951193539733076,8.432279993188407,1.6864562857067975,9.37504663577098,1.7999999999999998
sawtooth,1,sector_mixed,random,1500,1500,0.48491927244466493,1.6107404330183472,0.4813790171985014,7.8748725591019095,3.84021389821224,0.6644562068759965,4.192648313962924,2.3255106965997814
sawtooth,1,sector_mixed,random,3000,3000,0.35516029180803604,1.139244931150997,0.35184987663465606,4.001941926260593,2.7588354078970356,0.4887862655928521,2.964650053933529,2.846049894151541
sawtooth,1,sector_mixed,random,15000,15000,0.16318762008556245,0.4815270778851944,0.1600571575694537,0.7079531049278216,1.156185597684545,0.2474896032296311,1.3258318100187576,6.519524522539968
sawtooth,2,equivariant,random,300,300,0.5031667313826318,1.4493469887845227,0.3835587254358335,15.51752821222462,5.568326424104222,0.7129046160418718,0.2130273261597857,1.3063945294843617
sawtooth,2,equivariant,random,1500,1500,0.23569123358405342,0.5763098846060624,0.11597624078217227,2.783742780587474,2.5485117903227588,0.31465668570640193,0.09526871647166002,1.3145341380123987
sawtooth,2,equivariant,random,3000,3000,0.18415787268313383,0.4173251339367095,0.06449464013422157,1.6474872993812986,1.7942580281066947,0.20555528646798815,0.06736515545204934,1.2909944487358056
sawtooth,2,equivariant,random,15000,15000,0.1371263990819292,0.1684746765300349,0.01747638516401232,0.3486938470085576,0.8272101547102636,0.10178524451882637,0.030126613381124576,1.3163586137523466
sawtooth,2,generic,random,300,300,0.1393806657840575,0.734026276541237,0.1391588903149274,2.2501610756917017,2.1974309073483327,0.20678801492496218,0.16599654775944825,2.6
sawtooth,2,generic,random,1500,1500,0.06278370954711349,0.34435038199377344,0.06243311653589652,0.5300355640959558,0.9911539958110984,0.09007566578049611,0.07423591296408333,5.5454485841994785
sawtooth,2,generic,random,3000,3000,0.044860331947172906,0.2351405029941032,0.044713642316716914,0.2416288646835062,0.683114740779063,0.0627396083014141,0.05249271746447766,7.84244859721758
sawtooth,2,generic,random,15000,15000,0.020144976243097856,0.10485838969114965,0.019546155239603062,0.050233022687820095,0.32231952820228443,0.029605008390670123,0.023475456914852495,17.748380207782343
sawtooth,2,sector_mixed,random,300,300,0.3244889289043258,1.2726277712369545,0.32373236081284285,7.255102182911298,3.7465753942906934,0.48150452510909825,0.37630167505839296,1.7999999999999998
sawtooth,2,sector_mixed,random,1500,1500,0.14298763373482287,0.5422913440006676,0.1422736505682018,1.0362900813978198,1.4214855557983297,0.19943377795455647,0.1682872250955208,2.593838853899756
sawtooth,2,sector_mixed,random,3000,3000,0.10148207639200539,0.4142274737895773,0.10086284876717322,0.7405362468450277,1.2016944895271926,0.14519841299327377,0.11899703805210969,3.478505426185217
sawtooth,2,sector_mixed,random,15000,15000,0.04375059095730494,0.1768712236704366,0.04287428311108479,0.12185110356689734,0.4934805757214671,0.06147564149513199,0.053217093241129276,7.481189744953673
sawtooth,3,equivariant,random,300,300,0.28076875607068574,0.7573744003943806,0.1611607472708419,5.196742512653369,3.437966905505328,0.37342635019480414,0.415322193273276,1.3063945294843617
sawtooth,3,equivariant,random,1500,1500,0.16295472043913958,0.35006907686077615,0.04334670924819238,1.4820303287079188,1.6654478223340166,0.15616420512435142,0.18573773134467023,1.387563812346421
sawtooth,3,equivariant,random,3000,3000,0.1448457540828132,0.21709904508006697,0.025237741690969,0.6664149988979343,1.1813819978180242,0.10957606711125917,0.13133640935602148,1.39427400463467
sawtooth,3,equivariant,random,15000,15000,0.12527421415446177,0.08614660868227558,0.0056437332925279304,0.1363444464017162,0.5030413535895331,0.051420212109529344,0.05873542784816067,1.4087346568226866
sawtooth,3,generic,random,300,300,0.18362602138353717,1.5501303278515277,0.18350887690765383,16.448047847706807,5.64633065734264,0.25472965627890176,0.12438775795134627,3.2
sawtooth,3,generic,random,1500,1500,0.07553296497492723,0.6783802485769839,0.0754129891138295,3.5281404506273977,2.6060613867537237,0.10640786166760449,0.05562789646960005,6.7976466515993605
sawtooth,3,generic,random,3000,3000,0.05247072058760546,0.4726377289778144,0.05229809374574179,1.5762920342422264,1.777772664172405,0.07673994312926248,0.0393348628167974,9.644946863513557
sawtooth,3,generic,random,15000,15000,0.024618524759287434,0.21933119102436577,0.024313781456393475,0.35714057104886526,0.8452352962826125,0.03523209417443186,0.017591085428797566,21.340482656210007
sawtooth,3,sector_mixed,random,300,300,0.5982086822611449,1.0875406453013297,0.596425554329591,3.279522605416313,2.534227301528834,0.8858311309755809,0.6605976606509935,2.0
sawtooth,3,sector_mixed,random,1500,1500,0.26410198404036195,0.5257250637766613,0.26190688959646474,0.9217042104886007,1.3713243986100125,0.38604258838509975,0.29542825499859193,2.414953415699773
sawtooth,3,sector_mixed,random,3000,3000,0.18865277153752147,0.35563503092977716,0.1867507506561456,0.3785661955438095,0.9082034449496778,0.29054073241440825,0.2088993224636129,2.877672670753225
sawtooth,3,sector_mixed,random,15000,15000,0.08760698646323684,0.16892541892536264,0.08585902365170975,0.10701468491893636,0.4527040755469972,0.12854799668194572,0.09342261709645747,5.20430590953299
triangle,1,equivariant,random,300,300,0.032938856544332026,0.05353508557568309,0.03272298780992315,0.005479527746353786,0.11170065597379494,0.05173068106026482,0.08391099567836817,1.3063945294843617
triangle,1,equivariant,random,1500,1500,0.015575821255049072,0.024356561043484413,0.015343931391271876,0.001219598973720911,0.05050469494008673,0.023595991815475975,0.037526138079304466,1.387563812346421
triangle,1,equivariant,random,3000,3000,0.01049232470677056,0.017261737558182725,0.010285046690578526,0.0006450048399149329,0.03608088806004786,0.01626083161093391,0.026534986707618915,1.3426342266852378
triangle,1,equivariant,random,15000,15000,0.00490302161530922,0.007002916473015703,0.004351874378088958,0.0001017090960743045,0.015202432751612798,0.007111061969316248,0.011866806812057845,1.3163586137523466
triangle,1,generic,random,300,300,0.06953911575374823,0.5630462688772319,0.06930204237669321,4.903920926222329,3.2211608765891153,0.09806789085734183,0.11394038058510615,1.4000000000000001
triangle,1,generic,random,1500,1500,0.0312019319854817,0.259740408003666,0.03093684769795662,1.142739496921533,1.4893274717087783,0.04505255763702416,0.05095568727409893,1.3416407864998738
triangle,1,generic,random,3000,3000,0.02196964812849443,0.17848874290530348,0.021641568886566983,0.5387465025384796,1.0560163297623368,0.030844090177220625,0.036031112011536415,1.3914021704740869
triangle,1,generic,random,15000,15000,0.009556744834981458,0.06868508172473523,0.00902112985398151,0.07856054442103079,0.42398378682862176,0.014325079470667138,0.01611360315254092,1.4707821048680187
triangle,1,sector_mixed,random,300,300,0.08000743342265935,0.15181319765816526,0.07963453699171143,0.08754620072944497,0.4579755480172833,0.1160227822542515,0.10241783835282632,1.4000000000000001
triangle,1,sector_mixed,random,1500,1500,0.03499299410346152,0.06852861505295388,0.03466443412065258,0.020403565754028893,0.22713156750972902,0.051073045305790564,0.04580264973310095,1.3416407864998738
triangle,1,sector_mixed,random,3000,3000,0.025749145785941608,0.048297998576198126,0.02548496849813437,0.009474793486008628,0.13769304488710396,0.03655046467093989,0.03238736422258789,1.3914021704740869
triangle,1,sector_mixed,random,15000,15000,0.01142884374824759,0.02234027589952315,0.011074293345137407,0.002264483497074231,0.07149644583243088,0.016337016429296462,0.014484069602750232,1.3859292911256331
triangle,2,equivariant,random,300,300,0.04209513879991268,0.09083596108743625,0.041954485295927074,0.020237112364163104,0.202764897797916,0.06628290325993641,0.04235826733841356,1.3063945294843617
triangle,2,equivariant,random,1500,1500,0.01944062412740295,0.03955886531255694,0.01932848795294634,0.003655477832245493,0.08641365527106648,0.029855366446019403,0.01894319303556036,1.387563812346421
triangle,2,equivariant,random,3000,3000,0.014723118564874672,0.02898067109739773,0.014707900980612755,0.0019964941988857583,0.06292124595447755,0.022402405390551293,0.013394860252770511,1.3426342266852378
triangle,2,equivariant,random,15000,15000,0.006275047671273159,0.012297222445564101,0.006015549422096784,0.00037932151616373026,0.028013708683972433,0.00903038778537215,0.005990363614860977,1.4087346568226866
triangle,2,generic,random,300,300,0.0648591151822348,1.6482444492229187,0.06480067187744236,47.604768948282505,9.494304403983902,0.09530462488596166,0.08203395286205038,1.4000000000000001
triangle,2,generic,random,1500,1500,0.02900674857337332,0.6857851583598233,0.02883163174845013,8.562971647297328,4.41315910502233,0.04190932255397575,0.03668669901251162,1.4310835055998654
triangle,2,generic,random,3000,3000,0.020183377413665514,0.5072617470990892,0.019778636570113438,4.583206727041691,3.030388896623013,0.03045341103930059,0.025941413651096784,1.3914021704740869
triangle,2,generic,random,15000,15000,0.009376011350104414,0.2374313460514533,0.00922282970621456,1.0144585359674816,1.4166120462526486,0.013592147709595073,0.011601352871258684,1.4424978336205572
triangle,2,sector_mixed,random,300,300,0.07510407048208122,0.13703598283642932,0.0749844431154344,0.05494196353278833,0.33449360364508396,0.10573264085126871,0.12388803003729089,1.4000000000000001
triangle,2,sector_mixed,random,1500,1500,0.033290006040081796,0.06105468777350616,0.0332174309972264,0.010693256029192596,0.1460576962725326,0.049672222636200934,0.05540441135238365,1.4310835055998654
triangle,2,sector_mixed,random,3000,3000,0.02378312215549289,0.04499195820988988,0.023657570804027892,0.006320399849742375,0.11139621138934291,0.034707769140831665,0.03917683497491942,1.3597793938724032
triangle,2,sector_mixed,random,15000,15000,0.010540587397443816,0.020353268366268055,0.010453542455262012,0.0013539880810037204,0.050821456233485295,0.015146201802651207,0.017520413229442214,1.4707821048680187
triangle,3,equivariant,random,300,300,0.031180212231417342,0.04525165105080586,0.031125314799602954,0.004500374097189413,0.09524823038125099,0.04838040999663701,0.0460231273335151,1.3063945294843617
triangle,3,equivariant,random,1500,1500,0.014401124885516418,0.020094308622462944,0.014364834804975204,0.000849936795222874,0.041230340054315105,0.022165679450774963,0.02058216825097368,1.387563812346421
triangle,3,equivariant,random,3000,3000,0.010628848487853337,0.014554426518703766,0.010601624457802274,0.00042903959677130716,0.029891886514613265,0.016261620119845648,0.014553790741785953,1.3426342266852378
triangle,3,equivariant,random,15000,15000,0.0046262643039224624,0.006329795844557771,0.004610350010152695,7.88009287817965e-05,0.012376647652661447,0.007106824102640963,0.006508653085788095,1.3625466352875166
triangle,3,generic,random,300,300,0.058169029166017905,0.07080710716902623,0.05804700798201868,0.006822988341183851,0.11881342126192217,0.08946750681124108,0.08699243337904336,1.4000000000000001
triangle,3,generic,random,1500,1500,0.026130024082807467,0.030606588741343133,0.02601573095880502,0.0012776353687895536,0.051285087603306745,0.03839238002818168,0.038904198912732536,1.4310835055998654
triangle,3,generic,random,3000,3000,0.018634480752586287,0.022571683887290948,0.018584867307181924,0.0006932638701963074,0.03754822219599726,0.028112719752779326,0.02750942286782349,1.517893276880822
triangle,3,generic,random,15000,15000,0.008252088266707296,0.00967796653533487,0.008175751744889444,0.00012870158631197204,0.01636285624588456,0.012277515301201011,0.012302587910848107,1.4707821048680187
triangle,3,sector_mixed,random,300,300,0.07342671890665121,0.1079108369049348,0.0732991538751297,0.023322669229247237,0.21987356274124326,0.11052482633700601,0.106575856484667,1.4000000000000001
triangle,3,sector_mixed,random,1500,1500,0.03407431280486521,0.05010125104204307,0.034058595995656235,0.005170276470044189,0.10239892415625683,0.051294808429810886,0.04766217197199544,1.3416407864998738
triangle,3,sector_mixed,random,3000,3000,0.024534547853944176,0.03588731587354581,0.02447310229143814,0.0026149182219447134,0.07316810345161819,0.03669148081937661,0.03370224500747738,1.4546477236774544
triangle,3,sector_mixed,random,15000,15000,0.01071048696049007,0.01592321863185869,0.010695932653962802,0.0005332108621984696,0.03260138927534264,0.01573898118954908,0.015072102166214463,1.3293607486307095
