target,n_layers,method,ceiling,rmse_p0,rmse_matched,gap_p0,gap_matched,gap_ratio,margin_p0,margin_matched,nfev_p0,nfev_matched,improved
double_sawtooth,1,generic,ridge_full,0.0005290001163842021,0.00045647453981709354,0.00045661586669114887,0.00038409029012404026,1.1888242906210589,0.25342432210250654,0.1606696643749299,9494.5,10506.0,True
double_sawtooth,1,equivariant,ridge_odd,0.1177997606812762,0.11781627528208903,1.1813739292376724e-09,1.6515782186754535e-05,7.153000178127322e-05,0.28404127100446175,0.09238346214374238,4887.5,7259.0,False
double_sawtooth,1,sector_mixed,ridge_full,0.0007960168750639245,0.0005140815408211793,0.0007236326253708713,0.000441697291128126,1.6382998943069416,0.186842379528117,0.15546398295592728,6162.5,8712.5,True
double_sawtooth,2,generic,ridge_full,0.0002876287284297824,0.00022121780195654935,0.00021524447873672915,0.00014883355226349607,1.4462093759319716,0.40540914073914913,0.13042204583881772,14028.0,12024.0,True
double_sawtooth,2,equivariant,ridge_odd,0.1177997595123347,0.11779976070421705,1.2432430085418389e-11,1.2043147729068338e-09,0.010323239708677198,0.38549043273409633,0.3568092340434477,6264.0,9948.0,False
double_sawtooth,2,sector_mixed,ridge_full,0.0011926644074289295,0.0005870336637116285,0.0011202801577358762,0.0005146494140185752,2.1767831211315474,0.37165649580063714,0.16103687282951756,14544.0,16092.0,True
double_sawtooth,3,generic,ridge_full,0.00011673995815494182,0.00014284925183453794,4.435570846188855e-05,7.046500214148467e-05,0.6294714697209259,0.5718260226067136,0.20935523060827588,16709.0,24288.5,False
double_sawtooth,3,equivariant,ridge_odd,0.11779975915038707,0.11781013259790474,-3.4951520844206385e-10,1.0373098002461334e-05,-3.369438988806726e-05,0.374900682938837,0.4537494000927147,6680.5,14430.5,False
double_sawtooth,3,sector_mixed,ridge_full,0.0007655907614679032,0.00020990330625012145,0.00069320651177485,0.00013751905655706817,5.040803283050306,0.42679522861806307,0.16431164816349825,22769.5,13888.0,True
sawtooth,1,generic,ridge_full,0.0024096083300014213,0.0012161311210420176,0.002321734961072976,0.0011282577521135727,2.057805458658409,0.31049537652148645,0.19287102573481335,20944.0,18555.5,True
sawtooth,1,equivariant,ridge_odd,0.11964682492533872,0.11983075215140321,3.8812705320787066e-05,0.00022273993138527404,0.1742512223982533,0.45322215555859224,0.03607079227006105,7463.0,8568.0,False
sawtooth,1,sector_mixed,ridge_full,0.002849717072914441,0.002363262733523049,0.0027618437039859957,0.0022753893645946037,1.2137894933327429,0.2505021109324645,0.15506213222375081,12427.0,12775.5,True
sawtooth,2,generic,ridge_full,0.00026337792268264976,0.0005162847884571023,0.00017550455375420486,0.00042841141952865743,0.4096635751383489,0.30518005639688395,0.23459658470229044,22080.0,45168.0,False
sawtooth,2,equivariant,ridge_odd,0.11960892634431672,0.11960803915137416,9.141242987842357e-07,2.6931356228443448e-08,33.94275026590703,0.5501339965709071,0.6689900752092275,9468.0,17208.0,True
sawtooth,2,sector_mixed,ridge_full,0.0012030691048462798,0.002182001224062244,0.001115195735917835,0.0020941278551337987,0.5325346937074109,0.4621790667542618,0.1665430708923425,25212.0,30612.0,False
sawtooth,3,generic,ridge_full,0.00025748395844525223,0.0003017157462385086,0.00016961058951680733,0.00021384237731006368,0.7931570517048552,0.4531437721943189,0.27777835703631437,33402.5,37913.0,False
sawtooth,3,equivariant,ridge_odd,0.1196080127217117,0.11960801878662372,5.01693769860978e-10,6.5666057869062655e-09,0.07640077479012818,0.5745791111288618,0.6736727528483312,10059.5,16135.5,False
sawtooth,3,sector_mixed,ridge_full,0.0018810435598807702,0.002479271991345312,0.0017931701909523253,0.002391398622416867,0.7498416090664374,0.43331006363933666,0.16900844500470324,39943.5,29837.5,False
triangle,1,generic,ridge_full,0.00026597359352996896,0.0001002964543368744,0.0002642381306301855,9.856099143709094e-05,2.680960558304065,0.07183190293639707,0.2176283284479753,5287.0,4522.0,True
triangle,1,equivariant,ridge_odd,0.00020238172817152737,6.174548689838747e-05,0.00020016616353520986,5.952992226206997e-05,3.3624462443275784,0.09204798624593702,0.07952251154160267,5465.5,2507.5,True
triangle,1,sector_mixed,ridge_full,0.0001717860243746991,0.0001292245013681137,0.00017005056147491565,0.00012748903846833025,1.333844568269751,0.13541086027069,0.09604455986944016,6307.0,3799.5,True
triangle,2,generic,ridge_full,9.98619111846702e-05,0.00010782993294213017,9.812644828488674e-05,0.00010609447004234671,0.9248969173013485,0.21783420710284462,0.24219731076413248,13296.0,6900.0,False
triangle,2,equivariant,ridge_odd,0.00013206373849457742,6.127104402338333e-05,0.0001298481738582599,5.9055479387065834e-05,2.1987489595537664,0.2180374832259186,0.1521790000354052,7044.0,4740.0,True
triangle,2,sector_mixed,ridge_full,4.582500856512348e-05,5.975730029324886e-05,4.408954566534003e-05,5.8021837393465414e-05,0.7598784810338586,0.19521007412304586,0.179285345697543,7476.0,4632.0,False
triangle,3,generic,ridge_full,8.804592314930768e-05,0.00010883923053708002,8.631046024952422e-05,0.00010710376763729656,0.8058583012860182,0.4129711244776783,0.34426051329240803,14322.0,13345.5,False
triangle,3,equivariant,ridge_odd,4.793549346496628e-05,5.7432112956154604e-05,4.5719928828648774e-05,5.521654831983711e-05,0.8280113520283814,0.27154526295622383,0.33587209226005293,7781.0,7099.0,False
triangle,3,sector_mixed,ridge_full,4.5720306072502645e-05,7.982822263294869e-05,4.39848431727192e-05,7.809275973316524e-05,0.5632384272627935,0.31066708601554643,0.34676071589857815,7688.0,10183.5,False
