optimizer,seed,objective,objective_gap,nested_rmse,nfev,reached_ceiling,seconds,f_start
COBYLA,0,1.2246887747325318e-07,1.2206011517741054e-07,0.0003827869926235204,15000,False,89.27638039999874,
COBYLA,1,3.892472474276803e-07,3.888384851318377e-07,0.0006757758437832613,15000,False,63.08379970001988,
COBYLA,2,1.7359433971783368e-06,1.7355346348824942e-06,0.00144433939062804,15000,False,64.6329723999952,
COBYLA,3,8.260000247147279e-07,8.255912624188853e-07,0.0009883443226204078,15000,False,76.04593620001106,
COBYLA,4,3.485765021588608e-06,3.4853562592927655e-06,0.0020277200554056664,15000,False,66.74970080005005,
COBYLA,5,2.280433486646778e-09,1.8716711908041483e-09,4.634086389322961e-05,15000,False,67.777828100021,
COBYLA,6,2.1970202530881367e-06,2.196611490792294e-06,0.0016111037733774782,15000,False,64.1894301000284,
COBYLA,7,5.140137913841369e-07,5.136050290882943e-07,0.0008080098329270095,15000,False,72.33132050000131,
COBYLA,8,7.673831676981522e-08,7.632955447397259e-08,0.0003043743703208665,15000,False,61.78871820005588,
COBYLA,9,6.799026543367425e-10,2.7114035849411274e-10,1.9043566663062096e-05,15000,False,54.96039299998665,
COBYLA,10,4.59397013102754e-06,4.5935613687316975e-06,0.002332562793333384,15000,False,57.968564399983734,
COBYLA,11,2.8893110638380125e-06,2.88890230154217e-06,0.0018532693279492926,15000,False,58.926065999956336,
COBYLA,12,9.296849335547486e-08,9.255973105963224e-08,0.00031771444827095744,15000,False,58.91008810000494,
COBYLA,13,1.4349120315755097e-06,1.434503269279667e-06,0.0013119393174039538,15000,False,1210.7554812000017,
COBYLA,14,2.0000465334781484e-08,1.9591703038938855e-08,0.00015240692454980963,15000,False,57.98458200000459,
COBYLA,15,2.8226472203526817e-06,2.822238458056839e-06,0.0017623074757331133,15000,False,61.11204800003907,
COBYLA,16,3.5328416586834167e-07,3.5287540357249905e-07,0.0006444573956871469,15000,False,61.00987279997207,
COBYLA,17,3.7036451929535435e-08,3.66276896336928e-08,0.00021046246275645137,15000,False,60.98030329996254,
COBYLA,18,1.1659400032212879e-06,1.1655312409254453e-06,0.001183252993209241,15000,False,61.81811920000473,
COBYLA,19,7.31605606218079e-07,7.311968439222364e-07,0.0009458984732619095,15000,False,56.21337259997381,
SPSA,0,0.12203799188040336,0.12203799147164106,0.3486510036380195,14999,False,10.581619499949738,0.12203799188040336
SPSA,1,0.10954462646164848,0.10954462605288617,0.3310764692205052,14999,False,9.326789000013378,0.10954462646164848
SPSA,2,0.09544501875304975,0.09544501834428745,0.3101701593829239,14999,False,9.846232799987774,0.09544501875304975
SPSA,3,0.29677244821715826,0.29677244780839596,0.5437345460423568,14999,False,10.145213600015268,0.29677244821715826
SPSA,4,0.11405876723004552,0.11405876682128321,0.33714545665899265,14999,False,10.098379499977455,0.11405876723004552
SPSA,5,0.041071992506373556,0.04107199209761126,0.20427835746414874,14999,False,10.39239319995977,0.041071992506373556
SPSA,6,0.131368440398835,0.1313684399900727,0.36278612735719595,14999,False,9.511091099993791,0.131368440398835
SPSA,7,0.07320763055616097,0.07320763014739867,0.2699969023999463,14999,False,9.803106900013518,0.07320763055616097
SPSA,8,0.11921094880167651,0.11921094839291421,0.3446216650888759,14999,False,10.536078199977055,0.11921094880167651
SPSA,9,0.035234558496425546,0.03523455808766325,0.18779248999744863,14999,False,9.74406060000183,0.035234558496425546
SPSA,10,0.09710515565932794,0.09710515525056564,0.31260407820060715,14999,False,10.652209900028538,0.09710515565932794
SPSA,11,0.12215926411001023,0.12215926370124792,0.3502504959556465,14999,False,10.439631100045517,0.12215926411001023
SPSA,12,0.15091237108404404,0.15091237067528174,0.3881313649398836,14999,False,9.59997789998306,0.15091237108404404
SPSA,13,0.30456860242590267,0.30456860201714037,0.5508149974825342,14999,False,8.994373599998653,0.30456860242590267
SPSA,14,0.1422324282292289,0.1422324278204666,0.3773584587329506,14999,False,8.000438500021119,0.1422324282292289
SPSA,15,0.1798130741805764,0.1798130737718141,0.42373561409994387,14999,False,12.49637290003011,0.1798130741805764
SPSA,16,0.22761137858293246,0.22761137817417015,0.47609520763342233,14999,False,15.079487700015306,0.22761137858293246
SPSA,17,0.04647561704230582,0.04647561663354353,0.21549454173387217,14999,False,8.882938600028865,0.04647561704230582
SPSA,18,0.18230277003181322,0.18230276962305092,0.42725287487635205,14999,False,8.734802299994044,0.18230277003181322
SPSA,19,0.0648606865385846,0.06486068612982229,0.25413061136644005,14999,False,9.047845499997493,0.0648606865385846
