optimizer,seed,f_start,objective,objective_gap,nested_rmse,nfev,reached_ceiling,seconds
SPSA,0,0.12203799188040336,5.59432106282886e-05,5.5942801865992755e-05,0.007777184719987242,14999,False,11.140569600043818
SPSA,1,0.10954462646164848,4.941627336354863e-06,4.9412185740590205e-06,0.0022991668167344427,14999,False,9.682964000036009
SPSA,2,0.09544501875304975,6.130179192227865e-06,6.129770429932022e-06,0.0025634875666605927,14999,False,10.00133180001285
SPSA,3,0.29677244821715826,3.017723864166701e-05,3.017682987937117e-05,0.005647808430843808,14999,False,9.85921209998196
SPSA,4,0.11405876723004552,7.272943677627487e-06,7.272534915331645e-06,0.0026886304286125543,14999,False,9.069834300025832
SPSA,5,0.041071992506373556,7.729248737799045e-06,7.728839975503201e-06,0.0029122623822371474,14999,False,9.354000099992845
SPSA,6,0.131368440398835,4.931727353816605e-05,4.931686477587021e-05,0.007239107683960411,14999,False,10.217749200004619
SPSA,7,0.07320763055616097,3.1446823407836703e-06,3.1442735784878276e-06,0.0018868847487904074,14999,False,9.193116599984933
SPSA,8,0.11921094880167651,5.254479594390284e-05,5.2544387181607e-05,0.007445274840463862,14999,False,9.45041469996795
SPSA,9,0.035234558496425546,1.7250046756417527e-05,1.7249637994121685e-05,0.004378580472823504,14999,False,9.313528899976518
SPSA,10,0.09710515565932794,1.5068276187338044e-05,1.50678674250422e-05,0.004059285798543918,14999,False,9.64874959998997
SPSA,11,0.12215926411001023,8.381632113318417e-05,8.381591237088832e-05,0.009662776706509842,14999,False,9.338882299955003
SPSA,12,0.15091237108404404,1.7479447766956585e-06,1.7475360143998158e-06,0.0013473673088098964,14999,False,8.953404799976852
SPSA,13,0.30456860242590267,5.214685147391086e-05,5.214644271161502e-05,0.007412198861472959,14999,False,9.227997200039681
SPSA,14,0.1422324282292289,5.461090034116445e-06,5.4606812718206026e-06,0.002390410437463396,14999,False,9.15025110001443
SPSA,15,0.1798130741805764,1.7416835636272483e-05,1.741642687397664e-05,0.004280627382758484,14999,False,7.811407100001816
SPSA,16,0.22761137858293246,5.207466344131827e-06,5.207057581835984e-06,0.0024809062072346432,14999,False,10.426055999996606
SPSA,17,0.04647561704230582,4.325541299737424e-06,4.325132537441581e-06,0.002299850845490362,14999,False,7.4044220999930985
SPSA,18,0.18230277003181322,1.76221855934022e-05,1.762177683110636e-05,0.0044570875885930825,14999,False,10.455609700002242
SPSA,19,0.0648606865385846,7.444289789885946e-06,7.443881027590103e-06,0.0028813778557511974,14999,False,9.829179499996826
COBYLA,0,0.12203799188040336,1.2246887747325318e-07,1.2206011517741054e-07,0.0003827869926235204,15000,False,62.895656000007875
COBYLA,1,0.10954462646164848,3.892472474276803e-07,3.888384851318377e-07,0.0006757758437832613,15000,False,71.49870190001093
COBYLA,2,0.09544501875304975,1.7359433971783368e-06,1.7355346348824942e-06,0.00144433939062804,15000,False,72.42720219999319
COBYLA,3,0.29677244821715826,8.260000247147279e-07,8.255912624188853e-07,0.0009883443226204078,15000,False,94.23258780001197
COBYLA,4,0.11405876723004552,3.485765021588608e-06,3.4853562592927655e-06,0.0020277200554056664,15000,False,63.39844040002208
COBYLA,5,0.041071992506373556,2.280433486646778e-09,1.8716711908041483e-09,4.634086389322961e-05,15000,False,71.64385379996384
COBYLA,6,0.131368440398835,2.1970202530881367e-06,2.196611490792294e-06,0.0016111037733774782,15000,False,79.78594919998432
COBYLA,7,0.07320763055616097,5.140137913841369e-07,5.136050290882943e-07,0.0008080098329270095,15000,False,66.62951699999394
COBYLA,8,0.11921094880167651,7.673831676981522e-08,7.632955447397259e-08,0.0003043743703208665,15000,False,72.13535249995766
COBYLA,9,0.035234558496425546,6.799026543367425e-10,2.7114035849411274e-10,1.9043566663062096e-05,15000,False,61.62124600005336
COBYLA,10,0.09710515565932794,4.59397013102754e-06,4.5935613687316975e-06,0.002332562793333384,15000,False,71.90787549997913
COBYLA,11,0.12215926411001023,2.8893110638380125e-06,2.88890230154217e-06,0.0018532693279492926,15000,False,74.15256720001344
COBYLA,12,0.15091237108404404,9.296849335547486e-08,9.255973105963224e-08,0.00031771444827095744,15000,False,64.40302759996848
COBYLA,13,0.30456860242590267,1.4349120315755097e-06,1.434503269279667e-06,0.0013119393174039538,15000,False,56.763470600009896
COBYLA,14,0.1422324282292289,2.0000465334781484e-08,1.9591703038938855e-08,0.00015240692454980963,15000,False,52.19970860000467
COBYLA,15,0.1798130741805764,2.8226472203526817e-06,2.822238458056839e-06,0.0017623074757331133,15000,False,55.936588900047354
COBYLA,16,0.22761137858293246,3.5328416586834167e-07,3.5287540357249905e-07,0.0006444573956871469,15000,False,57.15685730002588
COBYLA,17,0.04647561704230582,3.7036451929535435e-08,3.66276896336928e-08,0.00021046246275645137,15000,False,58.89712410001084
COBYLA,18,0.18230277003181322,1.1659400032212879e-06,1.1655312409254453e-06,0.001183252993209241,15000,False,55.07374100002926
COBYLA,19,0.0648606865385846,7.31605606218079e-07,7.311968439222364e-07,0.0009458984732619095,15000,False,55.10889050003607
