arm,seed,train_rmse,nested_rmse,objective,success,message,nfev,nit,max_abs_coefficient,raw_even_max,seconds,coefficient_l2,frozen_scale,target_factor
study,0,0.10446638480202435,0.10490656939816913,0.010913230699430876,True,CONVERGENCE: RELATIVE REDUCTION OF F <= FACTR*EPSMCH,1512,52.0,0.36783647356848714,0.0,5.980105000082403,,-1.0,5.0
study,1,0.10446639970027181,0.1049065848069392,0.010913233812165227,True,CONVERGENCE: RELATIVE REDUCTION OF F <= FACTR*EPSMCH,7317,235.0,0.3678364521152143,0.0,25.241889400058426,,-1.0,5.0
study,2,0.10446638480997504,0.10490656974120266,0.010913230701093329,True,CONVERGENCE: RELATIVE REDUCTION OF F <= FACTR*EPSMCH,5994,201.0,0.3678364628978929,0.0,17.781323500094004,,-1.0,5.0
study,3,0.1044663848069033,0.10490657207786985,0.010913230700452067,True,CONVERGENCE: RELATIVE REDUCTION OF F <= FACTR*EPSMCH,3537,118.0,0.36783646302761436,0.0,11.691289099981077,,-1.0,5.0
study,4,0.10446638481977724,0.10490657178363613,0.010913230703139945,True,CONVERGENCE: RELATIVE REDUCTION OF F <= FACTR*EPSMCH,5454,186.0,0.3678364702342226,0.0,15.507095700013451,,-1.0,5.0
study,5,0.10446638481024179,0.1049065690772438,0.010913230701150377,True,CONVERGENCE: RELATIVE REDUCTION OF F <= FACTR*EPSMCH,3645,108.0,0.36783647396022306,0.0,7.765929099987261,,-1.0,5.0
study,6,0.10446638999122938,0.10490656651776582,0.010913231783632049,True,CONVERGENCE: RELATIVE REDUCTION OF F <= FACTR*EPSMCH,8451,271.0,0.367836452597182,0.0,24.504860599990934,,-1.0,5.0
study,7,0.10446638480796133,0.10490657359504751,0.010913230700673942,True,CONVERGENCE: RELATIVE REDUCTION OF F <= FACTR*EPSMCH,2970,98.0,0.3678364685505468,0.0,26.115152499987744,,-1.0,5.0
study,8,0.10446638503769687,0.10490657283286825,0.010913230748671246,True,CONVERGENCE: RELATIVE REDUCTION OF F <= FACTR*EPSMCH,2538,85.0,0.36783647438564193,0.0,16.50947570009157,,-1.0,5.0
study,9,0.10446638480413073,0.1049065681159006,0.010913230699872316,True,CONVERGENCE: RELATIVE REDUCTION OF F <= FACTR*EPSMCH,1350,44.0,0.36783647783955287,0.0,7.414208000060171,,-1.0,5.0
study,10,0.10446638481314267,0.10490657063579158,0.010913230701754668,True,CONVERGENCE: RELATIVE REDUCTION OF F <= FACTR*EPSMCH,2835,97.0,0.36783647052656765,0.0,26.07675369991921,,-1.0,5.0
study,11,0.104466384815798,0.10490657533008749,0.010913230702305661,True,CONVERGENCE: RELATIVE REDUCTION OF F <= FACTR*EPSMCH,1620,55.0,0.367836480384186,0.0,9.41118119994644,,-1.0,5.0
study,12,0.10446638480879428,0.10490657671089472,0.010913230700848571,True,CONVERGENCE: RELATIVE REDUCTION OF F <= FACTR*EPSMCH,1242,43.0,0.36783646940391557,0.0,5.047387700062245,,-1.0,5.0
study,13,0.10446638480347822,0.10490657123043233,0.010913230699733836,True,CONVERGENCE: RELATIVE REDUCTION OF F <= FACTR*EPSMCH,2565,84.0,0.36783646779582996,0.0,34.2705901999725,,-1.0,5.0
study,14,0.10446640431526222,0.1049066060062339,0.010913234776385982,True,CONVERGENCE: RELATIVE REDUCTION OF F <= FACTR*EPSMCH,6237,198.0,0.36783642874739314,0.0,66.05927079997491,,-1.0,5.0
study,15,0.10446638534536733,0.10490657149081083,0.010913230812953707,True,CONVERGENCE: RELATIVE REDUCTION OF F <= FACTR*EPSMCH,2214,75.0,0.3678364710298317,0.0,22.035827900050208,,-1.0,5.0
study,16,0.104466384805483,0.10490657144615757,0.010913230700153497,True,CONVERGENCE: RELATIVE REDUCTION OF F <= FACTR*EPSMCH,3753,120.0,0.3678364828292751,0.0,35.491576300002635,,-1.0,5.0
study,17,0.10446638480142106,0.10490656982786022,0.010913230699306286,True,CONVERGENCE: RELATIVE REDUCTION OF F <= FACTR*EPSMCH,3348,112.0,0.3678364711311842,0.0,38.663422300014645,,-1.0,5.0
study,18,0.10446638545693052,0.10490654554633327,0.01091323083626707,True,CONVERGENCE: RELATIVE REDUCTION OF F <= FACTR*EPSMCH,3321,110.0,0.36783646948241594,0.0,24.577253600000404,,-1.0,5.0
study,19,0.1044663854724348,0.10490656952746505,0.010913230839506856,True,CONVERGENCE: RELATIVE REDUCTION OF F <= FACTR*EPSMCH,4968,160.0,0.36783646465851677,0.0,32.55835940001998,,-1.0,5.0
normalised,0,0.10446638480038409,0.10490657081671445,0.01091323069908921,True,CONVERGENCE: RELATIVE REDUCTION OF F <= FACTR*EPSMCH,2538,72.0,0.367836471396705,0.0,13.715266900020652,,-1.0,5.0
normalised,1,0.10446638593964087,0.10490657179037648,0.010913230937117335,True,CONVERGENCE: RELATIVE REDUCTION OF F <= FACTR*EPSMCH,28566,756.0,0.367836469804635,0.0,164.29643029998988,,-1.0,5.0
normalised,2,0.10446638480039705,0.10490657068264526,0.01091323069909193,True,CONVERGENCE: RELATIVE REDUCTION OF F <= FACTR*EPSMCH,10179,254.0,0.36783647150609694,0.0,25.80247960006818,,-1.0,5.0
normalised,3,0.10446638480185758,0.10490657070902669,0.01091323069939712,True,CONVERGENCE: RELATIVE REDUCTION OF F <= FACTR*EPSMCH,5346,147.0,0.3678364715114503,0.0,16.408026499906555,,-1.0,5.0
normalised,4,0.10446638481412679,0.10490657064839197,0.010913230701960597,True,CONVERGENCE: RELATIVE REDUCTION OF F <= FACTR*EPSMCH,10584,258.0,0.3678364713281492,0.0,34.89506260002963,,-1.0,5.0
normalised,5,0.10446638480072229,0.10490657074002939,0.010913230699159969,True,CONVERGENCE: RELATIVE REDUCTION OF F <= FACTR*EPSMCH,5292,135.0,0.3678364709409652,0.0,15.619347200030461,,-1.0,5.0
normalised,6,0.10446638631244402,0.10490657204883612,0.010913231015008195,True,CONVERGENCE: RELATIVE REDUCTION OF F <= FACTR*EPSMCH,16524,451.0,0.3678364689248382,0.0,41.942396099912,,-1.0,5.0
normalised,7,0.10446638480045743,0.1049065707017448,0.010913230699104578,True,CONVERGENCE: RELATIVE REDUCTION OF F <= FACTR*EPSMCH,7668,172.0,0.36783647133353414,0.0,31.53182209993247,,-1.0,5.0
normalised,8,0.10446638480039283,0.10490657071495267,0.01091323069909105,True,CONVERGENCE: RELATIVE REDUCTION OF F <= FACTR*EPSMCH,7965,152.0,0.3678364713051713,0.0,41.09437850001268,,-1.0,5.0
normalised,9,0.10446638480037429,0.10490657069439756,0.010913230699087196,True,CONVERGENCE: RELATIVE REDUCTION OF F <= FACTR*EPSMCH,2970,64.0,0.36783647138628545,0.0,9.918505399953574,,-1.0,5.0
normalised,10,0.10446638480083156,0.10490657076628102,0.010913230699182742,True,CONVERGENCE: RELATIVE REDUCTION OF F <= FACTR*EPSMCH,4185,119.0,0.36783647151732,0.0,32.71163079992402,,-1.0,5.0
normalised,11,0.104466384800386,0.1049065707573313,0.010913230699089683,True,CONVERGENCE: RELATIVE REDUCTION OF F <= FACTR*EPSMCH,3213,67.0,0.36783647163478406,0.0,28.38471400004346,,-1.0,5.0
normalised,12,0.104466384800373,0.10490657069407136,0.010913230699086942,True,CONVERGENCE: RELATIVE REDUCTION OF F <= FACTR*EPSMCH,2349,62.0,0.3678364714141996,0.0,13.281893200008199,,-1.0,5.0
normalised,13,0.10446638480038822,0.10490657066678248,0.01091323069909012,True,CONVERGENCE: RELATIVE REDUCTION OF F <= FACTR*EPSMCH,4563,113.0,0.3678364714269361,0.0,13.664227099972777,,-1.0,5.0
normalised,14,0.1044663892340711,0.10490657248891942,0.010913231625431867,True,CONVERGENCE: RELATIVE REDUCTION OF F <= FACTR*EPSMCH,21924,586.0,0.3678364641504052,0.0,105.35143329994753,,-1.0,5.0
normalised,15,0.10446638480038974,0.10490657067136407,0.010913230699090459,True,CONVERGENCE: RELATIVE REDUCTION OF F <= FACTR*EPSMCH,5886,134.0,0.3678364714981414,0.0,70.91003579995595,,-1.0,5.0
normalised,16,0.104466384800477,0.10490657051520849,0.010913230699108715,True,CONVERGENCE: RELATIVE REDUCTION OF F <= FACTR*EPSMCH,6507,147.0,0.36783647148086357,0.0,68.1524069000734,,-1.0,5.0
normalised,17,0.10446638480041909,0.1049065705607883,0.01091323069909661,True,CONVERGENCE: RELATIVE REDUCTION OF F <= FACTR*EPSMCH,4617,128.0,0.3678364718264478,0.0,51.00114039995242,,-1.0,5.0
normalised,18,0.1044663852361787,0.10490657149164584,0.010913230790141115,True,CONVERGENCE: RELATIVE REDUCTION OF F <= FACTR*EPSMCH,7587,202.0,0.3678364704828464,0.0,66.13773940003011,,-1.0,5.0
normalised,19,0.10446638486248179,0.10490657085262217,0.010913230712063427,True,CONVERGENCE: RELATIVE REDUCTION OF F <= FACTR*EPSMCH,8343,220.0,0.3678364712408704,0.0,33.63906830002088,,-1.0,5.0
inverse,0,0.39419599945923345,0.3949951353920201,,True,CONVERGENCE: RELATIVE REDUCTION OF F <= FACTR*EPSMCH,2754,61.0,,,,0.6363381513639185,-1.0,5.0
inverse,1,0.3941964037657329,0.394995597327524,,True,CONVERGENCE: RELATIVE REDUCTION OF F <= FACTR*EPSMCH,4671,119.0,,,,0.6363381425596916,-1.0,5.0
inverse,2,0.39419907667917287,0.39499849069861814,,True,CONVERGENCE: RELATIVE REDUCTION OF F <= FACTR*EPSMCH,1512,43.0,,,,0.6363381565196022,-1.0,5.0
inverse,3,0.3941997583442827,0.3949992336344445,,True,CONVERGENCE: RELATIVE REDUCTION OF F <= FACTR*EPSMCH,1944,39.0,,,,0.6363381583935928,-1.0,5.0
inverse,4,0.3941964847727128,0.3949956855674233,,True,CONVERGENCE: RELATIVE REDUCTION OF F <= FACTR*EPSMCH,1701,43.0,,,,0.6363381425712802,-1.0,5.0
inverse,5,0.39419793282043686,0.394997245156399,,True,CONVERGENCE: RELATIVE REDUCTION OF F <= FACTR*EPSMCH,2592,71.0,,,,0.6363381548180846,-1.0,5.0
inverse,6,0.39419693026430375,0.3949961572126063,,True,CONVERGENCE: RELATIVE REDUCTION OF F <= FACTR*EPSMCH,2592,73.0,,,,0.6363381509603271,-1.0,5.0
inverse,7,0.3941963472972327,0.39499553605676413,,True,CONVERGENCE: RELATIVE REDUCTION OF F <= FACTR*EPSMCH,2376,62.0,,,,0.6363381420882926,-1.0,5.0
inverse,8,0.3941965121404235,0.3949957133907702,,True,CONVERGENCE: RELATIVE REDUCTION OF F <= FACTR*EPSMCH,1431,30.0,,,,0.6363381432831241,-1.0,5.0
inverse,9,0.39419955937321605,0.3949990126344277,,True,CONVERGENCE: RELATIVE REDUCTION OF F <= FACTR*EPSMCH,2403,57.0,,,,0.6363381591254839,-1.0,5.0
inverse,10,0.3941971641331222,0.39499642349899033,,True,CONVERGENCE: RELATIVE REDUCTION OF F <= FACTR*EPSMCH,18009,472.0,,,,0.6363381463695804,-1.0,5.0
inverse,11,0.39419633592608294,0.3949955176894137,,True,CONVERGENCE: RELATIVE REDUCTION OF F <= FACTR*EPSMCH,2808,77.0,,,,0.6363381431344846,-1.0,5.0
inverse,12,0.3941989675826493,0.3949983736549198,,True,CONVERGENCE: RELATIVE REDUCTION OF F <= FACTR*EPSMCH,1701,41.0,,,,0.6363381525087687,-1.0,5.0
inverse,13,0.3941977507790849,0.3949970617441971,,True,CONVERGENCE: RELATIVE REDUCTION OF F <= FACTR*EPSMCH,2781,61.0,,,,0.6363381457285247,-1.0,5.0
inverse,14,0.3941979241191445,0.3949972529862776,,True,CONVERGENCE: RELATIVE REDUCTION OF F <= FACTR*EPSMCH,2403,66.0,,,,0.6363381428734275,-1.0,5.0
inverse,15,0.3941995177332208,0.39499897811031137,,True,CONVERGENCE: RELATIVE REDUCTION OF F <= FACTR*EPSMCH,3024,61.0,,,,0.6363381526824169,-1.0,5.0
inverse,16,0.3941964110186632,0.39499559718586813,,True,CONVERGENCE: RELATIVE REDUCTION OF F <= FACTR*EPSMCH,1728,45.0,,,,0.6363381471822263,-1.0,5.0
inverse,17,0.3941968780244752,0.39499611727756245,,True,CONVERGENCE: RELATIVE REDUCTION OF F <= FACTR*EPSMCH,1296,22.0,,,,0.6363381415229878,-1.0,5.0
inverse,18,0.3941965868594025,0.3949957966559505,,True,CONVERGENCE: RELATIVE REDUCTION OF F <= FACTR*EPSMCH,1917,49.0,,,,0.6363381422265719,-1.0,5.0
inverse,19,0.39419684265063454,0.39499605071447796,,True,CONVERGENCE: RELATIVE REDUCTION OF F <= FACTR*EPSMCH,2646,69.0,,,,0.6363381568434856,-1.0,5.0
inverse,20,0.39419931536123376,0.3949986833334515,,True,CONVERGENCE: RELATIVE REDUCTION OF F <= FACTR*EPSMCH,3132,93.0,,,,0.6363381511066676,-1.0,5.0
inverse,21,0.394197528767925,0.3949968150799433,,True,CONVERGENCE: RELATIVE REDUCTION OF F <= FACTR*EPSMCH,1377,37.0,,,,0.6363381471056505,-1.0,5.0
inverse,22,0.3941959068129898,0.3949950500632217,,True,CONVERGENCE: RELATIVE REDUCTION OF F <= FACTR*EPSMCH,1593,51.0,,,,0.6363381450305604,-1.0,5.0
inverse,23,0.39419768499775465,0.39499698954748286,,True,CONVERGENCE: RELATIVE REDUCTION OF F <= FACTR*EPSMCH,2160,51.0,,,,0.636338147093654,-1.0,5.0
inverse,24,0.3941976813569546,0.39499696833226927,,True,CONVERGENCE: RELATIVE REDUCTION OF F <= FACTR*EPSMCH,3321,66.0,,,,0.6363381569639377,-1.0,5.0
inverse,25,0.3941971489131474,0.3949964063742342,,True,CONVERGENCE: RELATIVE REDUCTION OF F <= FACTR*EPSMCH,2646,64.0,,,,0.6363381440984601,-1.0,5.0
inverse,26,0.39419731525528484,0.39499657342447314,,True,CONVERGENCE: RELATIVE REDUCTION OF F <= FACTR*EPSMCH,1755,44.0,,,,0.6363381532264488,-1.0,5.0
inverse,27,0.3941967160588004,0.39499591106229,,True,CONVERGENCE: RELATIVE REDUCTION OF F <= FACTR*EPSMCH,3591,101.0,,,,0.6363381565844901,-1.0,5.0
inverse,28,0.39419869801876045,0.39499807203758647,,True,CONVERGENCE: RELATIVE REDUCTION OF F <= FACTR*EPSMCH,1863,57.0,,,,0.6363381599016181,-1.0,5.0
inverse,29,0.39419701434312504,0.39499626358550816,,True,CONVERGENCE: RELATIVE REDUCTION OF F <= FACTR*EPSMCH,3213,64.0,,,,0.6363381425097603,-1.0,5.0
inverse,30,0.394197341788954,0.3949966165238959,,True,CONVERGENCE: RELATIVE REDUCTION OF F <= FACTR*EPSMCH,3780,85.0,,,,0.6363381438702089,-1.0,5.0
inverse,31,0.39419743247412015,0.39499672149135723,,True,CONVERGENCE: RELATIVE REDUCTION OF F <= FACTR*EPSMCH,1350,35.0,,,,0.636338142146375,-1.0,5.0
inverse,32,0.39419892848532084,0.39499833769308,,True,CONVERGENCE: RELATIVE REDUCTION OF F <= FACTR*EPSMCH,1080,34.0,,,,0.6363381502415335,-1.0,5.0
inverse,33,0.394198309697156,0.3949976528170484,,True,CONVERGENCE: RELATIVE REDUCTION OF F <= FACTR*EPSMCH,2511,64.0,,,,0.6363381573775145,-1.0,5.0
inverse,34,0.39419832328525284,0.39499766189743574,,True,CONVERGENCE: RELATIVE REDUCTION OF F <= FACTR*EPSMCH,2241,49.0,,,,0.636338160331384,-1.0,5.0
inverse,35,0.3941987271445455,0.3949981203151087,,True,CONVERGENCE: RELATIVE REDUCTION OF F <= FACTR*EPSMCH,1485,41.0,,,,0.6363381504567429,-1.0,5.0
inverse,36,0.39419899676967896,0.39499840281607623,,True,CONVERGENCE: RELATIVE REDUCTION OF F <= FACTR*EPSMCH,2133,65.0,,,,0.636338159095886,-1.0,5.0
inverse,37,0.3941992077465056,0.3949986320510093,,True,CONVERGENCE: RELATIVE REDUCTION OF F <= FACTR*EPSMCH,2160,54.0,,,,0.6363381562715246,-1.0,5.0
inverse,38,0.3941969190251971,0.39499615452855974,,True,CONVERGENCE: RELATIVE REDUCTION OF F <= FACTR*EPSMCH,2835,66.0,,,,0.636338142356434,-1.0,5.0
inverse,39,0.3941970611683892,0.39499629302409434,,True,CONVERGENCE: RELATIVE REDUCTION OF F <= FACTR*EPSMCH,2187,64.0,,,,0.6363381512904062,-1.0,5.0
null,0,9.303627771089607e-06,1.1128781275080308e-05,,True,CONVERGENCE: RELATIVE REDUCTION OF F <= FACTR*EPSMCH,1030,,,,,,-1.0,5.0
null,1,9.305652982587374e-06,1.1128433454082947e-05,,True,CONVERGENCE: RELATIVE REDUCTION OF F <= FACTR*EPSMCH,1060,,,,,,-1.0,5.0
null,2,9.369648764325046e-06,1.1224226727221822e-05,,True,CONVERGENCE: RELATIVE REDUCTION OF F <= FACTR*EPSMCH,1070,,,,,,-1.0,5.0
null,3,9.32543570965694e-06,1.1149685517761469e-05,,True,CONVERGENCE: RELATIVE REDUCTION OF F <= FACTR*EPSMCH,670,,,,,,-1.0,5.0
null,4,9.2985664100135e-06,1.1119000387919096e-05,,True,CONVERGENCE: RELATIVE REDUCTION OF F <= FACTR*EPSMCH,1270,,,,,,-1.0,5.0
null,5,9.542243717147264e-06,1.127025941312409e-05,,True,CONVERGENCE: RELATIVE REDUCTION OF F <= FACTR*EPSMCH,1250,,,,,,-1.0,5.0
null,6,9.307910199594925e-06,1.1128905987655458e-05,,True,CONVERGENCE: RELATIVE REDUCTION OF F <= FACTR*EPSMCH,1290,,,,,,-1.0,5.0
null,7,9.30907753781285e-06,1.1139601585593552e-05,,True,CONVERGENCE: RELATIVE REDUCTION OF F <= FACTR*EPSMCH,1130,,,,,,-1.0,5.0
null,8,9.310362091418102e-06,1.1116514848900888e-05,,True,CONVERGENCE: RELATIVE REDUCTION OF F <= FACTR*EPSMCH,1450,,,,,,-1.0,5.0
null,9,9.303542010108984e-06,1.1120882107866535e-05,,True,CONVERGENCE: RELATIVE REDUCTION OF F <= FACTR*EPSMCH,1300,,,,,,-1.0,5.0
null,10,9.303611648154267e-06,1.1127776198957826e-05,,True,CONVERGENCE: RELATIVE REDUCTION OF F <= FACTR*EPSMCH,1200,,,,,,-1.0,5.0
null,11,9.353389865682842e-06,1.1137366181434645e-05,,True,CONVERGENCE: RELATIVE REDUCTION OF F <= FACTR*EPSMCH,1070,,,,,,-1.0,5.0
null,12,9.304279102337309e-06,1.1123576272832774e-05,,True,CONVERGENCE: NORM OF PROJECTED GRADIENT <= PGTOL,1280,,,,,,-1.0,5.0
null,13,9.29930137555204e-06,1.1116446612540756e-05,,True,CONVERGENCE: RELATIVE REDUCTION OF F <= FACTR*EPSMCH,840,,,,,,-1.0,5.0
null,14,9.29924451603285e-06,1.1081048079532075e-05,,True,CONVERGENCE: RELATIVE REDUCTION OF F <= FACTR*EPSMCH,1100,,,,,,-1.0,5.0
null,15,9.344696623703103e-06,1.1143378836630331e-05,,True,CONVERGENCE: RELATIVE REDUCTION OF F <= FACTR*EPSMCH,1370,,,,,,-1.0,5.0
null,16,9.305209003409365e-06,1.112818317552953e-05,,True,CONVERGENCE: NORM OF PROJECTED GRADIENT <= PGTOL,1280,,,,,,-1.0,5.0
null,17,9.309603655903698e-06,1.1146798470674338e-05,,True,CONVERGENCE: RELATIVE REDUCTION OF F <= FACTR*EPSMCH,990,,,,,,-1.0,5.0
null,18,9.301228815509522e-06,1.1119311272399642e-05,,True,CONVERGENCE: RELATIVE REDUCTION OF F <= FACTR*EPSMCH,1240,,,,,,-1.0,5.0
null,19,9.298167895928932e-06,1.1119848455335411e-05,,True,CONVERGENCE: RELATIVE REDUCTION OF F <= FACTR*EPSMCH,770,,,,,,-1.0,5.0
