case,kind,expected,observed_over_reference,closed_share,inverse_over_optimum,noise_ratio_minus_one,predicted_over_optimum
triangle_plateau,diagnosed,optimiser,21.63579102103745,0.9811664961654679,0.9997111765436997,,
prior_sawtooth,theorem,prior,1361.1406297522078,,,,
prior_double_sawtooth,theorem,prior,1627.422535287981,,,,
readout_sawtooth_300,construction,readout,2.1670545047575693,,,0.002129488162982085,2.2919537950257562
readout_sawtooth_1500,construction,readout,1.2934217458969366,,,0.022647305031103793,1.3603714369310187
readout_sawtooth_3000,construction,readout,1.1814127945863921,,,0.0123603106558412,1.193861477476916
readout_sawtooth_15000,construction,none,1.0447296179065837,,,0.014571430926359152,1.0416626383776295
readout_double_sawtooth_300,construction,none,1.0426207661117521,,,0.030399045461059426,1.0651311566860835
readout_double_sawtooth_1500,construction,none,1.009179721793875,,,0.003802162827312383,1.013361175219103
readout_double_sawtooth_3000,construction,none,1.0046277797263028,,,0.003180518274585431,1.0067027529284365
readout_double_sawtooth_15000,construction,none,1.0008929540193696,,,0.00570327279665106,1.001344137548871
compound_triangle_300,compound,compound,13998.020865310526,0.9939349788997713,0.9997111765436997,0.028954031548133585,16349.877312540704
compound_triangle_1500,compound,compound,6429.408925991477,0.9933968350394063,0.9997111765436997,0.004382742979499588,7311.9130269026655
compound_triangle_3000,compound,compound,4684.267232044835,0.9931494316412666,0.9997111765436997,0.015736223216454626,5170.325919148729
compound_triangle_15000,compound,compound,2059.88239413345,0.992411835445591,0.9997111765436997,0.006295152155392225,2312.3210218320783
generic_sawtooth,diagnosed,optimiser,2.9301705577587294,0.578763919809531,,,
generic_double_sawtooth,diagnosed,optimiser,1.6127812148352427,0.8389396198463055,,,
representation_limit,construction,reachability,9469.962611438828,6.520535922096823e-10,35656.37793784859,,
constructed_optimiser_absolute,construction,optimiser,1.4024538855380833,0.9999999360758557,0.9994504691044194,,
constructed_optimiser_relative,construction,optimiser,19404.151055478364,0.0,560.3928933131757,,
constructed_reachability_near,compound,reachability,4.37189484492606,0.8176205223913171,29.718066482824888,,
