varied,value,independent_correct,independent_total,diagnosed_consistent,diagnosed_total,changed_cases
GAP_TOL,0.05,11,13,3,3,constructed_optimiser_relative: reachability (expected optimiser); readout_double_sawtooth_300: none (expected readout)
GAP_TOL,0.1,12,13,3,3,constructed_optimiser_relative: reachability (expected optimiser)
GAP_TOL,0.2,12,13,3,3,constructed_optimiser_relative: reachability (expected optimiser)
SHARE,0.4,12,13,3,3,constructed_optimiser_relative: reachability (expected optimiser)
SHARE,0.5,12,13,3,3,constructed_optimiser_relative: reachability (expected optimiser)
SHARE,0.6,12,13,2,3,constructed_optimiser_relative: reachability (expected optimiser); generic_sawtooth: undetermined (expected optimiser)
READOUT_TOL,0.15,12,13,3,3,constructed_optimiser_relative: reachability (expected optimiser)
READOUT_TOL,0.25,12,13,3,3,constructed_optimiser_relative: reachability (expected optimiser)
READOUT_TOL,0.35,12,13,3,3,constructed_optimiser_relative: reachability (expected optimiser)
