gradient,ftol,seed,n_layers,decay_p,nested_rmse,train_rmse,objective,objective_gap,objective_over_optimum,reached,exact_gradient_inf_norm,fd_gradient_error_inf,fd_gradient_error_over_gradient,nit,nfev,message,min_live_log_scale,max_live_log_scale,scale_on_bound,reference_objective,reference_nested_rmse,seconds,log_scale_odd_z,log_scale_odd_x,log_scale_even_x,log_scale_even_y,reproduces_sweep
fd,1e-12,0,3,0.0,5.489743181438326e-05,4.9074195179020764e-05,2.796347106126861e-09,2.387584810284231e-09,6.8410103734309,False,6.369954757736072e-08,3.2939226145760223e-10,0.00517102984220677,265,9827,CONVERGENCE: RELATIVE REDUCTION OF F <= FACTR*EPSMCH,-6.228685272170809,-1.2088426526831095,False,4.087622958426298e-10,2.2155646363175006e-06,67.98432480008341,-1.2088426526831095,-6.228685272170809,-1.1144314564168347,-0.9449512191324877,True
fd,1e-12,1,3,0.0,0.00018012824778003558,0.00017372571192679395,3.0575945623788653e-08,3.016718332794602e-08,74.80128655398332,False,2.252597584279113e-07,8.036555726379121e-10,0.0035676837187726177,310,12431,CONVERGENCE: RELATIVE REDUCTION OF F <= FACTR*EPSMCH,-8.0,-0.8138471569885304,True,4.087622958426298e-10,2.2155646363175006e-06,89.93294750002678,-0.8138471569885304,-8.0,-0.9465892506253473,-0.9456695172443591,True
fd,1e-12,2,3,0.0,1.2235313012395252e-05,1.1958675218584199e-05,5.525345275476089e-10,1.4377223170497911e-10,1.351725766214823,False,4.3684377143378887e-07,7.967120071977068e-10,0.0018237916145233677,330,12090,CONVERGENCE: RELATIVE REDUCTION OF F <= FACTR*EPSMCH,-2.964858922012307,-0.6571993024761379,False,4.087622958426298e-10,2.2155646363175006e-06,88.33573940000497,-0.6571993024761379,-2.964858922012307,-1.4323528667886203,-1.37620785346608,True
fd,1e-12,3,3,0.0,0.00019999254718389766,0.00018219915947595934,3.3538920181186887e-08,3.3130157885344254e-08,82.0499359219254,False,1.31776070057367e-06,1.552376146745335e-09,0.0011780410100783306,488,18383,CONVERGENCE: RELATIVE REDUCTION OF F <= FACTR*EPSMCH,-1.5074546888493954,-0.4899592226158096,False,4.087622958426298e-10,2.2155646363175006e-06,157.55515719996765,-1.5074546888493954,-0.4899592226158096,-1.060889669769776,-0.7494215996810771,True
fd,1e-12,4,3,0.0,0.0005488243975662782,0.0004961579611130788,2.464417706754615e-07,2.460330083796189e-07,602.8975108074537,False,1.4496745303414165e-06,2.75214484070936e-08,0.01898457055778717,560,20708,CONVERGENCE: RELATIVE REDUCTION OF F <= FACTR*EPSMCH,-1.7878718104646603,0.5516725750822087,False,4.087622958426298e-10,2.2155646363175006e-06,224.68111300002784,-1.7878718104646603,0.5516725750822087,-0.8060320381354851,-1.529515010546267,True
fd,1e-12,5,3,0.0,6.974338537907387e-05,6.48077135746629e-05,4.6312605990899795e-09,4.2224983032473495e-09,11.329960336833459,False,6.182412393742613e-08,5.439325075840168e-10,0.00879806251900222,76,2635,CONVERGENCE: RELATIVE REDUCTION OF F <= FACTR*EPSMCH,-3.4298239303432565,-1.2913932716519094,False,4.087622958426298e-10,2.2155646363175006e-06,22.90153030003421,-1.2913932716519094,-3.4298239303432565,-1.2451868390110032,-1.0432888062155081,True
fd,1e-12,6,3,0.0,7.675142155978132e-05,7.423663949284487e-05,5.909242150698225e-09,5.500479854855595e-09,14.456426658718142,False,1.0453407772105338e-07,4.522234295532622e-10,0.004326086185597861,124,4681,CONVERGENCE: RELATIVE REDUCTION OF F <= FACTR*EPSMCH,-7.673800874559107,-1.2717566587164149,False,4.087622958426298e-10,2.2155646363175006e-06,60.273549400037155,-1.2717566587164149,-7.673800874559107,-0.9112303992105164,-1.2155470182067178,True
fd,1e-12,7,3,0.0,2.616183442771257e-06,2.2094252718060275e-06,4.0989214006466597e-10,1.1298442220361763e-12,1.0027640617383926,False,8.037991900033542e-08,4.370879409566957e-10,0.00543777533484292,220,8122,CONVERGENCE: RELATIVE REDUCTION OF F <= FACTR*EPSMCH,-1.529167886874831,-1.4989185116127435,False,4.087622958426298e-10,2.2155646363175006e-06,106.09375470003579,-1.4989185116127435,-1.529167886874831,-1.012125236350268,-0.9716727534991731,True
fd,1e-12,8,3,0.0,6.843138680722493e-05,6.232038258256712e-05,4.266012106832075e-09,3.857249810989445e-09,10.436412923158782,False,3.483511340466698e-07,1.954158027030869e-09,0.005609736372407112,501,19251,CONVERGENCE: RELATIVE REDUCTION OF F <= FACTR*EPSMCH,-2.302981596888981,-0.3531229700119366,False,4.087622958426298e-10,2.2155646363175006e-06,201.36578500003088,-0.3531229700119366,-2.302981596888981,-1.45409891536366,-0.6118833580007834,True
fd,1e-12,9,3,0.0,4.0973555115549294e-05,3.796412267508879e-05,1.8388039500556745e-09,1.4300416542130448e-09,4.498467614937752,False,2.654977382098681e-07,5.192115975334144e-10,0.0019556158972736447,202,7223,CONVERGENCE: RELATIVE REDUCTION OF F <= FACTR*EPSMCH,-5.1158347316553,-1.0969367919354456,False,4.087622958426298e-10,2.2155646363175006e-06,81.42922970000654,-1.0969367919354456,-5.1158347316553,-0.8080981810616488,-1.2928101012075168,True
fd,1e-12,10,3,0.0,5.169482419891871e-06,5.161299960398536e-06,4.3375502308142263e-10,2.4992727238792838e-11,1.061142447561785,False,7.031580664964917e-08,2.0792181763167653e-10,0.002956971235040421,116,4216,CONVERGENCE: RELATIVE REDUCTION OF F <= FACTR*EPSMCH,-3.5049585904692195,-1.35726117220905,False,4.087622958426298e-10,2.2155646363175006e-06,36.2693833000958,-1.35726117220905,-3.5049585904692195,-0.7540711638763298,-0.8424895123175319,True
fd,1e-12,11,3,0.0,7.06310314773278e-05,6.41440374129742e-05,4.495989003082474e-09,4.087226707239844e-09,10.999030607297971,False,2.0199580007023705e-07,4.688709759771507e-10,0.002321191707026171,267,9579,CONVERGENCE: RELATIVE REDUCTION OF F <= FACTR*EPSMCH,-3.2946215417795615,-1.0104939450625596,False,4.087622958426298e-10,2.2155646363175006e-06,99.77000460005365,-1.0104939450625596,-3.2946215417795615,-1.3731159710157583,-0.9908405432637988,True
fd,1e-12,12,3,0.0,9.252741502383605e-05,8.49897779798028e-05,7.59758384902564e-09,7.188821553183009e-09,18.586801978308312,False,2.5442077239736455e-08,1.4310749481873872e-10,0.005624835325758217,42,1488,CONVERGENCE: RELATIVE REDUCTION OF F <= FACTR*EPSMCH,-2.407717981871314,-1.5467816833163797,False,4.087622958426298e-10,2.2155646363175006e-06,23.71655470004771,-1.5467816833163797,-2.407717981871314,-0.8084180535136498,-1.3990215834488584,True
fd,1e-12,13,3,0.0,2.0883628104954695e-05,1.9187560892091993e-05,7.686367123367378e-10,3.5987441649410805e-10,1.8804002231963606,False,1.3490855443938072e-07,3.3314972959015317e-10,0.0024694485162529067,205,7440,CONVERGENCE: RELATIVE REDUCTION OF F <= FACTR*EPSMCH,-5.807808215254772,-1.1039355231099799,False,4.087622958426298e-10,2.2155646363175006e-06,67.71502230002079,-1.1039355231099799,-5.807808215254772,-1.2375308804024934,-0.6853454642527468,True
fd,1e-12,14,3,0.0,2.2438691075396943e-06,1.928825271154023e-06,4.089996583596674e-10,2.373625170376232e-13,1.0005806859376507,True,5.198109877679069e-08,4.237779278316842e-10,0.008152538861315856,50,1798,CONVERGENCE: RELATIVE REDUCTION OF F <= FACTR*EPSMCH,-1.7500591294041743,-1.2497903513149298,False,4.087622958426298e-10,2.2155646363175006e-06,17.390583700034767,-1.2497903513149298,-1.7500591294041743,-0.8521861800273112,-1.16838169294333,True
fd,1e-12,15,3,0.0,2.764382987932358e-06,2.30711393426745e-06,4.10632722144791e-10,1.8704263021612093e-12,1.0045758288403421,False,1.5384208695689016e-07,5.63955039509759e-10,0.003665804661553969,106,3782,CONVERGENCE: RELATIVE REDUCTION OF F <= FACTR*EPSMCH,-1.939405704581655,-1.32836217592906,False,4.087622958426298e-10,2.2155646363175006e-06,23.68665249994956,-1.32836217592906,-1.939405704581655,-0.980556512240459,-1.2032445875050775,True
fd,1e-12,16,3,0.0,1.898246432075125e-05,1.685283134357493e-05,6.831784192645813e-10,2.7441612342195154e-10,1.6713342356008283,False,5.627044761316974e-07,7.861858592306723e-10,0.0013971558652514976,427,16027,CONVERGENCE: RELATIVE REDUCTION OF F <= FACTR*EPSMCH,-4.000979433024508,-0.9434373148266942,False,4.087622958426298e-10,2.2155646363175006e-06,98.29028930002823,-0.9434373148266942,-4.000979433024508,-0.7747541191392427,-1.3212753299254159,True
fd,1e-12,17,3,0.0,0.0007136114826762783,0.0006442158160250946,4.152638649547412e-07,4.148551026588986e-07,1015.9055010166946,False,1.1395808366761769e-07,3.098456451747293e-09,0.027189439766156318,228,8432,CONVERGENCE: RELATIVE REDUCTION OF F <= FACTR*EPSMCH,-1.9249754391871856,-0.4603363262044391,False,4.087622958426298e-10,2.2155646363175006e-06,63.529528700048104,-1.9249754391871856,-0.4603363262044391,-0.4934706162695559,-1.5437443434672016,True
fd,1e-12,18,3,0.0,3.6211776316694125e-05,3.276945273620429e-05,1.466818111104056e-09,1.0580558152614261e-09,3.588437891709976,False,7.257009236666092e-08,3.599252935381351e-10,0.00495969182069674,31,1054,CONVERGENCE: RELATIVE REDUCTION OF F <= FACTR*EPSMCH,-1.9627644002651616,-1.2087721268722482,False,4.087622958426298e-10,2.2155646363175006e-06,16.113745899987407,-1.2087721268722482,-1.9627644002651616,-1.1646507722555672,-0.8258693017932005,True
fd,1e-12,19,3,0.0,2.3129566750925428e-06,1.9852509588513923e-06,4.0935724081185066e-10,5.949449692208674e-13,1.0014554790773802,True,9.852498167621966e-08,3.508169146996518e-10,0.0035606899766044433,138,5053,CONVERGENCE: RELATIVE REDUCTION OF F <= FACTR*EPSMCH,-2.70462951012417,-1.429710158254775,False,4.087622958426298e-10,2.2155646363175006e-06,42.73911990004126,-1.429710158254775,-2.70462951012417,-1.4524780001321766,-1.0733890432868287,True
exact,1e-12,0,3,0.0,6.134319028690261e-05,5.5652495200272215e-05,3.4828175188980034e-09,3.0740552230553734e-09,8.520398173511728,False,8.068084231182732e-08,3.404488015706994e-10,0.004219698156532405,272,332,CONVERGENCE: RELATIVE REDUCTION OF F <= FACTR*EPSMCH,-5.94562640207267,-1.2072671652463514,False,4.087622958426298e-10,2.2155646363175006e-06,98.29431420005858,-1.2072671652463514,-5.94562640207267,-1.1144314564168347,-0.9449512191324877,True
exact,1e-12,1,3,0.0,0.0001784467854173468,0.00017182123273752677,2.991784649156255e-08,2.950908419571992e-08,73.1913065266682,False,2.3850741509920993e-07,8.833300056169415e-10,0.0037035746047958725,291,380,CONVERGENCE: RELATIVE REDUCTION OF F <= FACTR*EPSMCH,-8.0,-0.7672419202780065,True,4.087622958426298e-10,2.2155646363175006e-06,116.88989690004382,-0.7672419202780065,-8.0,-0.9465892506253473,-0.9456695172443591,True
exact,1e-12,2,3,0.0,1.560060238246469e-05,1.494190790510515e-05,6.341576028978324e-10,2.2539530705520265e-10,1.5514092404011206,False,6.014668424356787e-07,7.456521706960983e-10,0.0012397228210894084,303,357,CONVERGENCE: RELATIVE REDUCTION OF F <= FACTR*EPSMCH,-2.958848097230613,-0.6836321820022343,False,4.087622958426298e-10,2.2155646363175006e-06,114.56427730002906,-0.6836321820022343,-2.958848097230613,-1.4323528667886203,-1.37620785346608,True
exact,1e-12,3,3,0.0,0.00019678527288183488,0.00017903734952492368,3.2397698995780184e-08,3.198893669993755e-08,79.25804147125409,False,5.489019621491332e-07,2.8683911098756963e-09,0.005225689299132752,660,793,CONVERGENCE: RELATIVE REDUCTION OF F <= FACTR*EPSMCH,-1.455694003266835,-0.1709762029076669,False,4.087622958426298e-10,2.2155646363175006e-06,213.19924340001307,-1.455694003266835,-0.1709762029076669,-1.060889669769776,-0.7494215996810771,True
exact,1e-12,4,3,0.0,3.3794719233993005e-06,2.7932910285138475e-06,4.1241599646723245e-10,3.653700624602657e-12,1.0089384482418342,False,1.2551209375247245e-07,9.506664597991026e-10,0.007574301657925896,550,678,CONVERGENCE: RELATIVE REDUCTION OF F <= FACTR*EPSMCH,-1.2271734194813135,-0.7999419036396964,False,4.087622958426298e-10,2.2155646363175006e-06,176.16352299996652,-0.7999419036396964,-1.2271734194813135,-0.8060320381354851,-1.529515010546267,True
exact,1e-12,5,3,0.0,7.022514381973839e-05,6.508543733982599e-05,4.667507475424741e-09,4.258745179582111e-09,11.418635042654948,False,4.8848027276499023e-08,5.436411082173093e-10,0.01112923363598876,74,83,CONVERGENCE: RELATIVE REDUCTION OF F <= FACTR*EPSMCH,-3.433270455260486,-1.2913942942868795,False,4.087622958426298e-10,2.2155646363175006e-06,29.90813110000454,-1.2913942942868795,-3.433270455260486,-1.2451868390110032,-1.0432888062155081,True
exact,1e-12,6,3,0.0,7.618979086595958e-05,7.352412884060566e-05,5.803902553495382e-09,5.395140257652752e-09,14.198722858063793,False,7.760526876441264e-08,4.4301064097023536e-10,0.005708512424782507,115,139,CONVERGENCE: RELATIVE REDUCTION OF F <= FACTR*EPSMCH,-7.687135533290016,-1.2778053329857064,False,4.087622958426298e-10,2.2155646363175006e-06,44.05493490002118,-1.2778053329857064,-7.687135533290016,-0.9112303992105164,-1.2155470182067178,True
exact,1e-12,7,3,0.0,2.5441378596896074e-06,2.0328839283208715e-06,4.093163770425141e-10,5.540811998843024e-13,1.0013555095602498,True,5.725577895792576e-08,4.241372775197093e-10,0.0074077636395687724,236,283,CONVERGENCE: RELATIVE REDUCTION OF F <= FACTR*EPSMCH,-1.5326664095117963,-1.492511155918931,False,4.087622958426298e-10,2.2155646363175006e-06,75.33779250003863,-1.492511155918931,-1.5326664095117963,-1.012125236350268,-0.9716727534991731,True
exact,1e-12,8,3,0.0,1.5860001782821924e-05,1.4441026565264389e-05,6.086851009026257e-10,1.9992280505999588e-10,1.4890930672748852,False,1.8098374200457032e-06,1.1281986061771026e-09,0.00062337014014696,341,408,CONVERGENCE: RELATIVE REDUCTION OF F <= FACTR*EPSMCH,-2.14997236978265,-0.6411329530151896,False,4.087622958426298e-10,2.2155646363175006e-06,82.14024900004733,-0.6411329530151896,-2.14997236978265,-1.45409891536366,-0.6118833580007834,True
exact,1e-12,9,3,0.0,4.109324110281975e-05,3.778060988868806e-05,1.8210534502404e-09,1.4122911543977703e-09,4.45504262198755,False,1.1487290927869678e-07,5.140856754183194e-10,0.004475255990697337,167,195,CONVERGENCE: RELATIVE REDUCTION OF F <= FACTR*EPSMCH,-4.750292485133302,-1.0822250903240267,False,4.087622958426298e-10,2.2155646363175006e-06,27.594631999963894,-1.0822250903240267,-4.750292485133302,-0.8080981810616488,-1.2928101012075168,True
exact,1e-12,10,3,0.0,6.583003299241437e-06,6.400659064186586e-06,4.4865907718567437e-10,3.989678134304458e-11,1.097603868431164,False,2.326727670252138e-07,2.037530014549085e-10,0.000875706272203436,136,156,CONVERGENCE: RELATIVE REDUCTION OF F <= FACTR*EPSMCH,-3.4796910965822185,-1.351788592979994,False,4.087622958426298e-10,2.2155646363175006e-06,21.146086400025524,-1.351788592979994,-3.4796910965822185,-0.7540711638763298,-0.8424895123175319,True
exact,1e-12,11,3,0.0,6.927853690135285e-05,6.316149080478344e-05,4.371273294046103e-09,3.962510998203473e-09,10.693924900864653,False,3.852856823183844e-07,4.939688955113633e-10,0.0012820847443356783,303,354,CONVERGENCE: RELATIVE REDUCTION OF F <= FACTR*EPSMCH,-3.282348073378701,-0.9625963978978136,False,4.087622958426298e-10,2.2155646363175006e-06,75.25408600002993,-0.9625963978978136,-3.282348073378701,-1.3731159710157583,-0.9908405432637988,True
exact,1e-12,12,3,0.0,9.253368170711834e-05,8.499137246369685e-05,7.597853770787069e-09,7.189091474944439e-09,18.587462317493642,False,2.1787201065279e-08,1.43133202137009e-10,0.006569600276242555,42,47,CONVERGENCE: RELATIVE REDUCTION OF F <= FACTR*EPSMCH,-2.407693054215943,-1.5467853755891556,False,4.087622958426298e-10,2.2155646363175006e-06,5.930682099889964,-1.5467853755891556,-2.407693054215943,-0.8084180535136498,-1.3990215834488584,True
exact,1e-12,13,3,0.0,5.050719434779308e-06,4.1860506344209244e-06,4.215210128358368e-10,1.2758716993207004e-11,1.0312130475901795,False,2.3829966320374825e-07,4.1849525215376065e-10,0.0017561722351069529,193,227,CONVERGENCE: RELATIVE REDUCTION OF F <= FACTR*EPSMCH,-5.561560356119452,-1.0717980653350068,False,4.087622958426298e-10,2.2155646363175006e-06,57.12372920010239,-1.0717980653350068,-5.561560356119452,-1.2375308804024934,-0.6853454642527468,True
exact,1e-12,14,3,0.0,2.492661802625384e-06,2.0984989358558276e-06,4.0958490129876414e-10,8.226054561343521e-13,1.0020124298755066,True,2.350693498879546e-07,4.237631067921189e-10,0.0018027152710215297,50,58,CONVERGENCE: RELATIVE REDUCTION OF F <= FACTR*EPSMCH,-1.7501099129352151,-1.2498423063261648,False,4.087622958426298e-10,2.2155646363175006e-06,8.402728800079785,-1.2498423063261648,-1.7501099129352151,-0.8521861800273112,-1.16838169294333,True
exact,1e-12,15,3,0.0,2.4462850811355343e-06,2.1672899891040796e-06,4.102315485461544e-10,1.469252703524611e-12,1.0035943939019518,False,6.988781494696802e-08,5.660489486386872e-10,0.008099393994049091,114,129,CONVERGENCE: RELATIVE REDUCTION OF F <= FACTR*EPSMCH,-1.949100315230911,-1.326958283729133,False,4.087622958426298e-10,2.2155646363175006e-06,42.1409955000272,-1.326958283729133,-1.949100315230911,-0.980556512240459,-1.2032445875050775,True
exact,1e-12,16,3,0.0,4.579101669608641e-05,4.191517506863814e-05,2.146821347778864e-09,1.7380590519362342e-09,5.2520043301776855,False,1.7451222862803922e-07,6.936151250965217e-10,0.003974593245123896,276,329,CONVERGENCE: RELATIVE REDUCTION OF F <= FACTR*EPSMCH,-3.672491996820109,-1.181490218882155,False,4.087622958426298e-10,2.2155646363175006e-06,71.38186600001063,-1.181490218882155,-3.672491996820109,-0.7747541191392427,-1.3212753299254159,True
exact,1e-12,17,3,0.0,0.0007148773105590832,0.0006450393436104223,4.1632553355015766e-07,4.1591677125431505e-07,1018.5027772484174,False,1.3609067891054127e-07,1.457184511079408e-09,0.010707452727436851,201,228,CONVERGENCE: RELATIVE REDUCTION OF F <= FACTR*EPSMCH,-1.9285152354702524,-0.8260960994364073,False,4.087622958426298e-10,2.2155646363175006e-06,32.80772889999207,-1.9285152354702524,-0.8260960994364073,-0.4934706162695559,-1.5437443434672016,True
exact,1e-12,18,3,0.0,3.621328587283555e-05,3.277009272375318e-05,1.4668597041644087e-09,1.0580974083217789e-09,3.5885396453716414,False,7.27375704120215e-08,3.598951880630733e-10,0.004947858252955788,31,34,CONVERGENCE: RELATIVE REDUCTION OF F <= FACTR*EPSMCH,-1.9627642213405456,-1.208771996129378,False,4.087622958426298e-10,2.2155646363175006e-06,6.24402410001494,-1.208771996129378,-1.9627642213405456,-1.1646507722555672,-0.8258693017932005,True
exact,1e-12,19,3,0.0,2.7577273526594312e-06,2.3968583803023743e-06,4.1085791686055195e-10,2.0956210179221573e-12,1.0051267473522778,False,2.1304618256276878e-07,3.305552653543576e-10,0.001551566244360974,123,142,CONVERGENCE: RELATIVE REDUCTION OF F <= FACTR*EPSMCH,-2.5172132755540804,-1.4718515983892881,False,4.087622958426298e-10,2.2155646363175006e-06,18.15762219997123,-1.4718515983892881,-2.5172132755540804,-1.4524780001321766,-1.0733890432868287,True
fd,1e-18,0,3,0.0,4.130067439339108e-05,3.6968945511480114e-05,1.759094764523018e-09,1.3503324686803883e-09,4.303466299152639,False,8.509959974025943e-08,4.0492629612723035e-10,0.004758263227596185,418,16275,CONVERGENCE: RELATIVE REDUCTION OF F <= FACTR*EPSMCH,-6.768039361143854,-1.108294039883688,False,4.087622958426298e-10,2.2155646363175006e-06,53.593741299933754,-1.108294039883688,-6.768039361143854,-1.1144314564168347,-0.9449512191324877,True
fd,1e-18,1,3,0.0,8.164150167574458e-05,7.735912603658745e-05,6.381755705626908e-09,5.972993409784278e-09,15.612388350230406,False,4.4743743579089474e-08,1.3498365521496725e-09,0.030168163058678546,871,35774,CONVERGENCE: RELATIVE REDUCTION OF F <= FACTR*EPSMCH,-7.9998865444311065,-0.5236495310933258,True,4.087622958426298e-10,2.2155646363175006e-06,134.3311410000315,-0.5236495310933258,-7.9998865444311065,-0.9465892506253473,-0.9456695172443591,True
fd,1e-18,2,3,0.0,2.165284994213301e-06,1.9542044928292995e-06,4.0920508239065804e-10,4.4278654802824214e-13,1.0010832372567913,True,5.631345236421549e-08,8.858601628134675e-10,0.015730880022841384,429,16647,CONVERGENCE: RELATIVE REDUCTION OF F <= FACTR*EPSMCH,-3.026565624019007,-0.6079441282138002,False,4.087622958426298e-10,2.2155646363175006e-06,63.732360500027426,-0.6079441282138002,-3.026565624019007,-1.4323528667886203,-1.37620785346608,True
fd,1e-18,3,3,0.0,4.972069428429286e-05,4.359631980242712e-05,2.2903001722335506e-09,1.881537876390921e-09,5.603012302082034,False,2.113097459151042e-06,4.1605148920433846e-08,0.01968917654046545,1220,46345,CONVERGENCE: RELATIVE REDUCTION OF F <= FACTR*EPSMCH,-1.3573073876527333,1.1986798231517126,False,4.087622958426298e-10,2.2155646363175006e-06,193.08492139994632,-1.3573073876527333,1.1986798231517126,-1.060889669769776,-0.7494215996810771,True
fd,1e-18,4,3,0.0,1.6671921956942783e-05,1.4769030163861149e-05,6.178949459877566e-10,2.0913265014512677e-10,1.5116241206004997,False,4.185645262853878e-07,3.051878418007266e-09,0.0072912973421125965,1259,47833,CONVERGENCE: RELATIVE REDUCTION OF F <= FACTR*EPSMCH,-1.4426052653801342,-0.37133986124210816,False,4.087622958426298e-10,2.2155646363175006e-06,262.5618929999182,-1.4426052653801342,-0.37133986124210816,-0.8060320381354851,-1.529515010546267,True
fd,1e-18,5,3,0.0,2.37051460611219e-06,1.923967690169229e-06,4.089453875938204e-10,1.8309175119063196e-13,1.000447917415703,True,9.69683259615069e-09,5.832848782414766e-10,0.06015210353048898,138,5518,CONVERGENCE: RELATIVE REDUCTION OF F <= FACTR*EPSMCH,-3.4838368005110785,-1.292696262486765,False,4.087622958426298e-10,2.2155646363175006e-06,15.483310199924745,-1.292696262486765,-3.4838368005110785,-1.2451868390110032,-1.0432888062155081,True
fd,1e-18,6,3,0.0,4.798205681706238e-05,4.5642862597192515e-05,2.481921857754493e-09,2.0731595619118634e-09,6.0717974309206175,False,1.9195249150725186e-08,8.733175016601028e-10,0.04549654421271783,301,12524,CONVERGENCE: RELATIVE REDUCTION OF F <= FACTR*EPSMCH,-7.893751686289602,-0.8963981573750412,False,4.087622958426298e-10,2.2155646363175006e-06,50.83299690007698,-0.8963981573750412,-7.893751686289602,-0.9112303992105164,-1.2155470182067178,True
fd,1e-18,7,3,0.0,2.1973747460973304e-06,1.8525018459773181e-06,4.0876606975467254e-10,3.773912042752016e-15,1.000009232534608,True,2.3602117533311885e-09,4.369624351542091e-10,0.1851369626210373,232,8649,CONVERGENCE: RELATIVE REDUCTION OF F <= FACTR*EPSMCH,-1.529127033631692,-1.4984674427378106,False,4.087622958426298e-10,2.2155646363175006e-06,35.49350889993366,-1.4984674427378106,-1.529127033631692,-1.012125236350268,-0.9716727534991731,True
fd,1e-18,8,3,0.0,2.3247535620377015e-06,1.8980096719141066e-06,4.0883139659781933e-10,6.910075518953629e-14,1.0001690487500738,True,1.2767888121520673e-08,4.8747269975797254e-09,0.38179587345876104,781,30039,CONVERGENCE: RELATIVE REDUCTION OF F <= FACTR*EPSMCH,-2.4653334039745656,0.12089495278871575,False,4.087622958426298e-10,2.2155646363175006e-06,215.8317476999946,0.12089495278871575,-2.4653334039745656,-1.45409891536366,-0.6118833580007834,True
fd,1e-18,9,3,0.0,8.944055075239822e-06,7.787760400736643e-06,4.6330251050471434e-10,5.4540214662084546e-11,1.1334277041126173,False,1.1015361790960015e-08,5.752123766372357e-10,0.05221910887296464,914,35960,CONVERGENCE: RELATIVE REDUCTION OF F <= FACTR*EPSMCH,-6.048320790955568,-1.0098382448875607,False,4.087622958426298e-10,2.2155646363175006e-06,289.505063300021,-1.0098382448875607,-6.048320790955568,-0.8080981810616488,-1.2928101012075168,True
fd,1e-18,10,3,0.0,2.183525632620496e-06,1.896103282884092e-06,4.0892709864300954e-10,1.6480280037974968e-13,1.000403175151074,True,1.890806528883293e-08,2.0915149838334405e-10,0.011061496519523262,139,5549,CONVERGENCE: RELATIVE REDUCTION OF F <= FACTR*EPSMCH,-3.528455089015553,-1.3561835678226393,False,4.087622958426298e-10,2.2155646363175006e-06,37.41474819998257,-1.3561835678226393,-3.528455089015553,-0.7540711638763298,-0.8424895123175319,True
fd,1e-18,11,3,0.0,2.4102066997198027e-06,1.948207709242755e-06,4.0898788982582736e-10,2.25593983197569e-13,1.0005518952836208,True,5.3775842068346785e-08,6.845024126613453e-10,0.012728808817003221,888,34286,CONVERGENCE: RELATIVE REDUCTION OF F <= FACTR*EPSMCH,-3.4223972968560874,-0.7686815606579487,False,4.087622958426298e-10,2.2155646363175006e-06,259.58810209995136,-0.7686815606579487,-3.4223972968560874,-1.3731159710157583,-0.9908405432637988,True
fd,1e-18,12,3,0.0,2.2213964129901503e-06,1.859364662774966e-06,4.0876254280312535e-10,2.4696049555395497e-16,1.0000006041665244,True,1.0391254304410556e-10,1.399168687809031e-10,1.3464868117173838,100,3627,CONVERGENCE: RELATIVE REDUCTION OF F <= FACTR*EPSMCH,-2.496397679602434,-1.5036308152752658,False,4.087622958426298e-10,2.2155646363175006e-06,14.396311599994078,-1.5036308152752658,-2.496397679602434,-0.8084180535136498,-1.3990215834488584,True
fd,1e-18,13,3,0.0,1.8966752862210797e-05,1.6842274429449135e-05,6.831226808072753e-10,2.743603849646455e-10,1.6711978765044222,False,3.273917620391483e-08,3.2280970537960174e-10,0.009860043617743851,284,11191,CONVERGENCE: RELATIVE REDUCTION OF F <= FACTR*EPSMCH,-5.93816864394116,-1.0810654246088294,False,4.087622958426298e-10,2.2155646363175006e-06,108.54387319996022,-1.0810654246088294,-5.93816864394116,-1.2375308804024934,-0.6853454642527468,True
fd,1e-18,14,3,0.0,2.2128989335542546e-06,1.8569245543070595e-06,4.0876236186541513e-10,6.602278533553304e-17,1.000000161518775,True,5.74286519547068e-10,4.237850570148923e-10,0.7379331441544645,59,2139,CONVERGENCE: RELATIVE REDUCTION OF F <= FACTR*EPSMCH,-1.7500218784389394,-1.2497902195393733,False,4.087622958426298e-10,2.2155646363175006e-06,20.625296199927106,-1.2497902195393733,-1.7500218784389394,-0.8521861800273112,-1.16838169294333,True
fd,1e-18,15,3,0.0,2.2046288931718445e-06,1.8545478063823197e-06,4.0876341035015267e-10,1.1145075228784498e-15,1.0000027265418905,True,4.836281907582059e-10,5.639858564348081e-10,1.1661558759645956,121,4681,CONVERGENCE: RELATIVE REDUCTION OF F <= FACTR*EPSMCH,-1.9394073080753655,-1.3283402679246703,False,4.087622958426298e-10,2.2155646363175006e-06,42.45102770009544,-1.3283402679246703,-1.9394073080753655,-0.980556512240459,-1.2032445875050775,True
fd,1e-18,16,3,0.0,2.8529234561532467e-06,2.3768655362101433e-06,4.105692959368066e-10,1.807000094176831e-12,1.0044206623569618,False,6.251988214511636e-08,7.853370738309138e-10,0.012561397220936046,517,19933,CONVERGENCE: RELATIVE REDUCTION OF F <= FACTR*EPSMCH,-4.182747415868711,-0.9020225409075251,False,4.087622958426298e-10,2.2155646363175006e-06,105.05156989989337,-0.9020225409075251,-4.182747415868711,-0.7747541191392427,-1.3212753299254159,True
fd,1e-18,17,3,0.0,2.153894392775522e-06,1.847703666999564e-06,4.088056220584328e-10,4.3326215802996217e-14,1.0001059936697774,True,4.627995511919946e-09,2.650005929569089e-09,0.5726033922772154,1291,49600,CONVERGENCE: RELATIVE REDUCTION OF F <= FACTR*EPSMCH,-0.8317738433533762,-0.2854349479049583,False,4.087622958426298e-10,2.2155646363175006e-06,315.0467512999894,-0.8317738433533762,-0.2854349479049583,-0.4934706162695559,-1.5437443434672016,True
fd,1e-18,18,3,0.0,2.2067236533502677e-06,1.8553369029014026e-06,4.087629508254824e-10,6.549828526202801e-16,1.000001602356331,True,6.008735844213887e-10,3.736537592284296e-10,0.6218508666648069,62,2542,CONVERGENCE: RELATIVE REDUCTION OF F <= FACTR*EPSMCH,-1.9581526294440865,-1.1870052263984534,False,4.087622958426298e-10,2.2155646363175006e-06,11.250037600053474,-1.1870052263984534,-1.9581526294440865,-1.1646507722555672,-0.8258693017932005,True
fd,1e-18,19,3,0.0,2.2176028447540896e-06,1.8577525343432262e-06,4.087625368958768e-10,2.4105324698945953e-16,1.0000005897149749,True,3.4683960177654055e-10,3.507183665929885e-10,1.011183165926211,146,5580,CONVERGENCE: RELATIVE REDUCTION OF F <= FACTR*EPSMCH,-2.704441939780391,-1.4298171062449727,False,4.087622958426298e-10,2.2155646363175006e-06,26.20657979999669,-1.4298171062449727,-2.704441939780391,-1.4524780001321766,-1.0733890432868287,True
exact,1e-18,0,3,0.0,2.5325566586172746e-05,2.3007654521261956e-05,9.260558934529548e-10,5.17293597610325e-10,2.265512017305723,False,1.0942964524033946e-10,1.0521207967037143e-09,9.61458656283633,1716,2169,CONVERGENCE: RELATIVE REDUCTION OF F <= FACTR*EPSMCH,-8.0,-0.5173384873742879,True,4.087622958426298e-10,2.2155646363175006e-06,547.592666799901,-0.5173384873742879,-8.0,-1.1144314564168347,-0.9449512191324877,True
exact,1e-18,1,3,0.0,1.5944608663310988e-05,1.4452710094630733e-05,6.088647600863051e-10,2.0010246424367535e-10,1.4895325872245155,False,1.5344061913398668e-10,3.629473645408478e-09,23.65392987784523,2487,3264,CONVERGENCE: RELATIVE REDUCTION OF F <= FACTR*EPSMCH,-7.655530726057235,-0.043402254580488464,False,4.087622958426298e-10,2.2155646363175006e-06,699.8744543999201,-0.043402254580488464,-7.655530726057235,-0.9465892506253473,-0.9456695172443591,True
exact,1e-18,2,3,0.0,2.215523635902889e-06,1.8576847876459962e-06,4.087622973633731e-10,1.520743328640338e-18,1.0000000037203611,True,4.215482204819067e-10,8.77537576230804e-10,2.0817015316245864,451,529,CONVERGENCE: RELATIVE REDUCTION OF F <= FACTR*EPSMCH,-3.0535854405365455,-0.6133915299138792,False,4.087622958426298e-10,2.2155646363175006e-06,178.6626957000699,-0.6133915299138792,-3.0535854405365455,-1.4323528667886203,-1.37620785346608,True
exact,1e-18,3,3,0.0,2.2190481246750246e-06,1.8582460644995718e-06,4.0876248099729095e-10,1.8515466116138805e-16,1.0000004529641384,True,3.401457024903458e-08,9.571737375291064e-06,281.40109680094326,7047,8573,CONVERGENCE: RELATIVE REDUCTION OF F <= FACTR*EPSMCH,-1.371493042951316,3.707307307931912,False,4.087622958426298e-10,2.2155646363175006e-06,893.1912275000941,-1.371493042951316,3.707307307931912,-1.060889669769776,-0.7494215996810771,True
exact,1e-18,4,3,0.0,2.2155995365607646e-06,1.8577300011108604e-06,4.0876229591876944e-10,7.613964894003339e-20,1.0000000001862688,True,1.195873206310963e-10,9.553169693318427e-10,7.988446971554871,574,705,CONVERGENCE: RELATIVE REDUCTION OF F <= FACTR*EPSMCH,-1.2299523104152066,-0.7915893939880487,False,4.087622958426298e-10,2.2155646363175006e-06,197.76380289997905,-0.7915893939880487,-1.2299523104152066,-0.8060320381354851,-1.529515010546267,True
exact,1e-18,5,3,0.0,2.2155480619385108e-06,1.857716580976222e-06,4.087622960277543e-10,1.8512452035422785e-19,1.0000000004528904,True,7.327496099171316e-11,5.72872240959353e-10,7.818117310552243,151,170,CONVERGENCE: RELATIVE REDUCTION OF F <= FACTR*EPSMCH,-3.4581317012815367,-1.3033010795260973,False,4.087622958426298e-10,2.2155646363175006e-06,31.733558199950494,-1.3033010795260973,-3.4581317012815367,-1.2451868390110032,-1.0432888062155081,True
exact,1e-18,6,3,0.0,1.9231989799720544e-05,1.732327819545951e-05,6.989201704719841e-10,2.9015787462935433e-10,1.7098450066956832,False,7.185079661836663e-11,2.9358459004166776e-09,40.860311069483835,2829,3663,CONVERGENCE: RELATIVE REDUCTION OF F <= FACTR*EPSMCH,-7.98362685459611,0.03509643024878515,True,4.087622958426298e-10,2.2155646363175006e-06,380.9353054999374,0.03509643024878515,-7.98362685459611,-0.9112303992105164,-1.2155470182067178,True
exact,1e-18,7,3,0.0,2.21556082018375e-06,1.8577256838049804e-06,4.0876229585909017e-10,1.6460377201922405e-20,1.000000000040269,True,1.1948822464533284e-11,4.240719317529941e-10,35.49068814201,252,303,CONVERGENCE: RELATIVE REDUCTION OF F <= FACTR*EPSMCH,-1.5326590655334673,-1.4923117822768046,False,4.087622958426298e-10,2.2155646363175006e-06,42.77485190005973,-1.4923117822768046,-1.5326590655334673,-1.012125236350268,-0.9716727534991731,True
exact,1e-18,8,3,0.0,2.215561553713103e-06,1.8577225172013855e-06,4.087622958433168e-10,6.8702519751357405e-22,1.0000000000016807,True,6.2332006780974636e-12,1.3419044086337583e-09,215.2833637057459,442,522,CONVERGENCE: RELATIVE REDUCTION OF F <= FACTR*EPSMCH,-2.181179744393127,-0.5522868647546182,False,4.087622958426298e-10,2.2155646363175006e-06,78.85506590001751,-0.5522868647546182,-2.181179744393127,-1.45409891536366,-0.6118833580007834,True
exact,1e-18,9,3,0.0,2.2171920624537318e-06,1.8580886702314425e-06,4.0876403013415454e-10,1.7342915247424737e-15,1.0000042427874156,True,7.970463229327108e-11,5.941678441288238e-10,7.454621231330683,1491,1778,CONVERGENCE: RELATIVE REDUCTION OF F <= FACTR*EPSMCH,-5.178234547444471,-1.0516380494119042,False,4.087622958426298e-10,2.2155646363175006e-06,153.05793000000995,-1.0516380494119042,-5.178234547444471,-0.8080981810616488,-1.2928101012075168,True
exact,1e-18,10,3,0.0,2.2155559943477767e-06,1.8576977286122096e-06,4.0876229640636026e-10,5.637304633937302e-19,1.0000000013791157,True,6.862835812800223e-11,2.0443734525209025e-10,2.978904797209104,181,206,CONVERGENCE: RELATIVE REDUCTION OF F <= FACTR*EPSMCH,-3.5072017712362085,-1.3500960949184786,False,4.087622958426298e-10,2.2155646363175006e-06,18.596545899985358,-1.3500960949184786,-3.5072017712362085,-0.7540711638763298,-0.8424895123175319,True
exact,1e-18,11,3,0.0,2.2154280217689546e-06,1.8576753278782037e-06,4.087622961242821e-10,2.8165231023731513e-19,1.0000000006890368,True,1.145049422928427e-10,1.5008766859693334e-09,13.107527552224687,752,890,CONVERGENCE: RELATIVE REDUCTION OF F <= FACTR*EPSMCH,-3.57556070587697,-0.44332763965763966,False,4.087622958426298e-10,2.2155646363175006e-06,72.9392983999569,-0.44332763965763966,-3.57556070587697,-1.3731159710157583,-0.9908405432637988,True
exact,1e-18,12,3,0.0,2.2155622923386226e-06,1.8577206066449974e-06,4.08762295844604e-10,1.9742216282226542e-21,1.0000000000048297,True,1.8325408873581065e-12,1.39916246102674e-10,76.35095460510303,104,120,CONVERGENCE: RELATIVE REDUCTION OF F <= FACTR*EPSMCH,-2.4870373530740806,-1.5035678923566205,False,4.087622958426298e-10,2.2155646363175006e-06,8.832217500079423,-1.5035678923566205,-2.4870373530740806,-0.8084180535136498,-1.3990215834488584,True
exact,1e-18,13,3,0.0,2.2154556095372726e-06,1.857691319552709e-06,4.087622961086239e-10,2.65994091434416e-19,1.0000000006507306,True,4.109364662743661e-11,4.426753088587432e-10,10.772354005769504,317,369,CONVERGENCE: RELATIVE REDUCTION OF F <= FACTR*EPSMCH,-5.456409632227337,-1.0688549091968975,False,4.087622958426298e-10,2.2155646363175006e-06,27.821406500064768,-1.0688549091968975,-5.456409632227337,-1.2375308804024934,-0.6853454642527468,True
exact,1e-18,14,3,0.0,2.2155439334854255e-06,1.8577165213402304e-06,4.087622960442931e-10,2.0166332461797794e-19,1.0000000004933511,True,6.076986533160139e-11,4.237814656273227e-10,6.973546235702269,60,69,CONVERGENCE: RELATIVE REDUCTION OF F <= FACTR*EPSMCH,-1.750021170769209,-1.2497957315086399,False,4.087622958426298e-10,2.2155646363175006e-06,5.441084300051443,-1.2497957315086399,-1.750021170769209,-0.8521861800273112,-1.16838169294333,True
exact,1e-18,15,3,0.0,2.2155610302678033e-06,1.8577285987928883e-06,4.087622959033511e-10,6.072131251477466e-20,1.0000000001485492,True,2.4774072727798426e-11,5.659718178147528e-10,22.845328018258726,124,140,CONVERGENCE: RELATIVE REDUCTION OF F <= FACTR*EPSMCH,-1.9493027226400936,-1.3269496721071357,False,4.087622958426298e-10,2.2155646363175006e-06,9.894763999967836,-1.3269496721071357,-1.9493027226400936,-0.980556512240459,-1.2032445875050775,True
exact,1e-18,16,3,0.0,2.1705780202660927e-05,1.9592497445979074e-05,7.81833498499975e-10,3.7307120265734523e-10,1.9126849674045638,False,4.962756206389862e-09,4.056938109341568e-08,8.17476809382255,4346,5357,CONVERGENCE: RELATIVE REDUCTION OF F <= FACTR*EPSMCH,-6.350433489338484,0.8700461457637079,False,4.087622958426298e-10,2.2155646363175006e-06,319.5294353000354,0.8700461457637079,-6.350433489338484,-0.7747541191392427,-1.3212753299254159,True
exact,1e-18,17,3,0.0,2.21557546098269e-06,1.8577236256164118e-06,4.0876229584591515e-10,3.2853545979074877e-21,1.0000000000080373,True,8.953670544742403e-12,1.3717584309524468e-09,153.2062659774704,561,664,CONVERGENCE: RELATIVE REDUCTION OF F <= FACTR*EPSMCH,-1.244761081564429,-0.7739248732035725,False,4.087622958426298e-10,2.2155646363175006e-06,45.13358689995948,-1.244761081564429,-0.7739248732035725,-0.4934706162695559,-1.5437443434672016,True
exact,1e-18,18,3,0.0,2.2155374406553258e-06,1.8577165129590948e-06,4.0876229591833936e-10,7.57095667202941e-20,1.0000000001852165,True,2.5426974916697266e-11,3.7366505219791415e-10,14.695615716069218,63,72,CONVERGENCE: RELATIVE REDUCTION OF F <= FACTR*EPSMCH,-1.9581459941637556,-1.186972199017056,False,4.087622958426298e-10,2.2155646363175006e-06,5.180852200021036,-1.186972199017056,-1.9581459941637556,-1.1646507722555672,-0.8258693017932005,True
exact,1e-18,19,3,0.0,2.215570478185636e-06,1.857700787805672e-06,4.0876229616915293e-10,3.265231361555604e-19,1.0000000007988092,True,1.843081559873789e-11,3.307141856999835e-10,17.94354590160569,141,161,CONVERGENCE: RELATIVE REDUCTION OF F <= FACTR*EPSMCH,-2.5172749897785294,-1.4717014435458367,False,4.087622958426298e-10,2.2155646363175006e-06,11.129692299989983,-1.4717014435458367,-2.5172749897785294,-1.4524780001321766,-1.0733890432868287,True
