gradient,ftol,seed,objective,objective_gap,reached,nested_rmse,nit,nfev,message,reference_objective
fd,1e-12,0,4.089091398023678e-10,1.4684395973802543e-13,True,2.3233030031585195e-06,70,780,CONVERGENCE: RELATIVE REDUCTION OF F <= FACTR*EPSMCH,4.087622958426298e-10
fd,1e-12,1,1.592354605471319e-07,1.5882669825128925e-07,False,0.0004319944841601834,44,540,CONVERGENCE: RELATIVE REDUCTION OF F <= FACTR*EPSMCH,4.087622958426298e-10
fd,1e-12,2,4.092116559293366e-10,4.4936008670680494e-13,True,2.270707424170458e-06,96,1120,CONVERGENCE: RELATIVE REDUCTION OF F <= FACTR*EPSMCH,4.087622958426298e-10
fd,1e-12,3,4.0879822856524313e-10,3.593272261333613e-14,True,2.2355107365919367e-06,38,430,CONVERGENCE: RELATIVE REDUCTION OF F <= FACTR*EPSMCH,4.087622958426298e-10
fd,1e-12,4,4.119398096114373e-10,3.177513768807499e-12,False,2.913526579711063e-06,99,1190,CONVERGENCE: RELATIVE REDUCTION OF F <= FACTR*EPSMCH,4.087622958426298e-10
fd,1e-12,5,4.087755127597289e-10,1.321691709910366e-14,True,2.2302620326211064e-06,105,1250,CONVERGENCE: RELATIVE REDUCTION OF F <= FACTR*EPSMCH,4.087622958426298e-10
fd,1e-12,6,4.0909512957157367e-10,3.328337289438813e-13,True,2.274950990166556e-06,111,1290,CONVERGENCE: RELATIVE REDUCTION OF F <= FACTR*EPSMCH,4.087622958426298e-10
fd,1e-12,7,4.090616179421203e-10,2.9932209949049025e-13,True,2.4689973563166867e-06,88,990,CONVERGENCE: RELATIVE REDUCTION OF F <= FACTR*EPSMCH,4.087622958426298e-10
fd,1e-12,8,4.08909385095299e-10,1.4708925266920753e-13,True,2.2695550721646864e-06,109,1310,CONVERGENCE: RELATIVE REDUCTION OF F <= FACTR*EPSMCH,4.087622958426298e-10
fd,1e-12,9,4.0889023193150257e-10,1.2793608887277743e-13,True,2.3077660643734465e-06,124,1400,CONVERGENCE: RELATIVE REDUCTION OF F <= FACTR*EPSMCH,4.087622958426298e-10
fd,1e-12,10,4.090244741664784e-10,2.621783238486137e-13,True,2.189817597622588e-06,97,1130,CONVERGENCE: RELATIVE REDUCTION OF F <= FACTR*EPSMCH,4.087622958426298e-10
fd,1e-12,11,4.0913754123988997e-10,3.7524539726017567e-13,True,2.3074049313014242e-06,93,1050,CONVERGENCE: RELATIVE REDUCTION OF F <= FACTR*EPSMCH,4.087622958426298e-10
fd,1e-12,12,4.0907590505366676e-10,3.1360921103696697e-13,True,2.287021293203694e-06,112,1280,CONVERGENCE: RELATIVE REDUCTION OF F <= FACTR*EPSMCH,4.087622958426298e-10
fd,1e-12,13,4.1144672738913977e-10,2.6844315465099745e-12,False,2.7389373451876847e-06,45,500,CONVERGENCE: RELATIVE REDUCTION OF F <= FACTR*EPSMCH,4.087622958426298e-10
fd,1e-12,14,4.093945262721498e-10,6.32230429520031e-13,True,2.4427287330628484e-06,98,1110,CONVERGENCE: RELATIVE REDUCTION OF F <= FACTR*EPSMCH,4.087622958426298e-10
fd,1e-12,15,4.088572503362969e-10,9.495449366712814e-14,True,2.2443846262358135e-06,91,1150,CONVERGENCE: RELATIVE REDUCTION OF F <= FACTR*EPSMCH,4.087622958426298e-10
fd,1e-12,16,4.0880937059740715e-10,4.7074754777357834e-14,True,2.2735107675081847e-06,93,1040,CONVERGENCE: RELATIVE REDUCTION OF F <= FACTR*EPSMCH,4.087622958426298e-10
fd,1e-12,17,4.087761648748644e-10,1.3869032234620252e-14,True,2.2148318761233254e-06,68,760,CONVERGENCE: RELATIVE REDUCTION OF F <= FACTR*EPSMCH,4.087622958426298e-10
fd,1e-12,18,4.09361183530702e-10,5.988876880722147e-13,True,2.4095117513422152e-06,103,1230,CONVERGENCE: RELATIVE REDUCTION OF F <= FACTR*EPSMCH,4.087622958426298e-10
fd,1e-12,19,4.0942037491896193e-10,6.580790763321334e-13,True,2.2618766912324146e-06,62,690,CONVERGENCE: RELATIVE REDUCTION OF F <= FACTR*EPSMCH,4.087622958426298e-10
exact,1e-12,0,4.0883254453345466e-10,7.024869082487153e-14,True,2.2142648791647325e-06,68,79,CONVERGENCE: RELATIVE REDUCTION OF F <= FACTR*EPSMCH,4.087622958426298e-10
exact,1e-12,1,1.5907808092763175e-07,1.586693186317891e-07,False,0.0004314159996060502,44,54,CONVERGENCE: RELATIVE REDUCTION OF F <= FACTR*EPSMCH,4.087622958426298e-10
exact,1e-12,2,4.0905065933410766e-10,2.883634914778637e-13,True,2.2736458157726003e-06,102,115,CONVERGENCE: RELATIVE REDUCTION OF F <= FACTR*EPSMCH,4.087622958426298e-10
exact,1e-12,3,4.088841280357516e-10,1.2183219312182494e-13,True,2.233718021072959e-06,37,43,CONVERGENCE: RELATIVE REDUCTION OF F <= FACTR*EPSMCH,4.087622958426298e-10
exact,1e-12,4,4.099208492504858e-10,1.1585534078559904e-12,False,2.7819361490191685e-06,95,114,CONVERGENCE: RELATIVE REDUCTION OF F <= FACTR*EPSMCH,4.087622958426298e-10
exact,1e-12,5,4.0880369617247123e-10,4.140032984143682e-14,True,2.20063819181208e-06,106,125,CONVERGENCE: RELATIVE REDUCTION OF F <= FACTR*EPSMCH,4.087622958426298e-10
exact,1e-12,6,4.089982233566214e-10,2.359275139916005e-13,True,2.2572778062180904e-06,109,134,CONVERGENCE: RELATIVE REDUCTION OF F <= FACTR*EPSMCH,4.087622958426298e-10
exact,1e-12,7,4.0877015424481413e-10,7.858402184338241e-15,True,2.2122650180590534e-06,87,99,CONVERGENCE: RELATIVE REDUCTION OF F <= FACTR*EPSMCH,4.087622958426298e-10
exact,1e-12,8,4.0883695555579e-10,7.465971316018933e-14,True,2.258395899045604e-06,114,130,CONVERGENCE: RELATIVE REDUCTION OF F <= FACTR*EPSMCH,4.087622958426298e-10
exact,1e-12,9,4.0885062741635647e-10,8.833157372667862e-14,True,2.2676542556941106e-06,119,137,CONVERGENCE: RELATIVE REDUCTION OF F <= FACTR*EPSMCH,4.087622958426298e-10
exact,1e-12,10,4.088359314020935e-10,7.363555946370183e-14,True,2.2408584837106605e-06,102,127,CONVERGENCE: RELATIVE REDUCTION OF F <= FACTR*EPSMCH,4.087622958426298e-10
exact,1e-12,11,4.1251466039969774e-10,3.752364557067945e-12,False,2.562865269850343e-06,92,105,CONVERGENCE: RELATIVE REDUCTION OF F <= FACTR*EPSMCH,4.087622958426298e-10
exact,1e-12,12,4.0878786440574134e-10,2.5568563111550863e-14,True,2.2254744883646506e-06,111,124,CONVERGENCE: RELATIVE REDUCTION OF F <= FACTR*EPSMCH,4.087622958426298e-10
exact,1e-12,13,4.107124465958692e-10,1.9501507532394285e-12,False,2.6491819030131117e-06,45,50,CONVERGENCE: RELATIVE REDUCTION OF F <= FACTR*EPSMCH,4.087622958426298e-10
exact,1e-12,14,4.088476522567281e-10,8.535641409832852e-14,True,2.3201916598424884e-06,102,114,CONVERGENCE: RELATIVE REDUCTION OF F <= FACTR*EPSMCH,4.087622958426298e-10
exact,1e-12,15,4.0878940554264695e-10,2.7109700017158445e-14,True,2.200691343476435e-06,94,117,CONVERGENCE: RELATIVE REDUCTION OF F <= FACTR*EPSMCH,4.087622958426298e-10
exact,1e-12,16,4.088098055396053e-10,4.750969697550082e-14,True,2.2186765890593975e-06,90,104,CONVERGENCE: RELATIVE REDUCTION OF F <= FACTR*EPSMCH,4.087622958426298e-10
exact,1e-12,17,4.094588179804095e-10,6.965221377797041e-13,True,2.2519079156316697e-06,65,71,CONVERGENCE: RELATIVE REDUCTION OF F <= FACTR*EPSMCH,4.087622958426298e-10
exact,1e-12,18,4.106770194064062e-10,1.914723563776387e-12,False,2.609883031652448e-06,108,124,CONVERGENCE: RELATIVE REDUCTION OF F <= FACTR*EPSMCH,4.087622958426298e-10
exact,1e-12,19,4.088244155774631e-10,6.211973483332843e-14,True,2.270057920875985e-06,64,68,CONVERGENCE: RELATIVE REDUCTION OF F <= FACTR*EPSMCH,4.087622958426298e-10
fd,1e-18,0,4.0876306735327435e-10,7.715106445570148e-16,True,2.2252601451221598e-06,77,850,CONVERGENCE: RELATIVE REDUCTION OF F <= FACTR*EPSMCH,4.087622958426298e-10
fd,1e-18,1,4.0876315312196194e-10,8.572793321432827e-16,True,2.2257366776341186e-06,94,1250,CONVERGENCE: RELATIVE REDUCTION OF F <= FACTR*EPSMCH,4.087622958426298e-10
fd,1e-18,2,4.087631672456439e-10,8.714030141223332e-16,True,2.2258894843203437e-06,104,1390,CONVERGENCE: RELATIVE REDUCTION OF F <= FACTR*EPSMCH,4.087622958426298e-10
fd,1e-18,3,4.087631231726385e-10,8.273300087128827e-16,True,2.2253458621841795e-06,46,630,CONVERGENCE: RELATIVE REDUCTION OF F <= FACTR*EPSMCH,4.087622958426298e-10
fd,1e-18,4,4.0876316385523883e-10,8.680126090341976e-16,True,2.2255762687547896e-06,109,1550,CONVERGENCE: RELATIVE REDUCTION OF F <= FACTR*EPSMCH,4.087622958426298e-10
fd,1e-18,5,4.0876317284586036e-10,8.770032305625431e-16,True,2.225907978364165e-06,109,1530,CONVERGENCE: RELATIVE REDUCTION OF F <= FACTR*EPSMCH,4.087622958426298e-10
fd,1e-18,6,4.087630735648531e-10,7.777222233120238e-16,True,2.225008333037003e-06,116,1530,CONVERGENCE: RELATIVE REDUCTION OF F <= FACTR*EPSMCH,4.087622958426298e-10
fd,1e-18,7,4.087629040693419e-10,6.082267121004106e-16,True,2.2240449688615285e-06,94,1150,CONVERGENCE: RELATIVE REDUCTION OF F <= FACTR*EPSMCH,4.087622958426298e-10
fd,1e-18,8,4.0876315150380646e-10,8.556611766652869e-16,True,2.2257512647601568e-06,113,1500,CONVERGENCE: RELATIVE REDUCTION OF F <= FACTR*EPSMCH,4.087622958426298e-10
fd,1e-18,9,4.0876316866375636e-10,8.728211265674347e-16,True,2.225116938134568e-06,132,1690,CONVERGENCE: RELATIVE REDUCTION OF F <= FACTR*EPSMCH,4.087622958426298e-10
fd,1e-18,10,4.0876312454017165e-10,8.286975418552611e-16,True,2.2257121850269557e-06,103,1260,CONVERGENCE: RELATIVE REDUCTION OF F <= FACTR*EPSMCH,4.087622958426298e-10
fd,1e-18,11,4.087631349500437e-10,8.391074139258334e-16,True,2.225887293063024e-06,100,1250,CONVERGENCE: RELATIVE REDUCTION OF F <= FACTR*EPSMCH,4.087622958426298e-10
fd,1e-18,12,4.087629990456418e-10,7.032030119895974e-16,True,2.22455009359884e-06,118,1390,CONVERGENCE: RELATIVE REDUCTION OF F <= FACTR*EPSMCH,4.087622958426298e-10
fd,1e-18,13,4.0876308174190864e-10,7.85899278845217e-16,True,2.223920557845851e-06,53,840,CONVERGENCE: RELATIVE REDUCTION OF F <= FACTR*EPSMCH,4.087622958426298e-10
fd,1e-18,14,4.0876307986787456e-10,7.840252447641001e-16,True,2.2255719696703675e-06,104,1300,CONVERGENCE: RELATIVE REDUCTION OF F <= FACTR*EPSMCH,4.087622958426298e-10
fd,1e-18,15,4.0876317313894415e-10,8.772963143537495e-16,True,2.225906272263947e-06,98,1400,CONVERGENCE: RELATIVE REDUCTION OF F <= FACTR*EPSMCH,4.087622958426298e-10
fd,1e-18,16,4.0876304683621865e-10,7.509935888596631e-16,True,2.2252903527176676e-06,96,1210,CONVERGENCE: RELATIVE REDUCTION OF F <= FACTR*EPSMCH,4.087622958426298e-10
fd,1e-18,17,4.087629274385173e-10,6.315958875321222e-16,True,2.224246642469837e-06,70,910,CONVERGENCE: RELATIVE REDUCTION OF F <= FACTR*EPSMCH,4.087622958426298e-10
fd,1e-18,18,4.0876318123731e-10,8.853946801952706e-16,True,2.2259551722594563e-06,112,1330,CONVERGENCE: RELATIVE REDUCTION OF F <= FACTR*EPSMCH,4.087622958426298e-10
fd,1e-18,19,4.087630323351046e-10,7.364924748102598e-16,True,2.223749856231345e-06,70,890,CONVERGENCE: RELATIVE REDUCTION OF F <= FACTR*EPSMCH,4.087622958426298e-10
exact,1e-18,0,4.087622958440167e-10,1.3869233933100046e-21,True,2.2155637351349254e-06,74,85,CONVERGENCE: RELATIVE REDUCTION OF F <= FACTR*EPSMCH,4.087622958426298e-10
exact,1e-18,1,4.0876229617959257e-10,3.36962775871439e-19,True,2.2156597196502294e-06,92,113,CONVERGENCE: RELATIVE REDUCTION OF F <= FACTR*EPSMCH,4.087622958426298e-10
exact,1e-18,2,4.0876229584631343e-10,3.6836420628517705e-21,True,2.215574694668553e-06,109,122,CONVERGENCE: RELATIVE REDUCTION OF F <= FACTR*EPSMCH,4.087622958426298e-10
exact,1e-18,3,4.087622959868389e-10,1.442091170288463e-19,True,2.2156885562519887e-06,47,54,CONVERGENCE: RELATIVE REDUCTION OF F <= FACTR*EPSMCH,4.087622958426298e-10
exact,1e-18,4,4.087622958607788e-10,1.8149014723661127e-20,True,2.215565513747206e-06,105,124,CONVERGENCE: RELATIVE REDUCTION OF F <= FACTR*EPSMCH,4.087622958426298e-10
exact,1e-18,5,4.0876229615708643e-10,3.144566389699431e-19,True,2.2155099692907697e-06,114,134,CONVERGENCE: RELATIVE REDUCTION OF F <= FACTR*EPSMCH,4.087622958426298e-10
exact,1e-18,6,4.0876229586055314e-10,1.7923349512799004e-20,True,2.2155833391447154e-06,116,141,CONVERGENCE: RELATIVE REDUCTION OF F <= FACTR*EPSMCH,4.087622958426298e-10
exact,1e-18,7,4.0876229595051177e-10,1.0788198116371985e-19,True,2.2155200324244152e-06,91,103,CONVERGENCE: RELATIVE REDUCTION OF F <= FACTR*EPSMCH,4.087622958426298e-10
exact,1e-18,8,4.087622959311312e-10,8.850139790554383e-20,True,2.2155600646093402e-06,120,136,CONVERGENCE: RELATIVE REDUCTION OF F <= FACTR*EPSMCH,4.087622958426298e-10
exact,1e-18,9,4.0876229597522136e-10,1.3259157212069217e-19,True,2.2155490938532975e-06,128,146,CONVERGENCE: RELATIVE REDUCTION OF F <= FACTR*EPSMCH,4.087622958426298e-10
exact,1e-18,10,4.087622966924304e-10,8.498005901863262e-19,True,2.215617167278598e-06,109,135,CONVERGENCE: RELATIVE REDUCTION OF F <= FACTR*EPSMCH,4.087622958426298e-10
exact,1e-18,11,4.087622958437088e-10,1.07900541028714e-21,True,2.2155671963245013e-06,100,113,CONVERGENCE: RELATIVE REDUCTION OF F <= FACTR*EPSMCH,4.087622958426298e-10
exact,1e-18,12,4.087622958717502e-10,2.912042817583478e-20,True,2.2155469942514928e-06,117,130,CONVERGENCE: RELATIVE REDUCTION OF F <= FACTR*EPSMCH,4.087622958426298e-10
exact,1e-18,13,4.087622964175985e-10,5.749686942922405e-19,True,2.2154777841325184e-06,56,62,CONVERGENCE: RELATIVE REDUCTION OF F <= FACTR*EPSMCH,4.087622958426298e-10
exact,1e-18,14,4.0876229584541207e-10,2.782273689110393e-21,True,2.215564186408776e-06,107,119,CONVERGENCE: RELATIVE REDUCTION OF F <= FACTR*EPSMCH,4.087622958426298e-10
exact,1e-18,15,4.0876229584683513e-10,4.205334535431308e-21,True,2.215563117898139e-06,100,123,CONVERGENCE: RELATIVE REDUCTION OF F <= FACTR*EPSMCH,4.087622958426298e-10
exact,1e-18,16,4.0876229585218394e-10,9.554142870140608e-21,True,2.215554730505529e-06,96,110,CONVERGENCE: RELATIVE REDUCTION OF F <= FACTR*EPSMCH,4.087622958426298e-10
exact,1e-18,17,4.087622959080762e-10,6.544642666761898e-20,True,2.215518226503236e-06,74,81,CONVERGENCE: RELATIVE REDUCTION OF F <= FACTR*EPSMCH,4.087622958426298e-10
exact,1e-18,18,4.087622958949843e-10,5.235448401637736e-20,True,2.215623821240406e-06,120,137,CONVERGENCE: RELATIVE REDUCTION OF F <= FACTR*EPSMCH,4.087622958426298e-10
exact,1e-18,19,4.087622958806224e-10,3.79926123297137e-20,True,2.215580058317692e-06,70,74,CONVERGENCE: RELATIVE REDUCTION OF F <= FACTR*EPSMCH,4.087622958426298e-10
