target,n_layers,sigma_rel,sigma_abs,seed,ftol,arm,nfev,seconds,nested_rmse,nested_linf,shifted_rmse,train_rmse_noisy,objective_noisy
triangle,3,0.0,0.0,0,1e-18,full_ridge,0,0.0,1.735462899783449e-06,1.4325628578171212e-05,1.9690950221376376e-06,1.4071521847876198e-06,4.07644685092163e-10
triangle,3,0.0,0.0,0,1e-18,odd_ridge,0,0.0,2.2155646363175006e-06,1.50937888577507e-05,2.4749389625373233e-06,1.8577224959762688e-06,4.087622958426298e-10
triangle,3,0.0,0.0,0,1e-18,spherical_odd,850,0.1562741000088863,2.2252601451221598e-06,1.5268575595861478e-05,2.488794357840497e-06,1.8608205518497504e-06,4.0876306735327435e-10
triangle,3,0.0,0.0,0,1e-18,equivariant,16275,12.578101899998728,4.130067439339108e-05,0.00025479488570759323,4.452389476807261e-05,3.6968945511480114e-05,1.759094764523018e-09
triangle,3,0.0,0.0,1,1e-18,full_ridge,0,0.0,1.735462899783449e-06,1.4325628578171212e-05,1.9690950221376376e-06,1.4071521847876198e-06,4.07644685092163e-10
triangle,3,0.0,0.0,1,1e-18,odd_ridge,0,0.0,2.2155646363175006e-06,1.50937888577507e-05,2.4749389625373233e-06,1.8577224959762688e-06,4.087622958426298e-10
triangle,3,0.0,0.0,1,1e-18,spherical_odd,1250,0.1376468000235036,2.2257366776341186e-06,1.5276510683392974e-05,2.489459885366104e-06,1.860998529913039e-06,4.0876315312196194e-10
triangle,3,0.0,0.0,1,1e-18,equivariant,35774,26.352283300017007,8.164150167574458e-05,0.0003893849390041171,8.504695243710271e-05,7.735912603658745e-05,6.381755705626908e-09
triangle,3,0.0,0.0,2,1e-18,full_ridge,0,0.0,1.735462899783449e-06,1.4325628578171212e-05,1.9690950221376376e-06,1.4071521847876198e-06,4.07644685092163e-10
triangle,3,0.0,0.0,2,1e-18,odd_ridge,0,0.0,2.2155646363175006e-06,1.50937888577507e-05,2.4749389625373233e-06,1.8577224959762688e-06,4.087622958426298e-10
triangle,3,0.0,0.0,2,1e-18,spherical_odd,1390,0.16482850001193583,2.2258894843203437e-06,1.527978953586029e-05,2.48968923594474e-06,1.8610283576986958e-06,4.087631672456439e-10
triangle,3,0.0,0.0,2,1e-18,equivariant,16647,11.832052900048438,2.165284994213301e-06,1.119722575645965e-05,2.330309516249378e-06,1.9542044928292995e-06,4.0920508239065804e-10
triangle,3,0.0,0.0,3,1e-18,full_ridge,0,0.0,1.735462899783449e-06,1.4325628578171212e-05,1.9690950221376376e-06,1.4071521847876198e-06,4.07644685092163e-10
triangle,3,0.0,0.0,3,1e-18,odd_ridge,0,0.0,2.2155646363175006e-06,1.50937888577507e-05,2.4749389625373233e-06,1.8577224959762688e-06,4.087622958426298e-10
triangle,3,0.0,0.0,3,1e-18,spherical_odd,630,0.05000879999715835,2.2253458621841795e-06,1.526767851947608e-05,2.4888665625142206e-06,1.86093257250443e-06,4.087631231726385e-10
triangle,3,0.0,0.0,3,1e-18,equivariant,46345,31.30314080003882,4.972069428429286e-05,0.00033729287253103646,5.424180718772479e-05,4.359631980242712e-05,2.2903001722335506e-09
triangle,3,0.0,0.0,4,1e-18,full_ridge,0,0.0,1.735462899783449e-06,1.4325628578171212e-05,1.9690950221376376e-06,1.4071521847876198e-06,4.07644685092163e-10
triangle,3,0.0,0.0,4,1e-18,odd_ridge,0,0.0,2.2155646363175006e-06,1.50937888577507e-05,2.4749389625373233e-06,1.8577224959762688e-06,4.087622958426298e-10
triangle,3,0.0,0.0,4,1e-18,spherical_odd,1550,0.13139769999543205,2.2255762687547896e-06,1.5271590690979497e-05,2.489190956873157e-06,1.8610132504923322e-06,4.0876316385523883e-10
triangle,3,0.0,0.0,4,1e-18,equivariant,47833,31.953153199981898,1.6671921956942783e-05,0.00010491080181168622,1.80735848843634e-05,1.4769030163861149e-05,6.178949459877566e-10
triangle,3,0.0,0.0,5,1e-18,full_ridge,0,0.0,1.735462899783449e-06,1.4325628578171212e-05,1.9690950221376376e-06,1.4071521847876198e-06,4.07644685092163e-10
triangle,3,0.0,0.0,5,1e-18,odd_ridge,0,0.0,2.2155646363175006e-06,1.50937888577507e-05,2.4749389625373233e-06,1.8577224959762688e-06,4.087622958426298e-10
triangle,3,0.0,0.0,5,1e-18,spherical_odd,1530,0.12716209999052808,2.225907978364165e-06,1.528000019404563e-05,2.4897129535647282e-06,1.861038402500091e-06,4.0876317284586036e-10
triangle,3,0.0,0.0,5,1e-18,equivariant,5518,3.825647299992852,2.37051460611219e-06,1.7644060102850467e-05,2.6852651610086026e-06,1.923967690169229e-06,4.089453875938204e-10
triangle,3,0.0,0.0,6,1e-18,full_ridge,0,0.0,1.735462899783449e-06,1.4325628578171212e-05,1.9690950221376376e-06,1.4071521847876198e-06,4.07644685092163e-10
triangle,3,0.0,0.0,6,1e-18,odd_ridge,0,0.0,2.2155646363175006e-06,1.50937888577507e-05,2.4749389625373233e-06,1.8577224959762688e-06,4.087622958426298e-10
triangle,3,0.0,0.0,6,1e-18,spherical_odd,1530,0.17154119996121153,2.225008333037003e-06,1.526410670599221e-05,2.488449829586224e-06,1.8607130774540274e-06,4.087630735648531e-10
triangle,3,0.0,0.0,6,1e-18,equivariant,12524,9.423352799960412,4.798205681706238e-05,0.0002122603498232456,4.982539792042441e-05,4.5642862597192515e-05,2.481921857754493e-09
triangle,3,0.0,0.0,7,1e-18,full_ridge,0,0.0,1.735462899783449e-06,1.4325628578171212e-05,1.9690950221376376e-06,1.4071521847876198e-06,4.07644685092163e-10
triangle,3,0.0,0.0,7,1e-18,odd_ridge,0,0.0,2.2155646363175006e-06,1.50937888577507e-05,2.4749389625373233e-06,1.8577224959762688e-06,4.087622958426298e-10
triangle,3,0.0,0.0,7,1e-18,spherical_odd,1150,0.09304110001539811,2.2240449688615285e-06,1.5248067870177184e-05,2.487106405848306e-06,1.860348620575693e-06,4.087629040693419e-10
triangle,3,0.0,0.0,7,1e-18,equivariant,8649,5.935672999999952,2.1973747460973304e-06,1.4754040427916726e-05,2.448537987256522e-06,1.8525018459773181e-06,4.0876606975467254e-10
triangle,3,0.0,0.0,8,1e-18,full_ridge,0,0.0,1.735462899783449e-06,1.4325628578171212e-05,1.9690950221376376e-06,1.4071521847876198e-06,4.07644685092163e-10
triangle,3,0.0,0.0,8,1e-18,odd_ridge,0,0.0,2.2155646363175006e-06,1.50937888577507e-05,2.4749389625373233e-06,1.8577224959762688e-06,4.087622958426298e-10
triangle,3,0.0,0.0,8,1e-18,spherical_odd,1500,0.15143739996710792,2.2257512647601568e-06,1.5278070379876052e-05,2.489496897959893e-06,1.8609772512644386e-06,4.0876315150380646e-10
triangle,3,0.0,0.0,8,1e-18,equivariant,30039,19.598137599998154,2.3247535620377015e-06,1.696597467695793e-05,2.6270624765529e-06,1.8980096719141066e-06,4.0883139659781933e-10
triangle,3,0.0,0.0,9,1e-18,full_ridge,0,0.0,1.735462899783449e-06,1.4325628578171212e-05,1.9690950221376376e-06,1.4071521847876198e-06,4.07644685092163e-10
triangle,3,0.0,0.0,9,1e-18,odd_ridge,0,0.0,2.2155646363175006e-06,1.50937888577507e-05,2.4749389625373233e-06,1.8577224959762688e-06,4.087622958426298e-10
triangle,3,0.0,0.0,9,1e-18,spherical_odd,1690,0.19671759998891503,2.225116938134568e-06,1.5261213921674566e-05,2.488481735558264e-06,1.8609592914202284e-06,4.0876316866375636e-10
triangle,3,0.0,0.0,9,1e-18,equivariant,35960,22.989432099973783,8.944055075239822e-06,5.8689855785831746e-05,9.78498416031234e-06,7.787760400736643e-06,4.6330251050471434e-10
triangle,3,0.0,0.0,10,1e-18,full_ridge,0,0.0,1.735462899783449e-06,1.4325628578171212e-05,1.9690950221376376e-06,1.4071521847876198e-06,4.07644685092163e-10
triangle,3,0.0,0.0,10,1e-18,odd_ridge,0,0.0,2.2155646363175006e-06,1.50937888577507e-05,2.4749389625373233e-06,1.8577224959762688e-06,4.087622958426298e-10
triangle,3,0.0,0.0,10,1e-18,spherical_odd,1260,0.09328959998674691,2.2257121850269557e-06,1.5277535390545438e-05,2.4894563924564456e-06,1.8609372666637265e-06,4.0876312454017165e-10
triangle,3,0.0,0.0,10,1e-18,equivariant,5549,4.158445399953052,2.183525632620496e-06,1.330449238759468e-05,2.398775164509294e-06,1.896103282884092e-06,4.0892709864300954e-10
triangle,3,0.0,0.0,11,1e-18,full_ridge,0,0.0,1.735462899783449e-06,1.4325628578171212e-05,1.9690950221376376e-06,1.4071521847876198e-06,4.07644685092163e-10
triangle,3,0.0,0.0,11,1e-18,odd_ridge,0,0.0,2.2155646363175006e-06,1.50937888577507e-05,2.4749389625373233e-06,1.8577224959762688e-06,4.087622958426298e-10
triangle,3,0.0,0.0,11,1e-18,spherical_odd,1250,0.17145979998167604,2.225887293063024e-06,1.5283671523924625e-05,2.4897526303850876e-06,1.860918626655643e-06,4.087631349500437e-10
triangle,3,0.0,0.0,11,1e-18,equivariant,34286,22.563015099964105,2.4102066997198027e-06,1.8090620150401637e-05,2.734820417260926e-06,1.948207709242755e-06,4.0898788982582736e-10
triangle,3,0.0,0.0,12,1e-18,full_ridge,0,0.0,1.735462899783449e-06,1.4325628578171212e-05,1.9690950221376376e-06,1.4071521847876198e-06,4.07644685092163e-10
triangle,3,0.0,0.0,12,1e-18,odd_ridge,0,0.0,2.2155646363175006e-06,1.50937888577507e-05,2.4749389625373233e-06,1.8577224959762688e-06,4.087622958426298e-10
triangle,3,0.0,0.0,12,1e-18,spherical_odd,1390,0.10525579995010048,2.22455009359884e-06,1.5264755398647356e-05,2.4879230673731835e-06,1.8603592387456244e-06,4.087629990456418e-10
triangle,3,0.0,0.0,12,1e-18,equivariant,3627,2.447986800048966,2.2213964129901503e-06,1.5205131617124223e-05,2.4834057410849203e-06,1.859364662774966e-06,4.0876254280312535e-10
triangle,3,0.0,0.0,13,1e-18,full_ridge,0,0.0,1.735462899783449e-06,1.4325628578171212e-05,1.9690950221376376e-06,1.4071521847876198e-06,4.07644685092163e-10
triangle,3,0.0,0.0,13,1e-18,odd_ridge,0,0.0,2.2155646363175006e-06,1.50937888577507e-05,2.4749389625373233e-06,1.8577224959762688e-06,4.087622958426298e-10
triangle,3,0.0,0.0,13,1e-18,spherical_odd,840,0.05961400002706796,2.223920557845851e-06,1.5238036726678006e-05,2.4867660527485312e-06,1.860583065292429e-06,4.0876308174190864e-10
triangle,3,0.0,0.0,13,1e-18,equivariant,11191,8.379355400044005,1.8966752862210797e-05,0.00011904262178244474,2.0535465711279137e-05,1.6842274429449135e-05,6.831226808072753e-10
triangle,3,0.0,0.0,14,1e-18,full_ridge,0,0.0,1.735462899783449e-06,1.4325628578171212e-05,1.9690950221376376e-06,1.4071521847876198e-06,4.07644685092163e-10
triangle,3,0.0,0.0,14,1e-18,odd_ridge,0,0.0,2.2155646363175006e-06,1.50937888577507e-05,2.4749389625373233e-06,1.8577224959762688e-06,4.087622958426298e-10
triangle,3,0.0,0.0,14,1e-18,spherical_odd,1300,0.11522490001516417,2.2255719696703675e-06,1.5278076622576853e-05,2.489315079505297e-06,1.8607936824746857e-06,4.0876307986787456e-10
triangle,3,0.0,0.0,14,1e-18,equivariant,2139,1.4397339999559335,2.2128989335542546e-06,1.5044482391202152e-05,2.471094476598138e-06,1.8569245543070595e-06,4.0876236186541513e-10
triangle,3,0.0,0.0,15,1e-18,full_ridge,0,0.0,1.735462899783449e-06,1.4325628578171212e-05,1.9690950221376376e-06,1.4071521847876198e-06,4.07644685092163e-10
triangle,3,0.0,0.0,15,1e-18,odd_ridge,0,0.0,2.2155646363175006e-06,1.50937888577507e-05,2.4749389625373233e-06,1.8577224959762688e-06,4.087622958426298e-10
triangle,3,0.0,0.0,15,1e-18,spherical_odd,1400,0.11142889998154715,2.225906272263947e-06,1.5279901829978737e-05,2.4897088775707253e-06,1.861041032921311e-06,4.0876317313894415e-10
triangle,3,0.0,0.0,15,1e-18,equivariant,4681,3.164634900051169,2.2046288931718445e-06,1.488935024912541e-05,2.459098886761905e-06,1.8545478063823197e-06,4.0876341035015267e-10
triangle,3,0.0,0.0,16,1e-18,full_ridge,0,0.0,1.735462899783449e-06,1.4325628578171212e-05,1.9690950221376376e-06,1.4071521847876198e-06,4.07644685092163e-10
triangle,3,0.0,0.0,16,1e-18,odd_ridge,0,0.0,2.2155646363175006e-06,1.50937888577507e-05,2.4749389625373233e-06,1.8577224959762688e-06,4.087622958426298e-10
triangle,3,0.0,0.0,16,1e-18,spherical_odd,1210,0.10054799995850772,2.2252903527176676e-06,1.5277044820072305e-05,2.48897792291736e-06,1.8605985625709255e-06,4.0876304683621865e-10
triangle,3,0.0,0.0,16,1e-18,equivariant,19933,13.155138299975079,2.8529234561532467e-06,1.9988969201717444e-05,3.1934145018947084e-06,2.3768655362101433e-06,4.105692959368066e-10
triangle,3,0.0,0.0,17,1e-18,full_ridge,0,0.0,1.735462899783449e-06,1.4325628578171212e-05,1.9690950221376376e-06,1.4071521847876198e-06,4.07644685092163e-10
triangle,3,0.0,0.0,17,1e-18,odd_ridge,0,0.0,2.2155646363175006e-06,1.50937888577507e-05,2.4749389625373233e-06,1.8577224959762688e-06,4.087622958426298e-10
triangle,3,0.0,0.0,17,1e-18,spherical_odd,910,0.10627329995622858,2.224246642469837e-06,1.5252093602452499e-05,2.4873838870454583e-06,1.8604339341235832e-06,4.087629274385173e-10
triangle,3,0.0,0.0,17,1e-18,equivariant,49600,32.805868400027975,2.153894392775522e-06,1.3742425418628024e-05,2.3804203914005077e-06,1.847703666999564e-06,4.088056220584328e-10
triangle,3,0.0,0.0,18,1e-18,full_ridge,0,0.0,1.735462899783449e-06,1.4325628578171212e-05,1.9690950221376376e-06,1.4071521847876198e-06,4.07644685092163e-10
triangle,3,0.0,0.0,18,1e-18,odd_ridge,0,0.0,2.2155646363175006e-06,1.50937888577507e-05,2.4749389625373233e-06,1.8577224959762688e-06,4.087622958426298e-10
triangle,3,0.0,0.0,18,1e-18,spherical_odd,1330,0.12037989997770637,2.2259551722594563e-06,1.5280742290263438e-05,2.489778198789403e-06,1.861057409433339e-06,4.0876318123731e-10
triangle,3,0.0,0.0,18,1e-18,equivariant,2542,1.7258418999845162,2.2067236533502677e-06,1.4923245032216759e-05,2.462028727817035e-06,1.8553369029014026e-06,4.087629508254824e-10
triangle,3,0.0,0.0,19,1e-18,full_ridge,0,0.0,1.735462899783449e-06,1.4325628578171212e-05,1.9690950221376376e-06,1.4071521847876198e-06,4.07644685092163e-10
triangle,3,0.0,0.0,19,1e-18,odd_ridge,0,0.0,2.2155646363175006e-06,1.50937888577507e-05,2.4749389625373233e-06,1.8577224959762688e-06,4.087622958426298e-10
triangle,3,0.0,0.0,19,1e-18,spherical_odd,890,0.10242910002125427,2.223749856231345e-06,1.5234102727912369e-05,2.4865197150177202e-06,1.8605281563150345e-06,4.087630323351046e-10
triangle,3,0.0,0.0,19,1e-18,equivariant,5580,3.83186370000476,2.2176028447540896e-06,1.5149279971982121e-05,2.4782201342059885e-06,1.8577525343432262e-06,4.087625368958768e-10
triangle,3,0.001,0.00011834645469858371,0,1e-18,full_ridge,0,0.0,4.1174285347103635e-05,0.0002963472260127664,4.336842774928004e-05,0.00010255359843565275,1.092769151638162e-08
triangle,3,0.001,0.00011834645469858371,0,1e-18,odd_ridge,0,0.0,2.644494535935266e-05,7.608902203640189e-05,2.6786764511284443e-05,0.00010646744540118133,1.1743500329459166e-08
triangle,3,0.001,0.00011834645469858371,0,1e-18,spherical_odd,990,0.07273730001179501,2.6435390120854492e-05,7.591488966429694e-05,2.6775450480811132e-05,0.00010646749949371853,1.1743501090513887e-08
triangle,3,0.001,0.00011834645469858371,0,1e-18,equivariant,27001,13.79396480001742,4.1981897681651096e-05,0.00015209992229334168,4.325657507370829e-05,0.00011471042600296354,1.3551741289777176e-08
triangle,3,0.001,0.00011834645469858371,1,1e-18,full_ridge,0,0.0,3.508857100630099e-05,0.00017719144547009846,3.610137327394154e-05,0.00011003765622168154,1.2515786490212926e-08
triangle,3,0.001,0.00011834645469858371,1,1e-18,odd_ridge,0,0.0,3.2148050618646615e-05,0.0001480271937691069,3.330076904942937e-05,0.00011091188645854789,1.2710229876279944e-08
triangle,3,0.001,0.00011834645469858371,1,1e-18,spherical_odd,1010,0.08103209995897487,3.214111807013174e-05,0.00014790332748829127,3.3291941252139995e-05,0.00011091192013843865,1.2710230262773074e-08
triangle,3,0.001,0.00011834645469858371,1,1e-18,equivariant,53165,36.09898589999648,6.26601849483645e-05,0.00021763385762210707,6.409795802995048e-05,0.00013316617557841592,1.8131969097303446e-08
triangle,3,0.001,0.00011834645469858371,2,1e-18,full_ridge,0,0.0,4.777619576714634e-05,0.00025008933007572565,4.91578797605023e-05,0.0001287520029377633,1.697860754499757e-08
triangle,3,0.001,0.00011834645469858371,2,1e-18,odd_ridge,0,0.0,3.366942918867869e-05,0.000155452468708156,3.495116859704599e-05,0.00013284922466182657,1.8052120672543042e-08
triangle,3,0.001,0.00011834645469858371,2,1e-18,spherical_odd,1270,0.13591510005062446,3.3676817457470774e-05,0.00015562377320255116,3.4961426836472837e-05,0.0001328492710134771,1.805212158842368e-08
triangle,3,0.001,0.00011834645469858371,2,1e-18,equivariant,15376,9.821346200013068,3.361934544407096e-05,0.00015533334973813484,3.4901520116841445e-05,0.00013284956062121394,1.8052201587284245e-08
triangle,3,0.001,0.00011834645469858371,3,1e-18,full_ridge,0,0.0,2.944523356158012e-05,7.348461245298282e-05,2.987692759319353e-05,0.00011315492806157332,1.3209727569493903e-08
triangle,3,0.001,0.00011834645469858371,3,1e-18,odd_ridge,0,0.0,1.438751517543401e-05,4.3070423668772895e-05,1.4372587625552906e-05,0.00011591410212309297,1.3840790261706715e-08
triangle,3,0.001,0.00011834645469858371,3,1e-18,spherical_odd,570,0.05686429998604581,1.4392109983403904e-05,4.309458064968852e-05,1.4377729682927089e-05,0.00011591415297733073,1.3840791071568486e-08
triangle,3,0.001,0.00011834645469858371,3,1e-18,equivariant,21576,13.790475799993146,1.4136615528702864e-05,4.2174010869120565e-05,1.419833335032466e-05,0.00011594700008707606,1.3848226880338978e-08
triangle,3,0.001,0.00011834645469858371,4,1e-18,full_ridge,0,0.0,4.2124622212226057e-05,0.00020400541664072902,4.3142285559837144e-05,0.00011306175450323117,1.318367795281497e-08
triangle,3,0.001,0.00011834645469858371,4,1e-18,odd_ridge,0,0.0,2.939319124386069e-05,7.285585675150669e-05,2.9718353373647895e-05,0.00011658829381194045,1.3995740163394123e-08
triangle,3,0.001,0.00011834645469858371,4,1e-18,spherical_odd,1470,0.14052620000438765,2.9402487862535557e-05,7.283758945658345e-05,2.972946757400568e-05,0.00011658834636529063,1.3995741040359095e-08
triangle,3,0.001,0.00011834645469858371,4,1e-18,equivariant,30380,19.71279640001012,0.00013018517834781533,0.0007458618819003171,0.0001389840161189154,0.00015920279571020551,2.5709525792682212e-08
triangle,3,0.001,0.00011834645469858371,5,1e-18,full_ridge,0,0.0,3.7621579721564466e-05,0.00011969672158640421,3.796997210123456e-05,0.00011783866611567524,1.4288356839806773e-08
triangle,3,0.001,0.00011834645469858371,5,1e-18,odd_ridge,0,0.0,3.12108951641899e-05,8.308968425807528e-05,3.160156852557342e-05,0.00011972016342126143,1.4734567139504176e-08
triangle,3,0.001,0.00011834645469858371,5,1e-18,spherical_odd,1500,0.10765850002644584,3.1222615695330325e-05,8.327571627486652e-05,3.1615187141131186e-05,0.00011972021436260083,1.4734568014425202e-08
triangle,3,0.001,0.00011834645469858371,5,1e-18,equivariant,8742,5.617997800000012,3.133095096703891e-05,8.391938236559926e-05,3.172870076976821e-05,0.00011972044559891806,1.4734589738459222e-08
triangle,3,0.001,0.00011834645469858371,6,1e-18,full_ridge,0,0.0,3.61922824011409e-05,0.00020885208820251022,3.746914108286464e-05,0.0001137247787434105,1.3339271311943586e-08
triangle,3,0.001,0.00011834645469858371,6,1e-18,odd_ridge,0,0.0,2.6411676638299493e-05,0.00010886212736513357,2.710687548997907e-05,0.00011608661838395515,1.3882920502175886e-08
triangle,3,0.001,0.00011834645469858371,6,1e-18,spherical_odd,1650,0.11991329997545108,2.64117261355243e-05,0.0001090487695772635,2.7109816041466325e-05,0.0001160866712871408,1.3882921366925169e-08
triangle,3,0.001,0.00011834645469858371,6,1e-18,equivariant,14849,10.313441700011026,5.3902499255423556e-05,0.0003049241248973267,5.707804773510461e-05,0.00012117242567561525,1.5080743538380708e-08
triangle,3,0.001,0.00011834645469858371,7,1e-18,full_ridge,0,0.0,3.963559467265077e-05,0.0001889137207909397,4.0627088229585444e-05,0.00011320258340911985,1.3226099376956675e-08
triangle,3,0.001,0.00011834645469858371,7,1e-18,odd_ridge,0,0.0,2.054106727854025e-05,3.3296935789940696e-05,2.0535756955059688e-05,0.00011793805019712241,1.4314987461323209e-08
triangle,3,0.001,0.00011834645469858371,7,1e-18,spherical_odd,1180,0.10655349999433383,2.0538797200456414e-05,3.330075034223973e-05,2.0533407088931146e-05,0.00011793810147327746,1.4314988332926317e-08
triangle,3,0.001,0.00011834645469858371,7,1e-18,equivariant,9269,6.112639800005127,2.0541183170697077e-05,3.328761133118002e-05,2.0536033550940073e-05,0.0001179379810233686,1.4314989786108537e-08
triangle,3,0.001,0.00011834645469858371,8,1e-18,full_ridge,0,0.0,3.6211951526052533e-05,0.00011903227526818827,3.680212113494964e-05,9.858271577738013e-05,1.0118702877672434e-08
triangle,3,0.001,0.00011834645469858371,8,1e-18,odd_ridge,0,0.0,2.88984006976066e-05,7.136450685640838e-05,2.922514836243723e-05,0.00010070172700124852,1.0543417802023603e-08
triangle,3,0.001,0.00011834645469858371,8,1e-18,spherical_odd,1440,0.1387508999905549,2.8908328079599107e-05,7.15509517122126e-05,2.9236935715549284e-05,0.00010070178797506411,1.054341868379833e-08
triangle,3,0.001,0.00011834645469858371,8,1e-18,equivariant,20212,12.863540500053205,3.245875471032386e-05,0.00011900872485706704,3.334368056635882e-05,0.00010102075327442627,1.0604782303188991e-08
triangle,3,0.001,0.00011834645469858371,9,1e-18,full_ridge,0,0.0,3.0118149319283282e-05,0.0001397087191807589,3.07978772618463e-05,0.00011382526852103447,1.3359059772476447e-08
triangle,3,0.001,0.00011834645469858371,9,1e-18,odd_ridge,0,0.0,2.2119152422811595e-05,0.00011740640055371565,2.33494055888038e-05,0.00011581414993600827,1.3813329069480172e-08
triangle,3,0.001,0.00011834645469858371,9,1e-18,spherical_odd,1610,0.13908990001073107,2.2141415184325895e-05,0.00011759270094893748,2.337442690752535e-05,0.00011581420241366665,1.3813329944790191e-08
triangle,3,0.001,0.00011834645469858371,9,1e-18,equivariant,12276,7.865622400015127,3.268347546409843e-05,0.0001919167983773229,3.495293651322959e-05,0.00011650277173726688,1.3968649815296595e-08
triangle,3,0.001,0.00011834645469858371,10,1e-18,full_ridge,0,0.0,3.1948918093171846e-05,8.34509164505115e-05,3.199218007254966e-05,0.00011902240813634616,1.4572128121894403e-08
triangle,3,0.001,0.00011834645469858371,10,1e-18,odd_ridge,0,0.0,2.4735701166328743e-05,5.234776325435675e-05,2.4690387791580134e-05,0.00012070543621860028,1.4975774411521142e-08
triangle,3,0.001,0.00011834645469858371,10,1e-18,spherical_odd,1270,0.14036129997111857,2.4734551026070757e-05,5.237824992271323e-05,2.4689502780020268e-05,0.00012070548299858929,1.4975775209367555e-08
triangle,3,0.001,0.00011834645469858371,10,1e-18,equivariant,8711,5.686694099975284,2.474216458510719e-05,5.241919576953746e-05,2.4697599137577144e-05,0.00012070552703825418,1.4975782342290184e-08
triangle,3,0.001,0.00011834645469858371,11,1e-18,full_ridge,0,0.0,3.1534128866702086e-05,6.18392321358463e-05,3.155939326121026e-05,0.00011999453752157363,1.4804215505758738e-08
triangle,3,0.001,0.00011834645469858371,11,1e-18,odd_ridge,0,0.0,2.1800703778867033e-05,4.8395451815508306e-05,2.196263575734403e-05,0.00012228242522052365,1.535563443117587e-08
triangle,3,0.001,0.00011834645469858371,11,1e-18,spherical_odd,1260,0.09575659997062758,2.1812100368483392e-05,4.841506741388307e-05,2.1975599975159634e-05,0.00012228247536313235,1.5355635310643667e-08
triangle,3,0.001,0.00011834645469858371,11,1e-18,equivariant,32922,21.758557700028177,2.25137459431477e-05,5.056298413731036e-05,2.273260719044988e-05,0.0001222911159623447,1.535729636819658e-08
triangle,3,0.001,0.00011834645469858371,12,1e-18,full_ridge,0,0.0,3.454136930166787e-05,8.007267283899333e-05,3.451056105170251e-05,0.00010519441792867104,1.1479724800163013e-08
triangle,3,0.001,0.00011834645469858371,12,1e-18,odd_ridge,0,0.0,2.8525199237851988e-05,7.509112884502428e-05,2.85393525314882e-05,0.00010721208554400171,1.1902858640435277e-08
triangle,3,0.001,0.00011834645469858371,12,1e-18,spherical_odd,1410,0.1845978000201285,2.851796853662274e-05,7.50636862839188e-05,2.8532705590199092e-05,0.00010721214392575797,1.1902859526391671e-08
triangle,3,0.001,0.00011834645469858371,12,1e-18,equivariant,4154,3.2652007999713533,2.852760977957989e-05,7.509150731405123e-05,2.8541974595330908e-05,0.00010721209878202103,1.1902858737297956e-08
triangle,3,0.001,0.00011834645469858371,13,1e-18,full_ridge,0,0.0,2.944367856828337e-05,0.00016237154972484347,3.041749339188303e-05,0.00010602358288815739,1.1645262600386085e-08
triangle,3,0.001,0.00011834645469858371,13,1e-18,odd_ridge,0,0.0,1.5536479719926182e-05,7.365405702794425e-05,1.6267943147120006e-05,0.00010879825244509227,1.2239604385492717e-08
triangle,3,0.001,0.00011834645469858371,13,1e-18,spherical_odd,710,0.09737639996455982,1.554362215374406e-05,7.379610292604366e-05,1.6277529300735572e-05,0.00010879829385004647,1.2239605021870103e-08
triangle,3,0.001,0.00011834645469858371,13,1e-18,equivariant,41850,28.648925499990582,2.5403109089094177e-05,0.00012837163121937056,2.6751987347525453e-05,0.00010972252869782635,1.243735450242223e-08
triangle,3,0.001,0.00011834645469858371,14,1e-18,full_ridge,0,0.0,3.575613175593363e-05,8.715661973862643e-05,3.613842380299124e-05,0.0001101708780326529,1.2553713714694299e-08
triangle,3,0.001,0.00011834645469858371,14,1e-18,odd_ridge,0,0.0,2.759327149761259e-05,4.219899503765667e-05,2.7552575231685235e-05,0.0001125617080479806,1.3079303064786577e-08
triangle,3,0.001,0.00011834645469858371,14,1e-18,spherical_odd,1250,0.17497350001940504,2.7583031030897947e-05,4.218579007582435e-05,2.7542443017362664e-05,0.00011256176291296899,1.3079303938991503e-08
triangle,3,0.001,0.00011834645469858371,14,1e-18,equivariant,2325,1.6343570000026375,2.75932619533222e-05,4.220791101458565e-05,2.755254400692294e-05,0.00011256170132369983,1.3079303097856778e-08
triangle,3,0.001,0.00011834645469858371,15,1e-18,full_ridge,0,0.0,2.557483099717095e-05,6.30959849308721e-05,2.565317915927071e-05,0.00010282983238280799,1.097714478880706e-08
triangle,3,0.001,0.00011834645469858371,15,1e-18,odd_ridge,0,0.0,2.2608994243675197e-05,4.6952978988268335e-05,2.2590952916937495e-05,0.00010349151314057225,1.1113894914172738e-08
triangle,3,0.001,0.00011834645469858371,15,1e-18,spherical_odd,1180,0.1275805999757722,2.2616579905678058e-05,4.7003107287363344e-05,2.259919244920798e-05,0.00010349157250719061,1.1113895793428903e-08
triangle,3,0.001,0.00011834645469858371,15,1e-18,equivariant,21576,13.80742599995574,2.2711368789824047e-05,4.772810185207921e-05,2.2703098263564436e-05,0.00010349345422245382,1.111412039073926e-08
triangle,3,0.001,0.00011834645469858371,16,1e-18,full_ridge,0,0.0,2.421848202576576e-05,5.517279875003056e-05,2.4302488309793373e-05,0.00011498472345842919,1.36250543472125e-08
triangle,3,0.001,0.00011834645469858371,16,1e-18,odd_ridge,0,0.0,2.022815192874869e-05,5.680579836708777e-05,2.0259541051834568e-05,0.00011581151905573712,1.3814069611355072e-08
triangle,3,0.001,0.00011834645469858371,16,1e-18,spherical_odd,1370,0.1413837000145577,2.0243417400800795e-05,5.685577242939277e-05,2.0275803996648417e-05,0.00011581157189979245,1.3814070491908779e-08
triangle,3,0.001,0.00011834645469858371,16,1e-18,equivariant,34627,22.454769900010433,2.971212370663337e-05,8.703743145646592e-05,3.0343825455685942e-05,0.00011651843679938017,1.3973601095367704e-08
triangle,3,0.001,0.00011834645469858371,17,1e-18,full_ridge,0,0.0,4.437032522567681e-05,0.0002878493462370735,4.64944350869696e-05,0.00011726981634485561,1.4151549855787575e-08
triangle,3,0.001,0.00011834645469858371,17,1e-18,odd_ridge,0,0.0,3.692688927806464e-05,0.00018830575967410113,3.861243470623727e-05,0.00011944404352232052,1.466708651238095e-08
triangle,3,0.001,0.00011834645469858371,17,1e-18,spherical_odd,870,0.08388720004586503,3.693729412611944e-05,0.000188446865532238,3.862518803137302e-05,0.0001194440873380124,1.4667087253860755e-08
triangle,3,0.001,0.00011834645469858371,17,1e-18,equivariant,104284,1671.0585903999745,5.986073252761835e-05,0.0003857083015851026,6.459532571949086e-05,0.00012338618734136447,1.5612929717296146e-08
triangle,3,0.001,0.00011834645469858371,18,1e-18,full_ridge,0,0.0,3.827842110061439e-05,0.00010733724981315529,3.8684871663967315e-05,0.00010998327936407909,1.2507767290684762e-08
triangle,3,0.001,0.00011834645469858371,18,1e-18,odd_ridge,0,0.0,2.869577804553046e-05,0.00010456114792334326,2.943394044024787e-05,0.00011286778953604364,1.315187569435674e-08
triangle,3,0.001,0.00011834645469858371,18,1e-18,spherical_odd,1650,0.2944246999686584,2.867193320332788e-05,0.00010437996042197972,2.9408048406171524e-05,0.00011286784157174436,1.3151876505195096e-08
triangle,3,0.001,0.00011834645469858371,18,1e-18,equivariant,2821,3.3289648999925703,2.87206178115119e-05,0.0001047831420526446,2.9461428943073045e-05,0.0001128677358224291,1.31518768317057e-08
triangle,3,0.001,0.00011834645469858371,19,1e-18,full_ridge,0,0.0,4.0990635920153753e-05,0.00022230523620389575,4.219360471725985e-05,0.00010927953227242725,1.2344326962032355e-08
triangle,3,0.001,0.00011834645469858371,19,1e-18,odd_ridge,0,0.0,1.409451736347071e-05,7.771498526015774e-05,1.4931110413632713e-05,0.00011542708039536306,1.3726474738264423e-08
triangle,3,0.001,0.00011834645469858371,19,1e-18,spherical_odd,880,0.14126519998535514,1.4111896835667881e-05,7.789702984334346e-05,1.4951464558548502e-05,0.00011542713227720426,1.372647557765901e-08
triangle,3,0.001,0.00011834645469858371,19,1e-18,equivariant,4464,3.98829939996358,1.4103371004191392e-05,7.783681330389425e-05,1.4941981414687488e-05,0.00011542709690792752,1.372647505980171e-08
triangle,3,0.01,0.001183464546985837,0,1e-18,full_ridge,0,0.0,0.0004131398291618186,0.003054192113556925,0.00043587030378051066,0.0010256551521406546,1.052425686398861e-06
triangle,3,0.01,0.001183464546985837,0,1e-18,odd_ridge,0,0.0,0.00026658469591929365,0.0008967343200936007,0.00027180293816147556,0.0010640180558586219,1.1325695108458447e-06
triangle,3,0.01,0.001183464546985837,0,1e-18,spherical_odd,810,0.05285630002617836,0.00026657377177914334,0.0008965544450075524,0.0002717898741409739,0.0010640180618472223,1.1325695116551487e-06
triangle,3,0.01,0.001183464546985837,0,1e-18,equivariant,34627,25.459307799988892,0.0002482719398263745,0.0004773422032016278,0.0002486638342860408,0.0010684533881745585,1.1419897973535437e-06
triangle,3,0.01,0.001183464546985837,1,1e-18,full_ridge,0,0.0,0.0003533457973571522,0.0018626343081949714,0.00036535859489447475,0.0011003140892402337,1.2111155309060404e-06
triangle,3,0.01,0.001183464546985837,1,1e-18,odd_ridge,0,0.0,0.00032503529342682753,0.0016161160374598693,0.0003392302209100177,0.0011094146853244116,1.23124248354387e-06
triangle,3,0.01,0.001183464546985837,1,1e-18,spherical_odd,1060,0.09015639999415725,0.0003250227691129538,0.001615931066228704,0.0003392146839782075,0.0011094146913943849,1.2312424844188308e-06
triangle,3,0.01,0.001183464546985837,1,1e-18,equivariant,68696,46.432667599990964,0.00028324571532833883,0.0007818360593121465,0.00028636540483807817,0.0011227645475608819,1.2610103700962943e-06
triangle,3,0.01,0.001183464546985837,2,1e-18,full_ridge,0,0.0,0.00047518505371474114,0.0024101734472970204,0.0004875048320215224,0.0012887022395252606,1.6611205314339472e-06
triangle,3,0.01,0.001183464546985837,2,1e-18,odd_ridge,0,0.0,0.0003325512927408423,0.0014186805873278308,0.000342879192425997,0.0013302599076025563,1.7699761791486775e-06
triangle,3,0.01,0.001183464546985837,2,1e-18,spherical_odd,1370,0.09955010004341602,0.00033255974945340213,0.0014188567582325284,0.00034289030441272153,0.0013302599119027609,1.7699761800019505e-06
triangle,3,0.01,0.001183464546985837,2,1e-18,equivariant,9486,6.26012069999706,0.000332539328302831,0.0014196184317989968,0.0003428831521407166,0.001330259943805853,1.769976216062156e-06
triangle,3,0.01,0.001183464546985837,3,1e-18,full_ridge,0,0.0,0.0002937539218820364,0.0007633474606161261,0.0002977798210725834,0.0011313738195939684,1.280412760950652e-06
triangle,3,0.01,0.001183464546985837,3,1e-18,odd_ridge,0,0.0,0.00014236791215792386,0.0004442159021653645,0.00014209710689720056,0.0011588847718819498,1.3434132817934756e-06
triangle,3,0.01,0.001183464546985837,3,1e-18,spherical_odd,720,0.04955990001326427,0.00014237005403456123,0.00044423814429262604,0.0001420989811909969,0.0011588847768701058,1.3434132825972468e-06
triangle,3,0.01,0.001183464546985837,3,1e-18,equivariant,16089,13.859866100014187,0.0001419855376108337,0.00044289287433742913,0.00014171958047162287,0.001158885110864839,1.3434143731764413e-06
triangle,3,0.01,0.001183464546985837,4,1e-18,full_ridge,0,0.0,0.000419550928354748,0.0019493343131631036,0.0004290265072035098,0.001130733894098906,1.2789191346096688e-06
triangle,3,0.01,0.001183464546985837,4,1e-18,odd_ridge,0,0.0,0.00029121713425326766,0.0007191482463848042,0.00029307082416954244,0.0011667471252471554,1.3616809464635794e-06
triangle,3,0.01,0.001183464546985837,4,1e-18,spherical_odd,1630,0.14859640004578978,0.000291225833876558,0.0007191316905965292,0.00029308097551843326,0.0011667471301147936,1.36168094732105e-06
triangle,3,0.01,0.001183464546985837,4,1e-18,equivariant,16399,11.550836999958847,0.0002914053491094481,0.0007187353099081528,0.000293290704180611,0.0011667474073732852,1.3616813711645564e-06
triangle,3,0.01,0.001183464546985837,5,1e-18,full_ridge,0,0.0,0.00037456043057688883,0.0011062473623081048,0.000377243689511749,0.001178533858120769,1.3893165923618614e-06
triangle,3,0.01,0.001183464546985837,5,1e-18,odd_ridge,0,0.0,0.00030912290541129265,0.0006950527427710129,0.00031151519576719754,0.0011971224663052343,1.4334726944116834e-06
triangle,3,0.01,0.001183464546985837,5,1e-18,spherical_odd,1180,0.09312340000178665,0.00030913594114026564,0.000695252832340093,0.000311529905174573,0.001197122470743926,1.4334726952709464e-06
triangle,3,0.01,0.001183464546985837,5,1e-18,equivariant,13237,9.395297800016124,0.0002963854816297852,0.0005297791313022826,0.000296963797311557,0.0011978877885885086,1.435320796719954e-06
triangle,3,0.01,0.001183464546985837,6,1e-18,full_ridge,0,0.0,0.0003599361475113166,0.0019595902248744357,0.0003713944209896841,0.0011369927347799874,1.2931611806089218e-06
triangle,3,0.01,0.001183464546985837,6,1e-18,odd_ridge,0,0.0,0.0002609919039623058,0.0009527771739838986,0.0002658437160609297,0.0011606492478653072,1.3475274430090848e-06
triangle,3,0.01,0.001183464546985837,6,1e-18,spherical_odd,1490,0.10449589998461306,0.00026098924420856834,0.0009529634516762808,0.0002658436014860363,0.0011606492535793237,1.347527443949964e-06
triangle,3,0.01,0.001183464546985837,6,1e-18,equivariant,11470,7.618787399958819,0.00026635004747386,0.0013556250917536317,0.00027763058822739356,0.0011626007978404005,1.3520351839161195e-06
triangle,3,0.01,0.001183464546985837,7,1e-18,full_ridge,0,0.0,0.0003971614057205122,0.001855705117438461,0.0004073999864388881,0.0011326333426866244,1.2833252536694608e-06
triangle,3,0.01,0.001183464546985837,7,1e-18,odd_ridge,0,0.0,0.00020506775347035625,0.0003303621126098111,0.00020535282442902825,0.0011786071296225101,1.3895230120804076e-06
triangle,3,0.01,0.001183464546985837,7,1e-18,spherical_odd,1000,0.09124709997558966,0.00020506694223041013,0.00033036925479063006,0.00020535135812637593,0.0011786071345355586,1.3895230128512307e-06
triangle,3,0.01,0.001183464546985837,7,1e-18,equivariant,9424,6.011727900011465,0.0002050675824101701,0.00033035003842710187,0.000205353343293949,0.0011786071246405881,1.3895230131955165e-06
triangle,3,0.01,0.001183464546985837,8,1e-18,full_ridge,0,0.0,0.00035949168462667656,0.0010996028993136286,0.00036408417110138293,0.0009850157892343431,9.70610974850724e-07
triangle,3,0.01,0.001183464546985837,8,1e-18,odd_ridge,0,0.0,0.00028615764757208834,0.0005877679117207713,0.00028798817437425785,0.0010072844623651776,1.0150009926754883e-06
triangle,3,0.01,0.001183464546985837,8,1e-18,spherical_odd,1310,0.08134129998506978,0.0002861656812338443,0.0005877751114955893,0.0002879976600887455,0.001007284467847824,1.0150009935042e-06
triangle,3,0.01,0.001183464546985837,8,1e-18,equivariant,14260,9.381848399993032,0.00028644031764526627,0.0005880335631253536,0.00028832026945207177,0.0010072851262907865,1.0150019787792657e-06
triangle,3,0.01,0.001183464546985837,9,1e-18,full_ridge,0,0.0,0.00029869449284244856,0.0013063673382794072,0.00030415459539801795,0.0011379785263271594,1.2953738835944066e-06
triangle,3,0.01,0.001183464546985837,9,1e-18,odd_ridge,0,0.0,0.00021541931463084206,0.0010382199057469843,0.0002249049044633461,0.001157202962834295,1.3394782993955637e-06
triangle,3,0.01,0.001183464546985837,9,1e-18,spherical_odd,1690,0.15888429997721687,0.00021543944722953877,0.0010383994150433562,0.0002249275712172476,0.001157202966887111,1.339478300131953e-06
triangle,3,0.01,0.001183464546985837,9,1e-18,equivariant,5704,4.625392100017052,0.00021548395690884295,0.0010386268709902946,0.00022497465279596338,0.001157202977519055,1.3394783067615255e-06
triangle,3,0.01,0.001183464546985837,10,1e-18,full_ridge,0,0.0,0.0003191368018611468,0.0008102631183258269,0.00031951915925544915,0.0011912488403372208,1.4194809105572089e-06
triangle,3,0.01,0.001183464546985837,10,1e-18,odd_ridge,0,0.0,0.00024674292794629445,0.0005406186309427907,0.0002462574700976924,0.001208045015117175,1.4597847449974771e-06
triangle,3,0.01,0.001183464546985837,10,1e-18,spherical_odd,1340,0.11282440001377836,0.0002467413930795798,0.0005406458491742927,0.0002462557346286692,0.0012080450203089473,1.4597847458724937e-06
triangle,3,0.01,0.001183464546985837,10,1e-18,equivariant,26939,18.54173629998695,0.00024858443792632106,0.0006143584354252607,0.0002486076652913927,0.0012092895110333733,1.4627723497654715e-06
triangle,3,0.01,0.001183464546985837,11,1e-18,full_ridge,0,0.0,0.00031491175298250146,0.0006314685766863337,0.000315083754456658,0.0011975657046029518,1.434567907766627e-06
triangle,3,0.01,0.001183464546985837,11,1e-18,odd_ridge,0,0.0,0.00021526411867005802,0.0004948639680694457,0.00021575555084119477,0.0012195986759166021,1.4878005307873874e-06
triangle,3,0.01,0.001183464546985837,11,1e-18,spherical_odd,1220,0.1364361000014469,0.00021527482986610414,0.0004948838647744064,0.00021576725491341566,0.0012195986802562167,1.4878005315524036e-06
triangle,3,0.01,0.001183464546985837,11,1e-18,equivariant,12462,9.346433099999558,0.0002155190615459412,0.000495301764587508,0.00021603548425568208,0.0012195989793000839,1.4878010219384047e-06
triangle,3,0.01,0.001183464546985837,12,1e-18,full_ridge,0,0.0,0.0003468061241222163,0.0007902601469653714,0.0003470236942931712,0.001052651081326748,1.108571756480172e-06
triangle,3,0.01,0.001183464546985837,12,1e-18,odd_ridge,0,0.0,0.00028479804458318085,0.0007346909969715397,0.0002846664664136306,0.00107118199061132,1.1478687649051214e-06
triangle,3,0.01,0.001183464546985837,12,1e-18,spherical_odd,1280,0.08525300002656877,0.0002847880487500975,0.000734658333968765,0.0002846566041768565,0.0010711819968107865,1.1478687657813863e-06
triangle,3,0.01,0.001183464546985837,12,1e-18,equivariant,9827,7.799838799983263,0.00028480857048359076,0.0007347751605477904,0.0002846761089868772,0.0010711819743491461,1.1478687886977693e-06
triangle,3,0.01,0.001183464546985837,13,1e-18,full_ridge,0,0.0,0.0002922251875241402,0.001494784839945723,0.00030071603264240806,0.001060134532482643,1.1242774138777035e-06
triangle,3,0.01,0.001183464546985837,13,1e-18,odd_ridge,0,0.0,0.00014995816548869984,0.0006006964704780293,0.0001547545500296992,0.0010874327097478167,1.1828885984692781e-06
triangle,3,0.01,0.001183464546985837,13,1e-18,spherical_odd,710,0.049766500014811754,0.00014997575825228016,0.0006008645436188231,0.00015477429831518667,0.0010874327146696693,1.1828885992619134e-06
triangle,3,0.01,0.001183464546985837,13,1e-18,equivariant,6975,5.691178300010506,0.00012954527580892134,0.0003038037481831457,0.00013093369273819617,0.0010886180682736944,1.1854865818062467e-06
triangle,3,0.01,0.001183464546985837,14,1e-18,full_ridge,0,0.0,0.0003593908017763018,0.0008551056435704696,0.00036387090566135735,0.0011008280944941294,1.2123483003828183e-06
triangle,3,0.01,0.001183464546985837,14,1e-18,odd_ridge,0,0.0,0.00027605808858588947,0.0004086559137908563,0.0002757566051198706,0.0011229368352137074,1.261433057004037e-06
triangle,3,0.01,0.001183464546985837,14,1e-18,spherical_odd,1280,0.09962340001948178,0.00027604793619738136,0.00040864248463841346,0.00027574612404302845,0.0011229368413837712,1.261433057907819e-06
triangle,3,0.01,0.001183464546985837,14,1e-18,equivariant,2139,1.5984090000274591,0.0002760598969744078,0.0004086564872055054,0.00027575845545421067,0.0011229368343263543,1.2614330570341122e-06
triangle,3,0.01,0.001183464546985837,15,1e-18,full_ridge,0,0.0,0.000254797222696929,0.0005923941426763668,0.00025547447127100437,0.0010289463942759574,1.0591123014454783e-06
triangle,3,0.01,0.001183464546985837,15,1e-18,odd_ridge,0,0.0,0.00022456556932815247,0.0004305545640180264,0.00022406245050232186,0.0010356351461691781,1.072926877041927e-06
triangle,3,0.01,0.001183464546985837,15,1e-18,spherical_odd,1290,0.11795459996210411,0.00022457140385667351,0.0004306070789773242,0.00022406839970891303,0.0010356351516192749,1.0729268778676977e-06
triangle,3,0.01,0.001183464546985837,15,1e-18,equivariant,4278,3.028294099960476,0.00022455952757543393,0.00043050845538089577,0.00022405633133613562,0.001035635142454701,1.0729268775562771e-06
triangle,3,0.01,0.001183464546985837,16,1e-18,full_ridge,0,0.0,0.00024122204168011157,0.0005285501758926364,0.00024192170800732934,0.0011487828803691223,1.3200874285488437e-06
triangle,3,0.01,0.001183464546985837,16,1e-18,odd_ridge,0,0.0,0.00019988451169171756,0.0005258797202956911,0.00019957394012828957,0.0011565287036287633,1.3379302407921996e-06
triangle,3,0.01,0.001183464546985837,16,1e-18,spherical_odd,1230,0.0925699999788776,0.00019989841324131698,0.000525921086417469,0.0001995882471983267,0.0011565287080013806,1.3379302415421248e-06
triangle,3,0.01,0.001183464546985837,16,1e-18,equivariant,11873,9.331237699952908,0.0001999154121525047,0.0005258942544537348,0.00019960530941214328,0.0011565287114423354,1.3379302467040732e-06
triangle,3,0.01,0.001183464546985837,17,1e-18,full_ridge,0,0.0,0.00044018269423136446,0.0027877736087697502,0.00045951065470656115,0.0011727121178837987,1.3756016501956789e-06
triangle,3,0.01,0.001183464546985837,17,1e-18,odd_ridge,0,0.0,0.00036449465176664666,0.0017472134969037934,0.00037866382505495394,0.0011949264808173471,1.4282070317581262e-06
triangle,3,0.01,0.001183464546985837,17,1e-18,spherical_odd,840,0.10365419997833669,0.0003645078611623201,0.0017473782375144464,0.00037867954664753365,0.0011949264849548682,1.4282070325392259e-06
triangle,3,0.01,0.001183464546985837,17,1e-18,equivariant,29543,26.360415300005116,0.0003841909534064066,0.0019706241648528855,0.0004017705754158594,0.001195488083798056,1.4295378372242032e-06
triangle,3,0.01,0.001183464546985837,18,1e-18,full_ridge,0,0.0,0.00038489551787306703,0.0012023031552939878,0.00039029364632744333,0.0011002568449730138,1.2110330774535476e-06
triangle,3,0.01,0.001183464546985837,18,1e-18,odd_ridge,0,0.0,0.0002906024648173126,0.0011814555789189107,0.00030032507724114625,0.001129580605646428,1.2764393038779767e-06
triangle,3,0.01,0.001183464546985837,18,1e-18,spherical_odd,1310,0.09018990001641214,0.0002905793452218529,0.0011812696286873925,0.00030029959882710576,0.0011295806123144615,1.2764393047749808e-06
triangle,3,0.01,0.001183464546985837,18,1e-18,equivariant,3255,2.041827299981378,0.00029065567586040336,0.0011818922245419028,0.0003003838754500898,0.0011295805930296844,1.2764393089188728e-06
triangle,3,0.01,0.001183464546985837,19,1e-18,full_ridge,0,0.0,0.00040765360563722663,0.0020941217048524585,0.0004184383079696548,0.001090901968173453,1.1904409971345093e-06
triangle,3,0.01,0.001183464546985837,19,1e-18,odd_ridge,0,0.0,0.0001350124044737804,0.0006413057528949218,0.0001405845067295656,0.0011528049266784515,1.3293427106304945e-06
triangle,3,0.01,0.001183464546985837,19,1e-18,spherical_odd,930,0.06908469996415079,0.00013502783472590433,0.0006414684851879238,0.0001406023324617792,0.0011528049314187437,1.3293427114279036e-06
triangle,3,0.01,0.001183464546985837,19,1e-18,equivariant,5580,3.8837402000208385,0.00013500785485716715,0.0006412857704223285,0.0001405796476096244,0.0011528049243213262,1.3293427117127494e-06
triangle,3,0.03,0.0035503936409575112,0,1e-18,full_ridge,0,0.0,0.0012397998143086272,0.009182736308146089,0.0013081813433248877,0.0030770105982534683,9.468578925832266e-06
triangle,3,0.03,0.0035503936409575112,0,1e-18,odd_ridge,0,0.0,0.0008004044174224629,0.002720390538027473,0.0008164941180020865,0.003191939608016358,1.0188980129371478e-05
triangle,3,0.03,0.0035503936409575112,0,1e-18,spherical_odd,940,0.08160869998391718,0.0008003938547361178,0.0027202145466954653,0.0008164814323710706,0.003191939610270259,1.0188980130159937e-05
triangle,3,0.03,0.0035503936409575112,0,1e-18,equivariant,34162,23.86153719999129,0.0007525708644761758,0.0014045669618320406,0.0007549501740412361,0.0032010778860268574,1.024729768980916e-05
triangle,3,0.03,0.0035503936409575112,1,1e-18,full_ridge,0,0.0,0.0010606643858775318,0.005608062891995974,0.0010971376408483498,0.0033009457801529917,1.0896707757812886e-05
triangle,3,0.03,0.0035503936409575112,1,1e-18,odd_ridge,0,0.0,0.0009760370559792556,0.004878535690086644,0.001019234141057864,0.003328339854539677,1.107837022899766e-05
triangle,3,0.03,0.0035503936409575112,1,1e-18,spherical_odd,1080,0.051067400025203824,0.0009760313670301263,0.004878399207011691,0.0010192260356546195,0.003328339856478127,1.1078370229700827e-05
triangle,3,0.03,0.0035503936409575112,1,1e-18,equivariant,62527,46.14637590001803,0.0009452868254371755,0.003999438585490095,0.0009736654045558998,0.0033322411656247094,1.110428094220445e-05
triangle,3,0.03,0.0035503936409575112,2,1e-18,full_ridge,0,0.0,0.0014250421403394229,0.007210360374473507,0.0014616820338124324,0.0038663841542158207,1.4949234692597078e-05
triangle,3,0.03,0.0035503936409575112,2,1e-18,odd_ridge,0,0.0,0.0009968698565790781,0.004225854184272321,0.001027321281502888,0.003991197332043699,1.5930003233426566e-05
triangle,3,0.03,0.0035503936409575112,2,1e-18,spherical_odd,1260,0.06936689995927736,0.0009968768577248912,0.004226010292529364,0.0010273306216293573,0.003991197333106731,1.5930003234035037e-05
triangle,3,0.03,0.0035503936409575112,2,1e-18,equivariant,3255,2.6602056000265293,0.0009968692010047361,0.00422588733268503,0.0010273212054650765,0.003991197332312082,1.5930003233494393e-05
triangle,3,0.03,0.0035503936409575112,3,1e-18,full_ridge,0,0.0,0.0008812054877246863,0.002310202349270457,0.0008932450819242141,0.0033940993824939916,1.1520318242958778e-05
triangle,3,0.03,0.0035503936409575112,3,1e-18,odd_ridge,0,0.0,0.00042710031991284093,0.0013356502988272172,0.000426343991411347,0.003476626152052963,1.2087317253048694e-05
triangle,3,0.03,0.0035503936409575112,3,1e-18,spherical_odd,550,0.057124100043438375,0.00042710266286687733,0.0013356748607419797,0.0004263459987735634,0.0034766261536988046,1.2087317253898333e-05
triangle,3,0.03,0.0035503936409575112,3,1e-18,equivariant,29760,22.368653599987738,0.0004277946764019495,0.0013390203198944996,0.0004270071985111503,0.003476628354742654,1.2087331291054702e-05
triangle,3,0.03,0.0035503936409575112,4,1e-18,full_ridge,0,0.0,0.0012583446483883868,0.005827842972085134,0.0012866327976890147,0.0033922444637650272,1.1507616496107828e-05
triangle,3,0.03,0.0035503936409575112,4,1e-18,odd_ridge,0,0.0,0.0008732081346646543,0.002155353556682192,0.0008784938687188926,0.0035004619323848463,1.2253574684747223e-05
triangle,3,0.03,0.0035503936409575112,4,1e-18,spherical_odd,1280,0.1098469000426121,0.0008732188181837771,0.0021553609156287484,0.0008785055105688204,0.0035004619335710276,1.2253574685491658e-05
triangle,3,0.03,0.0035503936409575112,4,1e-18,equivariant,9672,6.99747619999107,0.0008732218227592304,0.002155321782422337,0.0008785102011478704,0.003500461935293501,1.225357468808905e-05
triangle,3,0.03,0.0035503936409575112,5,1e-18,full_ridge,0,0.0,0.0011233903113640029,0.0032985821195026244,0.0011312827729438207,0.0035356505235686997,1.2501146661912916e-05
triangle,3,0.03,0.0035503936409575112,5,1e-18,odd_ridge,0,0.0,0.0009268553054827132,0.002054970650601423,0.0009337279721910251,0.003591377673068567,1.2898306449838186e-05
triangle,3,0.03,0.0035503936409575112,5,1e-18,spherical_odd,1430,0.08780649997061118,0.0009268672325953713,0.0020551368119162694,0.0009337412773293141,0.003591377674098741,1.2898306450546728e-05
triangle,3,0.03,0.0035503936409575112,5,1e-18,equivariant,22723,19.71872629999416,0.0009268621348343098,0.002055091606575965,0.0009337358622763367,0.0035913776743657405,1.2898306452556613e-05
triangle,3,0.03,0.0035503936409575112,6,1e-18,full_ridge,0,0.0,0.0010794465674391527,0.005850119417459332,0.0011135480848697395,0.0034109383539200917,1.1634916716825353e-05
triangle,3,0.03,0.0035503936409575112,6,1e-18,odd_ridge,0,0.0,0.0007824587805867823,0.002828143944229533,0.0007965807818662538,0.003481928274395004,1.2124278795434987e-05
triangle,3,0.03,0.0035503936409575112,6,1e-18,spherical_odd,1410,0.15149670001119375,0.0007824573554087328,0.0028283320824047387,0.0007965818597514114,0.003481928276431676,1.2124278796324722e-05
triangle,3,0.03,0.0035503936409575112,6,1e-18,equivariant,12555,9.381909199990332,0.0007889751036691468,0.0036341691755172045,0.0008152912611828049,0.0034846687648722933,1.2143314253014158e-05
triangle,3,0.03,0.0035503936409575112,7,1e-18,full_ridge,0,0.0,0.0011917363060241829,0.005559685998875817,0.0012225424759197796,0.00339805188970308,1.1547380885409653e-05
triangle,3,0.03,0.0035503936409575112,7,1e-18,odd_ridge,0,0.0,0.000615358364786408,0.0009907480317908335,0.0006163456919520544,0.0035356777744478323,1.2501431499181227e-05
triangle,3,0.03,0.0035503936409575112,7,1e-18,spherical_odd,1080,0.07172549999086186,0.0006153536507326414,0.0009907484474739117,0.0006163402342239919,0.003535677776131859,1.2501431499994187e-05
triangle,3,0.03,0.0035503936409575112,7,1e-18,equivariant,30690,21.32268780004233,0.0006153259534579927,0.000990981206701269,0.0006162988924463951,0.003535677865111082,1.2501431893249188e-05
triangle,3,0.03,0.0035503936409575112,8,1e-18,full_ridge,0,0.0,0.0010779698264449598,0.003278648730555861,0.001091475554479848,0.0029548864168596,8.731635956780842e-06
triangle,3,0.03,0.0035503936409575112,8,1e-18,odd_ridge,0,0.0,0.0008580074561686115,0.0017668816318135577,0.0008632153874953216,0.0030219458735754844,9.132489955553666e-06
triangle,3,0.03,0.0035503936409575112,8,1e-18,spherical_odd,1440,0.09742200002074242,0.0008580149325615084,0.0017668890499259876,0.0008632241191572521,0.003021945874863643,9.13248995616302e-06
triangle,3,0.03,0.0035503936409575112,8,1e-18,equivariant,10230,8.016436300007626,0.0008580996418313008,0.0017669749072476842,0.0008633207247079304,0.003021945895935633,9.132490018430936e-06
triangle,3,0.03,0.0035503936409575112,9,1e-18,full_ridge,0,0.0,0.0008956258661915148,0.0038989420473990177,0.0009117315625981126,0.0034138914671158122,1.1654986948316171e-05
triangle,3,0.03,0.0035503936409575112,9,1e-18,odd_ridge,0,0.0,0.0006451774148831785,0.0030844721395171804,0.0006730307381320511,0.0034714290645506654,1.2051109836017275e-05
triangle,3,0.03,0.0035503936409575112,9,1e-18,spherical_odd,1600,0.14894109999295324,0.0006451902741910031,0.0030846033623884994,0.0006730454975235847,0.003471429065174867,1.2051109836406672e-05
triangle,3,0.03,0.0035503936409575112,9,1e-18,equivariant,4681,3.364005499985069,0.0006452035278226503,0.003084705699015894,0.0006730601614305605,0.003471429065906685,1.2051109837473647e-05
triangle,3,0.03,0.0035503936409575112,10,1e-18,full_ridge,0,0.0,0.000957423284302575,0.0024263759326330625,0.0009585852492039667,0.003573990206770226,1.2773816985662036e-05
triangle,3,0.03,0.0035503936409575112,10,1e-18,odd_ridge,0,0.0,0.0007402844584470339,0.0016266889523462447,0.000738869014577537,0.0036243827073728246,1.3136575787366444e-05
triangle,3,0.03,0.0035503936409575112,10,1e-18,spherical_odd,1350,0.05992209998657927,0.0007402830748143084,0.0016267139571436717,0.0007388674012342879,0.0036243827091794563,1.3136575788306814e-05
triangle,3,0.03,0.0035503936409575112,10,1e-18,equivariant,23405,16.777685799985193,0.000740275578969801,0.0016267795011555564,0.0007388593593128376,0.003624382714435738,1.3136575797439348e-05
triangle,3,0.03,0.0035503936409575112,11,1e-18,full_ridge,0,0.0,0.0009447321939450878,0.001897666034244766,0.0009452567540223242,0.003592183719078389,1.2904185466428782e-05
triangle,3,0.03,0.0035503936409575112,11,1e-18,odd_ridge,0,0.0,0.0006453992470300387,0.0014870162264095654,0.000646672922513792,0.003658105574027148,1.3382071048691888e-05
triangle,3,0.03,0.0035503936409575112,11,1e-18,spherical_odd,1110,0.055945899977814406,0.0006454093692953025,0.0014870329768542044,0.0006466839652135047,0.0036581055751667025,1.3382071049374724e-05
triangle,3,0.03,0.0035503936409575112,11,1e-18,equivariant,4433,3.1405489000026137,0.000645427558851548,0.0014870645699266924,0.0006467038672970534,0.0036581055776579645,1.338207105399394e-05
triangle,3,0.03,0.0035503936409575112,12,1e-18,full_ridge,0,0.0,0.0010408110562070646,0.0023684701223152665,0.0010416040161113544,0.0031581284590881426,9.974522051032776e-06
triangle,3,0.03,0.0035503936409575112,12,1e-18,odd_ridge,0,0.0,0.0008544597864308501,0.002200468481698699,0.0008540456259298709,0.003213368382921147,1.032624903121274e-05
triangle,3,0.03,0.0035503936409575112,12,1e-18,spherical_odd,1380,0.056516400014515966,0.0008544510949946211,0.002200438616360857,0.0008540370394266852,0.003213368385147357,1.0326249031950147e-05
triangle,3,0.03,0.0035503936409575112,12,1e-18,equivariant,9734,6.469668599951547,0.0008544741754294229,0.0022005069693375595,0.0008540598808540337,0.0032133683803402652,1.0326249032600425e-05
triangle,3,0.03,0.0035503936409575112,13,1e-18,full_ridge,0,0.0,0.0008762817780519239,0.0044557032626964255,0.0009014994383137992,0.003180399141075455,1.0115307552527383e-05
triangle,3,0.03,0.0035503936409575112,13,1e-18,odd_ridge,0,0.0,0.00044896687648243196,0.0017719018337326586,0.0004628378993535426,0.003262206594661226,1.0642324372662395e-05
triangle,3,0.03,0.0035503936409575112,13,1e-18,spherical_odd,750,0.07964630000060424,0.0004489861582465575,0.0017721210847685132,0.0004628599689160105,0.0032622065958825617,1.0642324373500835e-05
triangle,3,0.03,0.0035503936409575112,13,1e-18,equivariant,89559,58.57890030002454,0.0004492031031307103,0.0017840287820979628,0.00046325143826366226,0.003262207763094901,1.0642331838113749e-05
triangle,3,0.03,0.0035503936409575112,14,1e-18,full_ridge,0,0.0,0.001078658823210057,0.002562555850010334,0.001092266232034237,0.0033023058800050664,1.0906096047789663e-05
triangle,3,0.03,0.0035503936409575112,14,1e-18,odd_ridge,0,0.0,0.0008283739839752149,0.001223075464622858,0.0008275357753682649,0.0033682438457796624,1.1345607559878808e-05
triangle,3,0.03,0.0035503936409575112,14,1e-18,spherical_odd,1300,0.11447049997514114,0.0008283633792493324,0.0012230624657416783,0.0008275249192478369,0.003368243847678835,1.1345607560489952e-05
triangle,3,0.03,0.0035503936409575112,14,1e-18,equivariant,2046,1.5103411999880336,0.0008283749131746486,0.0012230737181578855,0.0008275367104074755,0.0033682438456718827,1.1345607559887612e-05
triangle,3,0.03,0.0035503936409575112,15,1e-18,full_ridge,0,0.0,0.0007642941795512483,0.0017686122709908159,0.0007663346733604427,0.0030870017511268615,9.529919319787823e-06
triangle,3,0.03,0.0035503936409575112,15,1e-18,odd_ridge,0,0.0,0.0006735680978173708,0.0012830933601214733,0.0006720394446411166,0.0031070975932607006,9.654408363619312e-06
triangle,3,0.03,0.0035503936409575112,15,1e-18,spherical_odd,1310,0.11095650005154312,0.0006735746328380603,0.0012831447330834134,0.0006720460498737472,0.003107097594790536,9.654408364371621e-06
triangle,3,0.03,0.0035503936409575112,15,1e-18,equivariant,4216,3.4466802999959327,0.0006735544915663643,0.001283022263749517,0.0006720257710091693,0.0031070975918523714,9.654408364914595e-06
triangle,3,0.03,0.0035503936409575112,16,1e-18,full_ridge,0,0.0,0.0007235724365313812,0.0015844090507330516,0.0007256743392787483,0.0034461286631198708,1.187615157789333e-05
triangle,3,0.03,0.0035503936409575112,16,1e-18,odd_ridge,0,0.0,0.0005993549907340717,0.0015682662134631764,0.0005983418686161052,0.00346926214706239,1.2036095900059777e-05
triangle,3,0.03,0.0035503936409575112,16,1e-18,spherical_odd,1250,0.10003870003856719,0.0005993685157625879,0.0015683072698242928,0.000598355661466985,0.003469262147958394,1.2036095900587179e-05
triangle,3,0.03,0.0035503936409575112,16,1e-18,equivariant,5797,3.9592520999722183,0.0005993904223611249,0.0015683825519880457,0.0005983783118999864,0.003469262150674843,1.2036095905718828e-05
triangle,3,0.03,0.0035503936409575112,17,1e-18,full_ridge,0,0.0,0.0013198285534204968,0.00834316085883885,0.0013773984378034558,0.0035181557763430435,1.2377689353241052e-05
triangle,3,0.03,0.0035503936409575112,17,1e-18,odd_ridge,0,0.0,0.0010925458452493405,0.005211452912967124,0.0011344726033333107,0.003584915346872448,1.2851903752662018e-05
triangle,3,0.03,0.0035503936409575112,17,1e-18,spherical_odd,900,0.03914359997725114,0.001092550318683507,0.005211535265611494,0.0011344784176387734,0.0035849153472868626,1.285190375288612e-05
triangle,3,0.03,0.0035503936409575112,17,1e-18,equivariant,10013,6.958382099983282,0.0010927360832364383,0.005213866727059924,0.0011346995276506325,0.0035849153817227005,1.2851903918172522e-05
triangle,3,0.03,0.0035503936409575112,18,1e-18,full_ridge,0,0.0,0.0011552299605090996,0.0036355607230362796,0.0011717388186994946,0.003300882145119133,1.0896445321073996e-05
triangle,3,0.03,0.0035503936409575112,18,1e-18,odd_ridge,0,0.0,0.0008727749933580957,0.0035745543144705128,0.0009024880137325016,0.00338897186518729,1.148582977102217e-05
triangle,3,0.03,0.0035503936409575112,18,1e-18,spherical_odd,1500,0.10948719998123124,0.0008727627074603207,0.0035744383128075985,0.0009024741867290596,0.0033889718669336353,1.1485829771539945e-05
triangle,3,0.03,0.0035503936409575112,18,1e-18,equivariant,4340,2.74690200004261,0.0008728868550693868,0.003575278035501117,0.0009026085091039784,0.003388971855401874,1.148582978931012e-05
triangle,3,0.03,0.0035503936409575112,19,1e-18,full_ridge,0,0.0,0.001222530165342972,0.00625371385736484,0.0012546237829492042,0.0032723023148585463,1.07082845665668e-05
triangle,3,0.03,0.0035503936409575112,19,1e-18,odd_ridge,0,0.0,0.0004040400829870811,0.0018937296809367898,0.0004201723047243619,0.0034581177486049304,1.1958922766702658e-05
triangle,3,0.03,0.0035503936409575112,19,1e-18,spherical_odd,860,0.05858720000833273,0.00040405459618834174,0.0018938885835314834,0.0004201891327780712,0.003458117749836081,1.1958922767350839e-05
triangle,3,0.03,0.0035503936409575112,19,1e-18,equivariant,5704,4.195142700045835,0.00040403563677173665,0.001893675566554176,0.000420166961579201,0.0034581177479098444,1.1958922767364122e-05
