target,n_layers,sigma_rel,sigma_abs,seed,arm,nfev,seconds,nested_rmse,nested_linf,shifted_rmse,train_rmse_noisy,objective_noisy
triangle,3,0.0,0.0,0,full_ridge,0,0.0,1.735462899783449e-06,1.4325628578171212e-05,1.9690950221376376e-06,1.4071521847876198e-06,4.07644685092163e-10
triangle,3,0.0,0.0,0,odd_ridge,0,0.0,2.2155646363175006e-06,1.50937888577507e-05,2.4749389625373233e-06,1.8577224959762688e-06,4.087622958426298e-10
triangle,3,0.0,0.0,0,spherical_odd,780,0.18901309999637306,2.3233030031585195e-06,1.6426093719268398e-05,2.6121956451873463e-06,1.9190515616533202e-06,4.089091398023678e-10
triangle,3,0.0,0.0,0,equivariant,9827,5.772288500040304,5.489743181438326e-05,0.0003409352314457381,5.922072236987912e-05,4.9074195179020764e-05,2.796347106126861e-09
triangle,3,0.0,0.0,1,full_ridge,0,0.0,1.735462899783449e-06,1.4325628578171212e-05,1.9690950221376376e-06,1.4071521847876198e-06,4.07644685092163e-10
triangle,3,0.0,0.0,1,odd_ridge,0,0.0,2.2155646363175006e-06,1.50937888577507e-05,2.4749389625373233e-06,1.8577224959762688e-06,4.087622958426298e-10
triangle,3,0.0,0.0,1,spherical_odd,540,0.02998789999401197,0.0004319944841601834,0.002265657185178377,0.00045713398656009645,0.00039868053934847164,1.592354605471319e-07
triangle,3,0.0,0.0,1,equivariant,12431,11.011215699953027,0.00018012824778003558,0.0007359239996485578,0.00018534952996345096,0.00017372571192679395,3.0575945623788653e-08
triangle,3,0.0,0.0,2,full_ridge,0,0.0,1.735462899783449e-06,1.4325628578171212e-05,1.9690950221376376e-06,1.4071521847876198e-06,4.07644685092163e-10
triangle,3,0.0,0.0,2,odd_ridge,0,0.0,2.2155646363175006e-06,1.50937888577507e-05,2.4749389625373233e-06,1.8577224959762688e-06,4.087622958426298e-10
triangle,3,0.0,0.0,2,spherical_odd,1120,0.08267180004622787,2.270707424170458e-06,1.4672280851502073e-05,2.509232623818574e-06,1.9465394637589153e-06,4.092116559293366e-10
triangle,3,0.0,0.0,2,equivariant,12090,8.102133599983063,1.2235313012395252e-05,3.676119888906815e-05,1.24488258901405e-05,1.1958675218584199e-05,5.525345275476089e-10
triangle,3,0.0,0.0,3,full_ridge,0,0.0,1.735462899783449e-06,1.4325628578171212e-05,1.9690950221376376e-06,1.4071521847876198e-06,4.07644685092163e-10
triangle,3,0.0,0.0,3,odd_ridge,0,0.0,2.2155646363175006e-06,1.50937888577507e-05,2.4749389625373233e-06,1.8577224959762688e-06,4.087622958426298e-10
triangle,3,0.0,0.0,3,spherical_odd,420,0.032458200003020465,2.1935091613030315e-06,1.4607883458417348e-05,2.438691105297007e-06,1.8581033683872582e-06,4.0883109299798685e-10
triangle,3,0.0,0.0,3,equivariant,18383,13.500185299955774,0.00019999254718389766,0.0011359524273740484,0.00021335545837648936,0.00018219915947595934,3.3538920181186887e-08
triangle,3,0.0,0.0,4,full_ridge,0,0.0,1.735462899783449e-06,1.4325628578171212e-05,1.9690950221376376e-06,1.4071521847876198e-06,4.07644685092163e-10
triangle,3,0.0,0.0,4,odd_ridge,0,0.0,2.2155646363175006e-06,1.50937888577507e-05,2.4749389625373233e-06,1.8577224959762688e-06,4.087622958426298e-10
triangle,3,0.0,0.0,4,spherical_odd,1190,0.049903899955097586,2.913526579711063e-06,1.8774805768284608e-05,3.1894339731887793e-06,2.5408726156589162e-06,4.119398096114373e-10
triangle,3,0.0,0.0,4,equivariant,20708,13.576157900039107,0.0005488243975662782,0.0032612855801938956,0.0005882711406562344,0.0004961579611130788,2.464417706754615e-07
triangle,3,0.0,0.0,5,full_ridge,0,0.0,1.735462899783449e-06,1.4325628578171212e-05,1.9690950221376376e-06,1.4071521847876198e-06,4.07644685092163e-10
triangle,3,0.0,0.0,5,odd_ridge,0,0.0,2.2155646363175006e-06,1.50937888577507e-05,2.4749389625373233e-06,1.8577224959762688e-06,4.087622958426298e-10
triangle,3,0.0,0.0,5,spherical_odd,1250,0.08623250003438443,2.2302620326211064e-06,1.5358871768872406e-05,2.495167278442351e-06,1.863715680012449e-06,4.087755127597289e-10
triangle,3,0.0,0.0,5,equivariant,2635,2.1181964999996126,6.974338537907387e-05,0.00035438615722177547,7.349150804854441e-05,6.48077135746629e-05,4.6312605990899795e-09
triangle,3,0.0,0.0,6,full_ridge,0,0.0,1.735462899783449e-06,1.4325628578171212e-05,1.9690950221376376e-06,1.4071521847876198e-06,4.07644685092163e-10
triangle,3,0.0,0.0,6,odd_ridge,0,0.0,2.2155646363175006e-06,1.50937888577507e-05,2.4749389625373233e-06,1.8577224959762688e-06,4.087622958426298e-10
triangle,3,0.0,0.0,6,spherical_odd,1290,0.12097069999435917,2.274950990166556e-06,1.546594274456914e-05,2.5326323787925285e-06,1.920535583848424e-06,4.0909512957157367e-10
triangle,3,0.0,0.0,6,equivariant,4681,2.9795556999742985,7.675142155978132e-05,0.0002892195818438581,7.878668250496861e-05,7.423663949284487e-05,5.909242150698225e-09
triangle,3,0.0,0.0,7,full_ridge,0,0.0,1.735462899783449e-06,1.4325628578171212e-05,1.9690950221376376e-06,1.4071521847876198e-06,4.07644685092163e-10
triangle,3,0.0,0.0,7,odd_ridge,0,0.0,2.2155646363175006e-06,1.50937888577507e-05,2.4749389625373233e-06,1.8577224959762688e-06,4.087622958426298e-10
triangle,3,0.0,0.0,7,spherical_odd,990,0.08283540001139045,2.4689973563166867e-06,1.9092042168739054e-05,2.8158185390399522e-06,1.9703501737253357e-06,4.090616179421203e-10
triangle,3,0.0,0.0,7,equivariant,8122,5.596961400005966,2.616183442771257e-06,1.7416502674783008e-05,2.9111091471693695e-06,2.2094252718060275e-06,4.0989214006466597e-10
triangle,3,0.0,0.0,8,full_ridge,0,0.0,1.735462899783449e-06,1.4325628578171212e-05,1.9690950221376376e-06,1.4071521847876198e-06,4.07644685092163e-10
triangle,3,0.0,0.0,8,odd_ridge,0,0.0,2.2155646363175006e-06,1.50937888577507e-05,2.4749389625373233e-06,1.8577224959762688e-06,4.087622958426298e-10
triangle,3,0.0,0.0,8,spherical_odd,1310,0.1457729999674484,2.2695550721646864e-06,1.5467845839611805e-05,2.5343426826934524e-06,1.904126437426533e-06,4.08909385095299e-10
triangle,3,0.0,0.0,8,equivariant,19251,13.32843579998007,6.843138680722493e-05,0.00038673409157782834,7.301441274195779e-05,6.232038258256712e-05,4.266012106832075e-09
triangle,3,0.0,0.0,9,full_ridge,0,0.0,1.735462899783449e-06,1.4325628578171212e-05,1.9690950221376376e-06,1.4071521847876198e-06,4.07644685092163e-10
triangle,3,0.0,0.0,9,odd_ridge,0,0.0,2.2155646363175006e-06,1.50937888577507e-05,2.4749389625373233e-06,1.8577224959762688e-06,4.087622958426298e-10
triangle,3,0.0,0.0,9,spherical_odd,1400,0.1117828999995254,2.3077660643734465e-06,1.6496754335737496e-05,2.596470843974972e-06,1.9035463281857278e-06,4.0889023193150257e-10
triangle,3,0.0,0.0,9,equivariant,7223,4.723902900004759,4.0973555115549294e-05,0.00021965061356599147,4.329809076048782e-05,3.796412267508879e-05,1.8388039500556745e-09
triangle,3,0.0,0.0,10,full_ridge,0,0.0,1.735462899783449e-06,1.4325628578171212e-05,1.9690950221376376e-06,1.4071521847876198e-06,4.07644685092163e-10
triangle,3,0.0,0.0,10,odd_ridge,0,0.0,2.2155646363175006e-06,1.50937888577507e-05,2.4749389625373233e-06,1.8577224959762688e-06,4.087622958426298e-10
triangle,3,0.0,0.0,10,spherical_odd,1130,0.09075039997696877,2.189817597622588e-06,1.319611311040303e-05,2.4003881382681747e-06,1.90927499760162e-06,4.090244741664784e-10
triangle,3,0.0,0.0,10,equivariant,4216,3.407358100055717,5.169482419891871e-06,1.0126646861674526e-05,5.173798440478357e-06,5.161299960398536e-06,4.3375502308142263e-10
triangle,3,0.0,0.0,11,full_ridge,0,0.0,1.735462899783449e-06,1.4325628578171212e-05,1.9690950221376376e-06,1.4071521847876198e-06,4.07644685092163e-10
triangle,3,0.0,0.0,11,odd_ridge,0,0.0,2.2155646363175006e-06,1.50937888577507e-05,2.4749389625373233e-06,1.8577224959762688e-06,4.087622958426298e-10
triangle,3,0.0,0.0,11,spherical_odd,1050,0.13531150005292147,2.3074049313014242e-06,1.5768931935777886e-05,2.5707882183363604e-06,1.944882055384816e-06,4.0913754123988997e-10
triangle,3,0.0,0.0,11,equivariant,9579,7.239192900015041,7.06310314773278e-05,0.00040522824852828876,7.548791125782818e-05,6.41440374129742e-05,4.495989003082474e-09
triangle,3,0.0,0.0,12,full_ridge,0,0.0,1.735462899783449e-06,1.4325628578171212e-05,1.9690950221376376e-06,1.4071521847876198e-06,4.07644685092163e-10
triangle,3,0.0,0.0,12,odd_ridge,0,0.0,2.2155646363175006e-06,1.50937888577507e-05,2.4749389625373233e-06,1.8577224959762688e-06,4.087622958426298e-10
triangle,3,0.0,0.0,12,spherical_odd,1280,0.08099570003105327,2.287021293203694e-06,1.557990416506394e-05,2.549253560640227e-06,1.925417825856641e-06,4.0907590505366676e-10
triangle,3,0.0,0.0,12,equivariant,1488,0.926699599949643,9.252741502383605e-05,0.0004992414395315614,9.820977121791666e-05,8.49897779798028e-05,7.59758384902564e-09
triangle,3,0.0,0.0,13,full_ridge,0,0.0,1.735462899783449e-06,1.4325628578171212e-05,1.9690950221376376e-06,1.4071521847876198e-06,4.07644685092163e-10
triangle,3,0.0,0.0,13,odd_ridge,0,0.0,2.2155646363175006e-06,1.50937888577507e-05,2.4749389625373233e-06,1.8577224959762688e-06,4.087622958426298e-10
triangle,3,0.0,0.0,13,spherical_odd,500,0.06733240000903606,2.7389373451876847e-06,1.2876352539631375e-05,2.9138360399334743e-06,2.516709969645745e-06,4.1144672738913977e-10
triangle,3,0.0,0.0,13,equivariant,7440,4.6539428000105545,2.0883628104954695e-05,0.00011354097500765326,2.2172522389032117e-05,1.9187560892091993e-05,7.686367123367378e-10
triangle,3,0.0,0.0,14,full_ridge,0,0.0,1.735462899783449e-06,1.4325628578171212e-05,1.9690950221376376e-06,1.4071521847876198e-06,4.07644685092163e-10
triangle,3,0.0,0.0,14,odd_ridge,0,0.0,2.2155646363175006e-06,1.50937888577507e-05,2.4749389625373233e-06,1.8577224959762688e-06,4.087622958426298e-10
triangle,3,0.0,0.0,14,spherical_odd,1110,0.12015660002361983,2.4427287330628484e-06,1.773405160945818e-05,2.7473496682857746e-06,2.014945791748954e-06,4.093945262721498e-10
triangle,3,0.0,0.0,14,equivariant,1798,1.347832799947355,2.2438691075396943e-06,1.4116698784427673e-05,2.4772589945723026e-06,1.928825271154023e-06,4.089996583596674e-10
triangle,3,0.0,0.0,15,full_ridge,0,0.0,1.735462899783449e-06,1.4325628578171212e-05,1.9690950221376376e-06,1.4071521847876198e-06,4.07644685092163e-10
triangle,3,0.0,0.0,15,odd_ridge,0,0.0,2.2155646363175006e-06,1.50937888577507e-05,2.4749389625373233e-06,1.8577224959762688e-06,4.087622958426298e-10
triangle,3,0.0,0.0,15,spherical_odd,1150,0.09628860000520945,2.2443846262358135e-06,1.5231070968485527e-05,2.5052021300622663e-06,1.8847367587231091e-06,4.088572503362969e-10
triangle,3,0.0,0.0,15,equivariant,3782,2.7103475999902003,2.764382987932358e-06,1.9988135676940466e-05,3.092394258003194e-06,2.30711393426745e-06,4.10632722144791e-10
triangle,3,0.0,0.0,16,full_ridge,0,0.0,1.735462899783449e-06,1.4325628578171212e-05,1.9690950221376376e-06,1.4071521847876198e-06,4.07644685092163e-10
triangle,3,0.0,0.0,16,odd_ridge,0,0.0,2.2155646363175006e-06,1.50937888577507e-05,2.4749389625373233e-06,1.8577224959762688e-06,4.087622958426298e-10
triangle,3,0.0,0.0,16,spherical_odd,1040,0.0832010000012815,2.2735107675081847e-06,1.6022220022116063e-05,2.5537774955007894e-06,1.8824962547654837e-06,4.0880937059740715e-10
triangle,3,0.0,0.0,16,equivariant,16027,10.536727999977302,1.898246432075125e-05,0.00011910277111931711,2.0554396493219428e-05,1.685283134357493e-05,6.831784192645813e-10
triangle,3,0.0,0.0,17,full_ridge,0,0.0,1.735462899783449e-06,1.4325628578171212e-05,1.9690950221376376e-06,1.4071521847876198e-06,4.07644685092163e-10
triangle,3,0.0,0.0,17,odd_ridge,0,0.0,2.2155646363175006e-06,1.50937888577507e-05,2.4749389625373233e-06,1.8577224959762688e-06,4.087622958426298e-10
triangle,3,0.0,0.0,17,spherical_odd,760,0.09524180000880733,2.2148318761233254e-06,1.4947095082429307e-05,2.470848704051765e-06,1.8624999818321141e-06,4.087761648748644e-10
triangle,3,0.0,0.0,17,equivariant,8432,6.005311900051311,0.0007136114826762783,0.004274199620867308,0.0007655631672033489,0.0006442158160250946,4.152638649547412e-07
triangle,3,0.0,0.0,18,full_ridge,0,0.0,1.735462899783449e-06,1.4325628578171212e-05,1.9690950221376376e-06,1.4071521847876198e-06,4.07644685092163e-10
triangle,3,0.0,0.0,18,odd_ridge,0,0.0,2.2155646363175006e-06,1.50937888577507e-05,2.4749389625373233e-06,1.8577224959762688e-06,4.087622958426298e-10
triangle,3,0.0,0.0,18,spherical_odd,1230,0.09770869999192655,2.4095117513422152e-06,1.5643326890357745e-05,2.6706948583696277e-06,2.0532695463671496e-06,4.09361183530702e-10
triangle,3,0.0,0.0,18,equivariant,1054,0.7233126999926753,3.6211776316694125e-05,0.0002101777668721827,3.8783093570466016e-05,3.276945273620429e-05,1.466818111104056e-09
triangle,3,0.0,0.0,19,full_ridge,0,0.0,1.735462899783449e-06,1.4325628578171212e-05,1.9690950221376376e-06,1.4071521847876198e-06,4.07644685092163e-10
triangle,3,0.0,0.0,19,odd_ridge,0,0.0,2.2155646363175006e-06,1.50937888577507e-05,2.4749389625373233e-06,1.8577224959762688e-06,4.087622958426298e-10
triangle,3,0.0,0.0,19,spherical_odd,690,0.07489099999656901,2.2618766912324146e-06,1.2051321853584485e-05,2.441958825916409e-06,2.029417384028621e-06,4.0942037491896193e-10
triangle,3,0.0,0.0,19,equivariant,5053,3.618353499972727,2.3129566750925428e-06,1.5071051301468463e-05,2.554655116145317e-06,1.9852509588513923e-06,4.0935724081185066e-10
triangle,3,0.0001,1.1834645469858371e-05,0,full_ridge,0,0.0,4.29935094289132e-06,2.3459897323080403e-05,4.512431911023258e-06,1.0329192537013185e-05,5.128317948202255e-10
triangle,3,0.0001,1.1834645469858371e-05,0,odd_ridge,0,0.0,3.1989279783542106e-06,7.721107324665244e-06,3.2417909110535916e-06,1.0854740831706668e-05,5.23422730990415e-10
triangle,3,0.0001,1.1834645469858371e-05,0,spherical_odd,800,0.06085790001088753,3.226889854868332e-06,7.881104734958067e-06,3.2705715705789403e-06,1.0856318225711203e-05,5.234373101590067e-10
triangle,3,0.0001,1.1834645469858371e-05,0,equivariant,8680,4.869753400038462,6.0542737034290435e-05,0.00036744063675164806,6.511817826319358e-05,5.5898466745059234e-05,3.510882273913916e-09
triangle,3,0.0001,1.1834645469858371e-05,1,full_ridge,0,0.0,3.6418606530293134e-06,1.1578029062569994e-05,3.651275059042616e-06,1.108984176675381e-05,5.288323974345128e-10
triangle,3,0.0001,1.1834645469858371e-05,1,odd_ridge,0,0.0,3.5228427334885003e-06,1.0076785892015883e-05,3.516255681978572e-06,1.1199693599951461e-05,5.310900084426893e-10
triangle,3,0.0001,1.1834645469858371e-05,1,spherical_odd,940,0.08917670004302636,3.5343025130541033e-06,1.0049145468454812e-05,3.527698569620852e-06,1.1200375767388394e-05,5.310974539631968e-10
triangle,3,0.0001,1.1834645469858371e-05,1,equivariant,13795,9.145240499987267,0.00016710765376766763,0.0007157847508038329,0.00017247376345345193,0.0001632677601304525,2.7051866463936045e-08
triangle,3,0.0001,1.1834645469858371e-05,2,full_ridge,0,0.0,5.288179610565646e-06,3.4080918359602475e-05,5.622137503697483e-06,1.2825341919235177e-05,5.697377129328407e-10
triangle,3,0.0001,1.1834645469858371e-05,2,odd_ridge,0,0.0,4.2991468873702555e-06,2.91296568496191e-05,4.71866321895947e-06,1.3223628544086397e-05,5.799643004268199e-10
triangle,3,0.0001,1.1834645469858371e-05,2,spherical_odd,1130,0.09130109997931868,4.550639397374326e-06,3.0514077076632118e-05,4.982934783421527e-06,1.3231503431490432e-05,5.801274292648859e-10
triangle,3,0.0001,1.1834645469858371e-05,2,equivariant,11377,7.360848400043324,1.3435763827753595e-05,3.0579117650364473e-05,1.3569649039938002e-05,1.8216212716081165e-05,7.416150037661937e-10
triangle,3,0.0001,1.1834645469858371e-05,3,full_ridge,0,0.0,3.4299520355087284e-06,1.9717416582243352e-05,3.6015652279679284e-06,1.141059512437566e-05,5.35868686110806e-10
triangle,3,0.0001,1.1834645469858371e-05,3,odd_ridge,0,0.0,2.6220446709799846e-06,1.4294335461156882e-05,2.8264668998862237e-06,1.174860598958489e-05,5.432808525900772e-10
triangle,3,0.0001,1.1834645469858371e-05,3,spherical_odd,410,0.05361820000689477,2.5862960813993877e-06,1.6061682075602102e-05,2.830563075444194e-06,1.1784493953939974e-05,5.441579623487078e-10
triangle,3,0.0001,1.1834645469858371e-05,3,equivariant,16151,12.32069289998617,2.8460053288522454e-06,1.903649862544654e-05,3.1530848554633344e-06,1.1777736155785523e-05,5.437854052554007e-10
triangle,3,0.0001,1.1834645469858371e-05,4,full_ridge,0,0.0,4.674802455138204e-06,2.9472527021623396e-05,4.912149241482642e-06,1.1372367652957876e-05,5.344968546171216e-10
triangle,3,0.0001,1.1834645469858371e-05,4,odd_ridge,0,0.0,3.8212330786736265e-06,2.0658581043636604e-05,4.0886443599915094e-06,1.1704163065113189e-05,5.420576771054919e-10
triangle,3,0.0001,1.1834645469858371e-05,4,spherical_odd,1280,0.10504600004060194,3.905034774503132e-06,2.1422616836103137e-05,4.185457351583866e-06,1.171118495934501e-05,5.421791512574995e-10
triangle,3,0.0001,1.1834645469858371e-05,4,equivariant,10168,8.01056929997867,0.0007265976467179559,0.004360667758931708,0.0007796724460400341,0.0006550758967298171,4.2937320751154376e-07
triangle,3,0.0001,1.1834645469858371e-05,5,full_ridge,0,0.0,4.252080005232683e-06,2.10416575011918e-05,4.441955688592854e-06,1.1843851975731136e-05,5.456140744339926e-10
triangle,3,0.0001,1.1834645469858371e-05,5,odd_ridge,0,0.0,3.996236012014482e-06,2.1893378398640806e-05,4.274160752591049e-06,1.21075880469155e-05,5.515368965295504e-10
triangle,3,0.0001,1.1834645469858371e-05,5,spherical_odd,1280,0.18517059995792806,4.21255303395145e-06,2.1938316627140297e-05,4.47779680397045e-06,1.2115692269762494e-05,5.517035412122571e-10
triangle,3,0.0001,1.1834645469858371e-05,5,equivariant,2790,2.470692999952007,0.000122994249785372,0.0006453908815498566,0.0001300533715178316,0.00011520865448401498,1.3725100051680244e-08
triangle,3,0.0001,1.1834645469858371e-05,6,full_ridge,0,0.0,4.14927164179619e-06,3.377827454842386e-05,4.466979786755333e-06,1.1475084005491703e-05,5.37370078122028e-10
triangle,3,0.0001,1.1834645469858371e-05,6,odd_ridge,0,0.0,3.6042106531429497e-06,2.4470622715461188e-05,3.9510603868682675e-06,1.1761785973206757e-05,5.43801017826003e-10
triangle,3,0.0001,1.1834645469858371e-05,6,spherical_odd,1280,0.14502729999367148,3.8045748573883995e-06,2.3969090515468805e-05,4.117519986273238e-06,1.1791723578629843e-05,5.446311702061068e-10
triangle,3,0.0001,1.1834645469858371e-05,6,equivariant,4929,3.7609207999776118,7.127660904357172e-05,0.0002776465205241163,7.331098731436503e-05,6.812484016863539e-05,5.039237750930179e-09
triangle,3,0.0001,1.1834645469858371e-05,7,full_ridge,0,0.0,4.213573281693796e-06,2.2234581113660112e-05,4.363666977647796e-06,1.1337402605506418e-05,5.347570922129e-10
triangle,3,0.0001,1.1834645469858371e-05,7,odd_ridge,0,0.0,2.9552987809255585e-06,1.2776482956583513e-05,3.1107530740035043e-06,1.1999683273558042e-05,5.493328142609855e-10
triangle,3,0.0001,1.1834645469858371e-05,7,spherical_odd,920,0.05526390002341941,3.1606417580911263e-06,1.6482538075984765e-05,3.38178982788778e-06,1.2100552614457125e-05,5.516650540538628e-10
triangle,3,0.0001,1.1834645469858371e-05,7,equivariant,8587,6.375883000029717,2.94645099516942e-06,1.1548205621020324e-05,3.080903261338894e-06,1.2007231723939428e-05,5.495344889482859e-10
triangle,3,0.0001,1.1834645469858371e-05,8,full_ridge,0,0.0,4.206289125919113e-06,2.097521289404214e-05,4.458810967612802e-06,1.0027404814514315e-05,5.056577561103037e-10
triangle,3,0.0001,1.1834645469858371e-05,8,odd_ridge,0,0.0,3.788193251898164e-06,2.0720860673312247e-05,4.0586323752061126e-06,1.0195348526722797e-05,5.089821711428242e-10
triangle,3,0.0001,1.1834645469858371e-05,8,spherical_odd,1430,0.0964368999702856,3.866303533355115e-06,2.2415923480206823e-05,4.1713857994683265e-06,1.0252000357405914e-05,5.100855307039334e-10
triangle,3,0.0001,1.1834645469858371e-05,8,equivariant,15314,10.336135199991986,4.126240429201436e-05,0.0002313900572240013,4.4017213177127774e-05,3.813849795882571e-05,1.845806676975849e-09
triangle,3,0.0001,1.1834645469858371e-05,9,full_ridge,0,0.0,3.6395690427025143e-06,2.3042857264704564e-05,3.909054180793106e-06,1.1486958491902363e-05,5.37334105795149e-10
triangle,3,0.0001,1.1834645469858371e-05,9,odd_ridge,0,0.0,3.4331405103749302e-06,2.5325050030278184e-05,3.853163397937416e-06,1.1805810772272725e-05,5.441951038430127e-10
triangle,3,0.0001,1.1834645469858371e-05,9,spherical_odd,1410,0.13847619999432936,3.501543045599811e-06,2.5994013238078706e-05,3.9328186819743235e-06,1.1808089351966865e-05,5.442344437421132e-10
triangle,3,0.0001,1.1834645469858371e-05,9,equivariant,5859,4.705524799996056,3.2905245187976975e-05,0.00020591450472975947,3.5515912190365664e-05,3.082311694767217e-05,1.3460488030322722e-09
triangle,3,0.0001,1.1834645469858371e-05,10,full_ridge,0,0.0,3.6215899753588632e-06,1.611622313485439e-05,3.734590603484944e-06,1.1873800970510915e-05,5.466645972683342e-10
triangle,3,0.0001,1.1834645469858371e-05,10,odd_ridge,0,0.0,3.2856724276366297e-06,1.3975282506073494e-05,3.445663727091305e-06,1.2098779171434731e-05,5.517576458656005e-10
triangle,3,0.0001,1.1834645469858371e-05,10,spherical_odd,1250,0.11062709998805076,3.1284378590925114e-06,1.1046540249165515e-05,3.242263213242519e-06,1.2102596876585938e-05,5.519393188323106e-10
triangle,3,0.0001,1.1834645469858371e-05,10,equivariant,5456,3.883950100047514,5.5004539008705815e-06,1.3223915515947482e-05,5.491959307489876e-06,1.2854065436000108e-05,5.721592422405432e-10
triangle,3,0.0001,1.1834645469858371e-05,11,full_ridge,0,0.0,3.5914162737006297e-06,1.3780447342626179e-05,3.7062672161913702e-06,1.230676341932596e-05,5.571072122840439e-10
triangle,3,0.0001,1.1834645469858371e-05,11,odd_ridge,0,0.0,3.2116677977514754e-06,1.7581244530884277e-05,3.4592651809126407e-06,1.2668192296100228e-05,5.655264622378284e-10
triangle,3,0.0001,1.1834645469858371e-05,11,spherical_odd,990,0.12531690002651885,3.259790247137695e-06,1.7712659026308808e-05,3.507149853688085e-06,1.2672679319072934e-05,5.656301501507425e-10
triangle,3,0.0001,1.1834645469858371e-05,11,equivariant,11315,7.312695799977519,7.336381876325013e-05,0.0004194440202124339,7.837903182243785e-05,6.713346341999703e-05,4.887545404423116e-09
triangle,3,0.0001,1.1834645469858371e-05,12,full_ridge,0,0.0,3.6946901582097e-06,1.1028492378051258e-05,3.746589370619113e-06,1.053257621854972e-05,5.174093859548796e-10
triangle,3,0.0001,1.1834645469858371e-05,12,odd_ridge,0,0.0,3.5734182967052844e-06,1.5963732067497682e-05,3.7439386072748777e-06,1.0955890831678485e-05,5.256528911384882e-10
triangle,3,0.0001,1.1834645469858371e-05,12,spherical_odd,1270,0.1260001999908127,3.681991106800229e-06,1.7743649617929513e-05,3.8818203990846125e-06,1.0965895476836123e-05,5.258033736661344e-10
triangle,3,0.0001,1.1834645469858371e-05,12,equivariant,1488,1.0802969000069425,9.27067828998615e-05,0.0005059143115020426,9.851492036150867e-05,8.659327603111141e-05,7.87266853033386e-09
triangle,3,0.0001,1.1834645469858371e-05,13,full_ridge,0,0.0,3.5567266495244326e-06,2.9130220690176678e-05,3.84697320561591e-06,1.069528101616587e-05,5.19912886581894e-10
triangle,3,0.0001,1.1834645469858371e-05,13,odd_ridge,0,0.0,2.9048694086142966e-06,2.0949815672133276e-05,3.2587956490406566e-06,1.1074368244778088e-05,5.276750895306249e-10
triangle,3,0.0001,1.1834645469858371e-05,13,spherical_odd,510,0.05460779997520149,3.967611577076369e-06,2.9150583977927136e-05,4.451884801175057e-06,1.1204785101502784e-05,5.300163386751498e-10
triangle,3,0.0001,1.1834645469858371e-05,13,equivariant,6758,4.247615800006315,1.3844581861214616e-05,8.718335112528619e-05,1.5022870525244827e-05,1.5957782436154557e-05,6.554355477707218e-10
triangle,3,0.0001,1.1834645469858371e-05,14,full_ridge,0,0.0,3.762565461782436e-06,1.2058871017996131e-05,3.835504392280263e-06,1.1183926659912638e-05,5.317716226507157e-10
triangle,3,0.0001,1.1834645469858371e-05,14,odd_ridge,0,0.0,3.452297307046349e-06,1.4298131075535236e-05,3.594696318394229e-06,1.165345513415442e-05,5.414974857182252e-10
triangle,3,0.0001,1.1834645469858371e-05,14,spherical_odd,1050,0.10116020002169535,3.252298735422055e-06,1.389565983028751e-05,3.396231916497976e-06,1.1673412078795928e-05,5.419927657449537e-10
triangle,3,0.0001,1.1834645469858371e-05,14,equivariant,1829,1.2192948999581859,3.632075234658679e-06,1.4357194756953184e-05,3.7688212850472634e-06,1.166192284680404e-05,5.416704504277635e-10
triangle,3,0.0001,1.1834645469858371e-05,15,full_ridge,0,0.0,3.116060817212667e-06,1.3521258608928388e-05,3.252217138020402e-06,1.0303919333062032e-05,5.115850397404512e-10
triangle,3,0.0001,1.1834645469858371e-05,15,odd_ridge,0,0.0,3.1894057137457716e-06,1.4672636500207004e-05,3.3752493037252073e-06,1.0425404814312062e-05,5.138087691128445e-10
triangle,3,0.0001,1.1834645469858371e-05,15,spherical_odd,1050,0.12352359999204054,3.193316168507448e-06,1.5222619130755843e-05,3.3907585529319126e-06,1.0427772614972529e-05,5.138291742199346e-10
triangle,3,0.0001,1.1834645469858371e-05,15,equivariant,4309,3.1080850000143982,3.224247343132523e-06,1.5409980396063894e-05,3.4254081252917944e-06,1.043147738879985e-05,5.138754641575714e-10
triangle,3,0.0001,1.1834645469858371e-05,16,full_ridge,0,0.0,3.002383109487357e-06,1.6770383686554036e-05,3.145758422582993e-06,1.1680140058645307e-05,5.418799640616855e-10
triangle,3,0.0001,1.1834645469858371e-05,16,odd_ridge,0,0.0,3.0707412446320176e-06,1.5268253363148743e-05,3.2828791482241716e-06,1.1868874889052337e-05,5.458246220526464e-10
triangle,3,0.0001,1.1834645469858371e-05,16,spherical_odd,1030,0.07664450001902878,3.4014597884748024e-06,1.671664534014239e-05,3.6269602007523785e-06,1.1883569745852483e-05,5.460615711665247e-10
triangle,3,0.0001,1.1834645469858371e-05,16,equivariant,16709,11.634668899991084,6.435698716718268e-05,0.0003501281062284478,6.837234589352815e-05,5.920265012582595e-05,3.888748204763158e-09
triangle,3,0.0001,1.1834645469858371e-05,17,full_ridge,0,0.0,5.048026466476187e-06,3.7856919966161584e-05,5.485912705828735e-06,1.1800577029465427e-05,5.442802483580411e-10
triangle,3,0.0001,1.1834645469858371e-05,17,odd_ridge,0,0.0,4.638188328648411e-06,3.241498593989367e-05,5.106131881991291e-06,1.2024242739413756e-05,5.493796901995733e-10
triangle,3,0.0001,1.1834645469858371e-05,17,spherical_odd,710,0.07554099999833852,4.6552238071134656e-06,3.152934792224893e-05,5.100236967838201e-06,1.2031606290869417e-05,5.495428085281597e-10
triangle,3,0.0001,1.1834645469858371e-05,17,equivariant,6820,4.696644100011326,0.000725126469160661,0.004363519658348275,0.0007783252114316134,0.000652719399761463,4.2629154569515066e-07
triangle,3,0.0001,1.1834645469858371e-05,18,full_ridge,0,0.0,3.9642287491819716e-06,9.18985389225524e-06,3.967706871894109e-06,1.103605524199427e-05,5.280327389388828e-10
triangle,3,0.0001,1.1834645469858371e-05,18,odd_ridge,0,0.0,3.2408528856065114e-06,7.578678350661505e-06,3.249886787282409e-06,1.133259834989458e-05,5.344742280971008e-10
triangle,3,0.0001,1.1834645469858371e-05,18,spherical_odd,1300,0.09713499998906627,3.167168910160229e-06,7.384731520732046e-06,3.1813738227287133e-06,1.1337621161129316e-05,5.345259538400263e-10
triangle,3,0.0001,1.1834645469858371e-05,18,equivariant,1054,0.8175449999980628,3.622772753905251e-05,0.00020941002891328164,3.8780902211075364e-05,3.63931562965236e-05,1.71745543588481e-09
triangle,3,0.0001,1.1834645469858371e-05,19,full_ridge,0,0.0,4.618184200542643e-06,3.512358935509052e-05,4.919056697892952e-06,1.1194593507144222e-05,5.306463831062232e-10
triangle,3,0.0001,1.1834645469858371e-05,19,odd_ridge,0,0.0,2.8279714044734625e-06,2.1355908510156674e-05,3.1963800700568985e-06,1.1819092950028557e-05,5.447767161744004e-10
triangle,3,0.0001,1.1834645469858371e-05,19,spherical_odd,700,0.06857000000309199,2.974824840423566e-06,2.1759742557775352e-05,3.3306247232097833e-06,1.1844535155390002e-05,5.454920701850947e-10
triangle,3,0.0001,1.1834645469858371e-05,19,equivariant,3534,2.3832936999970116,7.787216132546554e-06,6.18927693221416e-05,8.781314229130762e-06,1.3035089969706376e-05,5.732932876599598e-10
triangle,3,0.001,0.00011834645469858371,0,full_ridge,0,0.0,4.1174285347103635e-05,0.0002963472260127664,4.336842774928004e-05,0.00010255359843565275,1.092769151638162e-08
triangle,3,0.001,0.00011834645469858371,0,odd_ridge,0,0.0,2.644494535935266e-05,7.608902203640189e-05,2.6786764511284443e-05,0.00010646744540118133,1.1743500329459166e-08
triangle,3,0.001,0.00011834645469858371,0,spherical_odd,760,0.09022380004171282,2.6511776724103405e-05,7.505003080202077e-05,2.6839897966687568e-05,0.00010646924486245253,1.1743828359192216e-08
triangle,3,0.001,0.00011834645469858371,0,equivariant,15407,9.63844239996979,5.407763876890069e-05,0.0002448165673747671,5.6405576886500625e-05,0.00011853324936150284,1.4443049756630246e-08
triangle,3,0.001,0.00011834645469858371,1,full_ridge,0,0.0,3.508857100630099e-05,0.00017719144547009846,3.610137327394154e-05,0.00011003765622168154,1.2515786490212926e-08
triangle,3,0.001,0.00011834645469858371,1,odd_ridge,0,0.0,3.2148050618646615e-05,0.0001480271937691069,3.330076904942937e-05,0.00011091188645854789,1.2710229876279944e-08
triangle,3,0.001,0.00011834645469858371,1,spherical_odd,860,0.08029549999628216,3.217015982732196e-05,0.00014755585519471426,3.331377582443396e-05,0.00011091226840026988,1.2710279901721213e-08
triangle,3,0.001,0.00011834645469858371,1,equivariant,10850,6.806510699971113,0.00018112303456989303,0.0007099000581463344,0.00018598010699497864,0.00022690533340020787,5.188162651085041e-08
triangle,3,0.001,0.00011834645469858371,2,full_ridge,0,0.0,4.777619576714634e-05,0.00025008933007572565,4.91578797605023e-05,0.0001287520029377633,1.697860754499757e-08
triangle,3,0.001,0.00011834645469858371,2,odd_ridge,0,0.0,3.366942918867869e-05,0.000155452468708156,3.495116859704599e-05,0.00013284922466182657,1.8052120672543042e-08
triangle,3,0.001,0.00011834645469858371,2,spherical_odd,1110,0.08693390002008528,3.360228604322019e-05,0.00015479881375082827,3.487670934716084e-05,0.0001328496428099104,1.805220994274106e-08
triangle,3,0.001,0.00011834645469858371,2,equivariant,10540,8.245004299969878,3.3034590738359924e-05,8.58674034832918e-05,3.334005649915981e-05,0.00013339409890114688,1.820178271035468e-08
triangle,3,0.001,0.00011834645469858371,3,full_ridge,0,0.0,2.944523356158012e-05,7.348461245298282e-05,2.987692759319353e-05,0.00011315492806157332,1.3209727569493903e-08
triangle,3,0.001,0.00011834645469858371,3,odd_ridge,0,0.0,1.438751517543401e-05,4.3070423668772895e-05,1.4372587625552906e-05,0.00011591410212309297,1.3840790261706715e-08
triangle,3,0.001,0.00011834645469858371,3,spherical_odd,420,0.05180770001607016,1.421011414307108e-05,4.26688388033801e-05,1.420166206975914e-05,0.00011591489960685223,1.3840938272582038e-08
triangle,3,0.001,0.00011834645469858371,3,equivariant,20305,14.690127000038046,1.7954716688141848e-05,5.3438663580644696e-05,1.811468036853206e-05,0.00011604947848642695,1.3870703361292057e-08
triangle,3,0.001,0.00011834645469858371,4,full_ridge,0,0.0,4.2124622212226057e-05,0.00020400541664072902,4.3142285559837144e-05,0.00011306175450323117,1.318367795281497e-08
triangle,3,0.001,0.00011834645469858371,4,odd_ridge,0,0.0,2.939319124386069e-05,7.285585675150669e-05,2.9718353373647895e-05,0.00011658829381194045,1.3995740163394123e-08
triangle,3,0.001,0.00011834645469858371,4,spherical_odd,1190,0.09381009999196976,2.9380795668083632e-05,7.275848652413264e-05,2.972602222264444e-05,0.00011658907940180745,1.39958889396036e-08
triangle,3,0.001,0.00011834645469858371,4,equivariant,30380,20.515981899981853,0.00013018517834781533,0.0007458618819003171,0.0001389840161189154,0.00015920279571020551,2.5709525792682212e-08
triangle,3,0.001,0.00011834645469858371,5,full_ridge,0,0.0,3.7621579721564466e-05,0.00011969672158640421,3.796997210123456e-05,0.00011783866611567524,1.4288356839806773e-08
triangle,3,0.001,0.00011834645469858371,5,odd_ridge,0,0.0,3.12108951641899e-05,8.308968425807528e-05,3.160156852557342e-05,0.00011972016342126143,1.4734567139504176e-08
triangle,3,0.001,0.00011834645469858371,5,spherical_odd,1260,0.12072269996860996,3.0912163378652205e-05,8.985574221873072e-05,3.138006618159151e-05,0.00011973383425463499,1.4737855870046021e-08
triangle,3,0.001,0.00011834645469858371,5,equivariant,3441,2.609505000000354,0.00011906957594550499,0.0005961724040299821,0.00012535966552610085,0.00016705814505765159,2.8357654016611352e-08
triangle,3,0.001,0.00011834645469858371,6,full_ridge,0,0.0,3.61922824011409e-05,0.00020885208820251022,3.746914108286464e-05,0.0001137247787434105,1.3339271311943586e-08
triangle,3,0.001,0.00011834645469858371,6,odd_ridge,0,0.0,2.6411676638299493e-05,0.00010886212736513357,2.710687548997907e-05,0.00011608661838395515,1.3882920502175886e-08
triangle,3,0.001,0.00011834645469858371,6,spherical_odd,1490,0.12208489998010918,2.5569052527844344e-05,0.00010144430792949355,2.6186005564601446e-05,0.0001160907569533088,1.3884030541792887e-08
triangle,3,0.001,0.00011834645469858371,6,equivariant,4929,3.4725963000091724,8.433523524626485e-05,0.00033840833934573045,8.67936823080855e-05,0.00013326059779154902,1.815647193708432e-08
triangle,3,0.001,0.00011834645469858371,7,full_ridge,0,0.0,3.963559467265077e-05,0.0001889137207909397,4.0627088229585444e-05,0.00011320258340911985,1.3226099376956675e-08
triangle,3,0.001,0.00011834645469858371,7,odd_ridge,0,0.0,2.054106727854025e-05,3.3296935789940696e-05,2.0535756955059688e-05,0.00011793805019712241,1.4314987461323209e-08
triangle,3,0.001,0.00011834645469858371,7,spherical_odd,1030,0.13207280001370236,2.0542179265229415e-05,3.337987980169682e-05,2.053728218297432e-05,0.0001179379907151616,1.4314991773488125e-08
triangle,3,0.001,0.00011834645469858371,7,equivariant,8649,5.853863199998159,2.0132219407145067e-05,3.228828691818897e-05,2.012629889618117e-05,0.00011793977986184967,1.4315436813107919e-08
triangle,3,0.001,0.00011834645469858371,8,full_ridge,0,0.0,3.6211951526052533e-05,0.00011903227526818827,3.680212113494964e-05,9.858271577738013e-05,1.0118702877672434e-08
triangle,3,0.001,0.00011834645469858371,8,odd_ridge,0,0.0,2.88984006976066e-05,7.136450685640838e-05,2.922514836243723e-05,0.00010070172700124852,1.0543417802023603e-08
triangle,3,0.001,0.00011834645469858371,8,spherical_odd,1350,0.13842719997046515,2.885287065397347e-05,7.185652179311774e-05,2.9184835802885066e-05,0.00010070187694705708,1.054344652671357e-08
triangle,3,0.001,0.00011834645469858371,8,equivariant,17422,11.85505249997368,3.6606020162719017e-05,0.00015159665971090086,3.7896703222851754e-05,0.00010159991907915678,1.0720093014137166e-08
triangle,3,0.001,0.00011834645469858371,9,full_ridge,0,0.0,3.0118149319283282e-05,0.0001397087191807589,3.07978772618463e-05,0.00011382526852103447,1.3359059772476447e-08
triangle,3,0.001,0.00011834645469858371,9,odd_ridge,0,0.0,2.2119152422811595e-05,0.00011740640055371565,2.33494055888038e-05,0.00011581414993600827,1.3813329069480172e-08
triangle,3,0.001,0.00011834645469858371,9,spherical_odd,1310,0.10919869999634102,2.2172204098776678e-05,0.00011784240096796017,2.3408187159010292e-05,0.00011581436658430286,1.3813359537167498e-08
triangle,3,0.001,0.00011834645469858371,9,equivariant,4774,3.2468797999899834,6.204387969447813e-05,0.00034541834647253133,6.600601836049318e-05,0.00012334870248928336,1.5600884219059103e-08
triangle,3,0.001,0.00011834645469858371,10,full_ridge,0,0.0,3.1948918093171846e-05,8.34509164505115e-05,3.199218007254966e-05,0.00011902240813634616,1.4572128121894403e-08
triangle,3,0.001,0.00011834645469858371,10,odd_ridge,0,0.0,2.4735701166328743e-05,5.234776325435675e-05,2.4690387791580134e-05,0.00012070543621860028,1.4975774411521142e-08
triangle,3,0.001,0.00011834645469858371,10,spherical_odd,1230,0.12157760001718998,2.473970607273519e-05,5.239865621028961e-05,2.469429818071489e-05,0.00012070554116415283,1.497581728396629e-08
triangle,3,0.001,0.00011834645469858371,10,equivariant,6107,4.335370899992995,2.8426097548164965e-05,5.515560234331529e-05,2.847260280577829e-05,0.00012113387398460987,1.508314598228674e-08
triangle,3,0.001,0.00011834645469858371,11,full_ridge,0,0.0,3.1534128866702086e-05,6.18392321358463e-05,3.155939326121026e-05,0.00011999453752157363,1.4804215505758738e-08
triangle,3,0.001,0.00011834645469858371,11,odd_ridge,0,0.0,2.1800703778867033e-05,4.8395451815508306e-05,2.196263575734403e-05,0.00012228242522052365,1.535563443117587e-08
triangle,3,0.001,0.00011834645469858371,11,spherical_odd,1120,0.13381039997329935,2.196033770250851e-05,4.8595292005855495e-05,2.2128026246125714e-05,0.00012228296714713747,1.5355698130712425e-08
triangle,3,0.001,0.00011834645469858371,11,equivariant,9579,5.9615214000223204,8.215546534390473e-05,0.0004385742395717762,8.712981550491139e-05,0.0001389301041621954,1.9679989717297038e-08
triangle,3,0.001,0.00011834645469858371,12,full_ridge,0,0.0,3.454136930166787e-05,8.007267283899333e-05,3.451056105170251e-05,0.00010519441792867104,1.1479724800163013e-08
triangle,3,0.001,0.00011834645469858371,12,odd_ridge,0,0.0,2.8525199237851988e-05,7.509112884502428e-05,2.85393525314882e-05,0.00010721208554400171,1.1902858640435277e-08
triangle,3,0.001,0.00011834645469858371,12,spherical_odd,1220,0.12358769995626062,2.8575560178705932e-05,7.52810517107988e-05,2.8589942998509923e-05,0.00010721210085665864,1.1902872072630749e-08
triangle,3,0.001,0.00011834645469858371,12,equivariant,1488,1.1299173000152223,9.759523756305567e-05,0.000561229166186672,0.00010425251233315912,0.0001427482824628818,2.075096008849829e-08
triangle,3,0.001,0.00011834645469858371,13,full_ridge,0,0.0,2.944367856828337e-05,0.00016237154972484347,3.041749339188303e-05,0.00010602358288815739,1.1645262600386085e-08
triangle,3,0.001,0.00011834645469858371,13,odd_ridge,0,0.0,1.5536479719926182e-05,7.365405702794425e-05,1.6267943147120006e-05,0.00010879825244509227,1.2239604385492717e-08
triangle,3,0.001,0.00011834645469858371,13,spherical_odd,530,0.05833239998901263,1.5421439567534468e-05,7.33804462538512e-05,1.615064354903209e-05,0.00010879851858609794,1.2239713903474028e-08
triangle,3,0.001,0.00011834645469858371,13,equivariant,8122,5.609199899947271,6.582928470644356e-05,0.00031234148341116597,6.862837712445102e-05,0.00012648337839380174,1.6394755890583878e-08
triangle,3,0.001,0.00011834645469858371,14,full_ridge,0,0.0,3.575613175593363e-05,8.715661973862643e-05,3.613842380299124e-05,0.0001101708780326529,1.2553713714694299e-08
triangle,3,0.001,0.00011834645469858371,14,odd_ridge,0,0.0,2.759327149761259e-05,4.219899503765667e-05,2.7552575231685235e-05,0.0001125617080479806,1.3079303064786577e-08
triangle,3,0.001,0.00011834645469858371,14,spherical_odd,1060,0.10964030004106462,2.7576647204284958e-05,4.2049877479022335e-05,2.75364745642098e-05,0.00011256187014652495,1.3079322487333366e-08
triangle,3,0.001,0.00011834645469858371,14,equivariant,1891,1.2343272999860346,2.756911953754527e-05,4.429764642224082e-05,2.7530182168753873e-05,0.00011256528657546136,1.3080017523279274e-08
triangle,3,0.001,0.00011834645469858371,15,full_ridge,0,0.0,2.557483099717095e-05,6.30959849308721e-05,2.565317915927071e-05,0.00010282983238280799,1.097714478880706e-08
triangle,3,0.001,0.00011834645469858371,15,odd_ridge,0,0.0,2.2608994243675197e-05,4.6952978988268335e-05,2.2590952916937495e-05,0.00010349151314057225,1.1113894914172738e-08
triangle,3,0.001,0.00011834645469858371,15,spherical_odd,1120,0.08559979998972267,2.2625740887562483e-05,4.723830238978488e-05,2.2610944046610062e-05,0.00010349195611166825,1.1113930144865848e-08
triangle,3,0.001,0.00011834645469858371,15,equivariant,17887,11.98582100000931,2.7291398961190897e-05,6.835017817577449e-05,2.7638558785435476e-05,0.00010408488899275417,1.1233080479346622e-08
triangle,3,0.001,0.00011834645469858371,16,full_ridge,0,0.0,2.421848202576576e-05,5.517279875003056e-05,2.4302488309793373e-05,0.00011498472345842919,1.36250543472125e-08
triangle,3,0.001,0.00011834645469858371,16,odd_ridge,0,0.0,2.022815192874869e-05,5.680579836708777e-05,2.0259541051834568e-05,0.00011581151905573712,1.3814069611355072e-08
triangle,3,0.001,0.00011834645469858371,16,spherical_odd,1050,0.11445749999256805,2.01931967259736e-05,5.6761462307042265e-05,2.021464346520644e-05,0.00011581167231840194,1.3814169024408045e-08
triangle,3,0.001,0.00011834645469858371,16,equivariant,14632,9.81764199997997,4.6666597649449505e-05,0.00020511970221409603,4.870078888520154e-05,0.00011994641658083507,1.4777327032525146e-08
triangle,3,0.001,0.00011834645469858371,17,full_ridge,0,0.0,4.437032522567681e-05,0.0002878493462370735,4.64944350869696e-05,0.00011726981634485561,1.4151549855787575e-08
triangle,3,0.001,0.00011834645469858371,17,odd_ridge,0,0.0,3.692688927806464e-05,0.00018830575967410113,3.861243470623727e-05,0.00011944404352232052,1.466708651238095e-08
triangle,3,0.001,0.00011834645469858371,17,spherical_odd,760,0.07293689996004105,3.693053347793833e-05,0.000188821927832733,3.862636043421685e-05,0.00011944452593931982,1.4667164825486215e-08
triangle,3,0.001,0.00011834645469858371,17,equivariant,7130,4.859660600021016,0.0007108613714474552,0.004324529928517423,0.0007638737520567456,0.0006363340015568852,4.0517133047435076e-07
triangle,3,0.001,0.00011834645469858371,18,full_ridge,0,0.0,3.827842110061439e-05,0.00010733724981315529,3.8684871663967315e-05,0.00010998327936407909,1.2507767290684762e-08
triangle,3,0.001,0.00011834645469858371,18,odd_ridge,0,0.0,2.869577804553046e-05,0.00010456114792334326,2.943394044024787e-05,0.00011286778953604364,1.315187569435674e-08
triangle,3,0.001,0.00011834645469858371,18,spherical_odd,1480,0.13445339997997507,2.8595653743419208e-05,0.0001046702123940757,2.9336160375395278e-05,0.00011286840378495521,1.3151965739011783e-08
triangle,3,0.001,0.00011834645469858371,18,equivariant,1054,0.7207958999788389,4.115414526830079e-05,0.00020317503920261326,4.3278640198076824e-05,0.00012401231991193871,1.5772162716948538e-08
triangle,3,0.001,0.00011834645469858371,19,full_ridge,0,0.0,4.0990635920153753e-05,0.00022230523620389575,4.219360471725985e-05,0.00010927953227242725,1.2344326962032355e-08
triangle,3,0.001,0.00011834645469858371,19,odd_ridge,0,0.0,1.409451736347071e-05,7.771498526015774e-05,1.4931110413632713e-05,0.00011542708039536306,1.3726474738264423e-08
triangle,3,0.001,0.00011834645469858371,19,spherical_odd,710,0.04563050001161173,1.4104109345624299e-05,7.788339536635158e-05,1.4943658425893068e-05,0.00011542712873660424,1.3726477103306972e-08
triangle,3,0.001,0.00011834645469858371,19,equivariant,3503,2.4142325000138953,1.4496784423715683e-05,7.879682257838638e-05,1.5337264597719043e-05,0.00011543019347176134,1.3727048079363491e-08
triangle,3,0.01,0.001183464546985837,0,full_ridge,0,0.0,0.0004131398291618186,0.003054192113556925,0.00043587030378051066,0.0010256551521406546,1.052425686398861e-06
triangle,3,0.01,0.001183464546985837,0,odd_ridge,0,0.0,0.00026658469591929365,0.0008967343200936007,0.00027180293816147556,0.0010640180558586219,1.1325695108458447e-06
triangle,3,0.01,0.001183464546985837,0,spherical_odd,730,0.07278489996679127,0.00026665874653147365,0.0008958379708709219,0.0002718648171583978,0.0010640181102663572,1.1325695854684703e-06
triangle,3,0.01,0.001183464546985837,0,equivariant,11160,7.566344599996228,0.00025238029168215886,0.00048580507653170346,0.0002522839915558875,0.0010695483964031876,1.144326214108745e-06
triangle,3,0.01,0.001183464546985837,1,full_ridge,0,0.0,0.0003533457973571522,0.0018626343081949714,0.00036535859489447475,0.0011003140892402337,1.2111155309060404e-06
triangle,3,0.01,0.001183464546985837,1,odd_ridge,0,0.0,0.00032503529342682753,0.0016161160374598693,0.0003392302209100177,0.0011094146853244116,1.23124248354387e-06
triangle,3,0.01,0.001183464546985837,1,spherical_odd,800,0.09794820001116022,0.00032539753076023313,0.001617033920124883,0.0003395892548025339,0.0011094148834964886,1.2312428524248937e-06
triangle,3,0.01,0.001183464546985837,1,equivariant,2511,1.525750499975402,0.00026478515118600953,0.0006644703790001996,0.0002649970701548693,0.0011809017705059004,1.394927764907464e-06
triangle,3,0.01,0.001183464546985837,2,full_ridge,0,0.0,0.00047518505371474114,0.0024101734472970204,0.0004875048320215224,0.0012887022395252606,1.6611205314339472e-06
triangle,3,0.01,0.001183464546985837,2,odd_ridge,0,0.0,0.0003325512927408423,0.0014186805873278308,0.000342879192425997,0.0013302599076025563,1.7699761791486775e-06
triangle,3,0.01,0.001183464546985837,2,spherical_odd,1060,0.10468079999554902,0.00033245398832277087,0.0014189349690356123,0.0003427877987981891,0.00133025995641671,1.7699763126407241e-06
triangle,3,0.01,0.001183464546985837,2,equivariant,7812,5.202027300023474,0.0003316705844454585,0.0013850450717873553,0.00034146844998416743,0.0013302731207682167,1.7700134987386092e-06
triangle,3,0.01,0.001183464546985837,3,full_ridge,0,0.0,0.0002937539218820364,0.0007633474606161261,0.0002977798210725834,0.0011313738195939684,1.280412760950652e-06
triangle,3,0.01,0.001183464546985837,3,odd_ridge,0,0.0,0.00014236791215792386,0.0004442159021653645,0.00014209710689720056,0.0011588847718819498,1.3434132817934756e-06
triangle,3,0.01,0.001183464546985837,3,spherical_odd,430,0.054570999986026436,0.00014250653036725742,0.00044451254569932014,0.00014223770359907535,0.0011588848132376203,1.3434133997982594e-06
triangle,3,0.01,0.001183464546985837,3,equivariant,14942,9.57891689997632,0.00014251311714857243,0.0004459970844906125,0.0001422248120256963,0.0011588866835546422,1.3434170619142718e-06
triangle,3,0.01,0.001183464546985837,4,full_ridge,0,0.0,0.000419550928354748,0.0019493343131631036,0.0004290265072035098,0.001130733894098906,1.2789191346096688e-06
triangle,3,0.01,0.001183464546985837,4,odd_ridge,0,0.0,0.00029121713425326766,0.0007191482463848042,0.00029307082416954244,0.0011667471252471554,1.3616809464635794e-06
triangle,3,0.01,0.001183464546985837,4,spherical_odd,1270,0.15697859995998442,0.0002912808177176081,0.0007194171066901185,0.00029313787380453406,0.0011667471906529644,1.3616810359287747e-06
triangle,3,0.01,0.001183464546985837,4,equivariant,13330,8.99539149994962,0.0002951079903164416,0.0007150598908326096,0.00029740883872695864,0.0011667904299033569,1.3617787377740296e-06
triangle,3,0.01,0.001183464546985837,5,full_ridge,0,0.0,0.00037456043057688883,0.0011062473623081048,0.000377243689511749,0.001178533858120769,1.3893165923618614e-06
triangle,3,0.01,0.001183464546985837,5,odd_ridge,0,0.0,0.00030912290541129265,0.0006950527427710129,0.00031151519576719754,0.0011971224663052343,1.4334726944116834e-06
triangle,3,0.01,0.001183464546985837,5,spherical_odd,1050,0.11854860000312328,0.00030920144281729433,0.0006960959650612053,0.00031160204816061624,0.0011971225056539112,1.4334727565118194e-06
triangle,3,0.01,0.001183464546985837,5,equivariant,2573,1.636841999948956,0.00028926425061265646,0.0004889844849451652,0.0002887054198395998,0.0012010964367753427,1.4430386854026132e-06
triangle,3,0.01,0.001183464546985837,6,full_ridge,0,0.0,0.0003599361475113166,0.0019595902248744357,0.0003713944209896841,0.0011369927347799874,1.2931611806089218e-06
triangle,3,0.01,0.001183464546985837,6,odd_ridge,0,0.0,0.0002609919039623058,0.0009527771739838986,0.0002658437160609297,0.0011606492478653072,1.3475274430090848e-06
triangle,3,0.01,0.001183464546985837,6,spherical_odd,1330,0.0956873000250198,0.00026117117158832464,0.0009543917892760323,0.00026603939101699003,0.0011606493153262813,1.3475275438067765e-06
triangle,3,0.01,0.001183464546985837,6,equivariant,3441,2.270778900012374,0.0001970930993620402,0.0009208537360295976,0.00020401396847712444,0.0011685982771313282,1.3660176313181488e-06
triangle,3,0.01,0.001183464546985837,7,full_ridge,0,0.0,0.0003971614057205122,0.001855705117438461,0.0004073999864388881,0.0011326333426866244,1.2833252536694608e-06
triangle,3,0.01,0.001183464546985837,7,odd_ridge,0,0.0,0.00020506775347035625,0.0003303621126098111,0.00020535282442902825,0.0011786071296225101,1.3895230120804076e-06
triangle,3,0.01,0.001183464546985837,7,spherical_odd,910,0.08465169998817146,0.00020509227998689522,0.0003303673798121243,0.00020537561174868222,0.0011786071692436084,1.3895230780229297e-06
triangle,3,0.01,0.001183464546985837,7,equivariant,8835,5.199372000002768,0.00020550165819877933,0.0003333309699949105,0.0002057542188040312,0.0011786088006543248,1.3895263975027085e-06
triangle,3,0.01,0.001183464546985837,8,full_ridge,0,0.0,0.00035949168462667656,0.0010996028993136286,0.00036408417110138293,0.0009850157892343431,9.70610974850724e-07
triangle,3,0.01,0.001183464546985837,8,odd_ridge,0,0.0,0.00028615764757208834,0.0005877679117207713,0.00028798817437425785,0.0010072844623651776,1.0150009926754883e-06
triangle,3,0.01,0.001183464546985837,8,spherical_odd,1230,0.08974359999410808,0.0002861500646797302,0.0005877278340551267,0.0002879850871912087,0.0010072844817153046,1.0150010041327422e-06
triangle,3,0.01,0.001183464546985837,8,equivariant,13237,8.037042999989353,0.00028680223534304454,0.0005925612223374455,0.0002887549076147156,0.0010072878305725386,1.0150069348722214e-06
triangle,3,0.01,0.001183464546985837,9,full_ridge,0,0.0,0.00029869449284244856,0.0013063673382794072,0.00030415459539801795,0.0011379785263271594,1.2953738835944066e-06
triangle,3,0.01,0.001183464546985837,9,odd_ridge,0,0.0,0.00021541931463084206,0.0010382199057469843,0.0002249049044633461,0.001157202962834295,1.3394782993955637e-06
triangle,3,0.01,0.001183464546985837,9,spherical_odd,1500,0.09302689996547997,0.00021541190059844097,0.0010387848320347615,0.0002249085875411534,0.0011572029871224783,1.3394783313648964e-06
triangle,3,0.01,0.001183464546985837,9,equivariant,4681,2.9129010000033304,0.00021649697967824548,0.0010484435316603091,0.0002261346537152146,0.0011572048557010202,1.339482079622952e-06
triangle,3,0.01,0.001183464546985837,10,full_ridge,0,0.0,0.0003191368018611468,0.0008102631183258269,0.00031951915925544915,0.0011912488403372208,1.4194809105572089e-06
triangle,3,0.01,0.001183464546985837,10,odd_ridge,0,0.0,0.00024674292794629445,0.0005406186309427907,0.0002462574700976924,0.001208045015117175,1.4597847449974771e-06
triangle,3,0.01,0.001183464546985837,10,spherical_odd,1210,0.09319899999536574,0.00024675544529502517,0.000540587916727564,0.00024627019274999797,0.0012080450139613915,1.4597847533949652e-06
triangle,3,0.01,0.001183464546985837,10,equivariant,15004,10.13732139999047,0.00025153768445872725,0.0006412891756209793,0.000251950059412186,0.0012100509222046725,1.4646091380787555e-06
triangle,3,0.01,0.001183464546985837,11,full_ridge,0,0.0,0.00031491175298250146,0.0006314685766863337,0.000315083754456658,0.0011975657046029518,1.434567907766627e-06
triangle,3,0.01,0.001183464546985837,11,odd_ridge,0,0.0,0.00021526411867005802,0.0004948639680694457,0.00021575555084119477,0.0012195986759166021,1.4878005307873874e-06
triangle,3,0.01,0.001183464546985837,11,spherical_odd,1060,0.13956159999361262,0.00021534376973492844,0.0004950896827983393,0.0002158363102977666,0.0012195986954183528,1.4878005574517116e-06
triangle,3,0.01,0.001183464546985837,11,equivariant,8277,5.5950651000021026,0.00022040942005956647,0.0005016802230960876,0.0002213046472647326,0.0012196494102809478,1.4879204913062946e-06
triangle,3,0.01,0.001183464546985837,12,full_ridge,0,0.0,0.0003468061241222163,0.0007902601469653714,0.0003470236942931712,0.001052651081326748,1.108571756480172e-06
triangle,3,0.01,0.001183464546985837,12,odd_ridge,0,0.0,0.00028479804458318085,0.0007346909969715397,0.0002846664664136306,0.00107118199061132,1.1478687649051214e-06
triangle,3,0.01,0.001183464546985837,12,spherical_odd,1130,0.12377649999689311,0.00028481556140795545,0.000734786324860081,0.00028468348789735786,0.0010711820446117433,1.147868839270236e-06
triangle,3,0.01,0.001183464546985837,12,equivariant,1364,0.9914353999774903,0.0002897642909225869,0.0011143706405755405,0.00029798873954128775,0.001085864610115172,1.1794719079988415e-06
triangle,3,0.01,0.001183464546985837,13,full_ridge,0,0.0,0.0002922251875241402,0.001494784839945723,0.00030071603264240806,0.001060134532482643,1.1242774138777035e-06
triangle,3,0.01,0.001183464546985837,13,odd_ridge,0,0.0,0.00014995816548869984,0.0006006964704780293,0.0001547545500296992,0.0010874327097478167,1.1828885984692781e-06
triangle,3,0.01,0.001183464546985837,13,spherical_odd,550,0.07104559999424964,0.00014989059311759447,0.0006003425509868432,0.00015468500294812447,0.001087432818884926,1.1828887717390407e-06
triangle,3,0.01,0.001183464546985837,13,equivariant,5983,3.658451099996455,0.00012936286289223659,0.00030659140007413543,0.00013077070251359487,0.0010886192570062037,1.185489167035316e-06
triangle,3,0.01,0.001183464546985837,14,full_ridge,0,0.0,0.0003593908017763018,0.0008551056435704696,0.00036387090566135735,0.0011008280944941294,1.2123483003828183e-06
triangle,3,0.01,0.001183464546985837,14,odd_ridge,0,0.0,0.00027605808858588947,0.0004086559137908563,0.0002757566051198706,0.0011229368352137074,1.261433057004037e-06
triangle,3,0.01,0.001183464546985837,14,spherical_odd,1120,0.08093380002537742,0.0002761767751305068,0.0004088589135286397,0.0002758748348559632,0.0011229368497201564,1.2614331064924575e-06
triangle,3,0.01,0.001183464546985837,14,equivariant,1860,1.1749342999537475,0.0002761749660325919,0.000409908703011691,0.00027586532185034995,0.001122937235906904,1.26143375721366e-06
triangle,3,0.01,0.001183464546985837,15,full_ridge,0,0.0,0.000254797222696929,0.0005923941426763668,0.00025547447127100437,0.0010289463942759574,1.0591123014454783e-06
triangle,3,0.01,0.001183464546985837,15,odd_ridge,0,0.0,0.00022456556932815247,0.0004305545640180264,0.00022406245050232186,0.0010356351461691781,1.072926877041927e-06
triangle,3,0.01,0.001183464546985837,15,spherical_odd,1210,0.0929628000012599,0.00022457960949293784,0.00043069735758474725,0.0002240765711149069,0.0010356351548830875,1.072926881058198e-06
triangle,3,0.01,0.001183464546985837,15,equivariant,3596,2.076622100023087,0.00022446449115021583,0.0004301770086897194,0.00022396370682846803,0.0010356354026990397,1.0729272899797642e-06
triangle,3,0.01,0.001183464546985837,16,full_ridge,0,0.0,0.00024122204168011157,0.0005285501758926364,0.00024192170800732934,0.0011487828803691223,1.3200874285488437e-06
triangle,3,0.01,0.001183464546985837,16,odd_ridge,0,0.0,0.00019988451169171756,0.0005258797202956911,0.00019957394012828957,0.0011565287036287633,1.3379302407921996e-06
triangle,3,0.01,0.001183464546985837,16,spherical_odd,1090,0.13805420004064217,0.00019989832032987848,0.0005259781722242174,0.0001995876374199791,0.0011565287179166656,1.3379302926054455e-06
triangle,3,0.01,0.001183464546985837,16,equivariant,7998,5.295879299985245,0.00020579004783916491,0.0005424071658826635,0.00020565780577195959,0.0011565810604380984,1.338047778197617e-06
triangle,3,0.01,0.001183464546985837,17,full_ridge,0,0.0,0.00044018269423136446,0.0027877736087697502,0.00045951065470656115,0.0011727121178837987,1.3756016501956789e-06
triangle,3,0.01,0.001183464546985837,17,odd_ridge,0,0.0,0.00036449465176664666,0.0017472134969037934,0.00037866382505495394,0.0011949264808173471,1.4282070317581262e-06
triangle,3,0.01,0.001183464546985837,17,spherical_odd,750,0.08291840000310913,0.0003644862883674997,0.001747170912390572,0.0003786553451777637,0.001194926483460399,1.4282070331967828e-06
triangle,3,0.01,0.001183464546985837,17,equivariant,22196,14.743466600019019,0.0003874993116805924,0.002005809760669247,0.0004056297697145979,0.0011956937284245935,1.4300276597202572e-06
triangle,3,0.01,0.001183464546985837,18,full_ridge,0,0.0,0.00038489551787306703,0.0012023031552939878,0.00039029364632744333,0.0011002568449730138,1.2110330774535476e-06
triangle,3,0.01,0.001183464546985837,18,odd_ridge,0,0.0,0.0002906024648173126,0.0011814555789189107,0.00030032507724114625,0.001129580605646428,1.2764393038779767e-06
triangle,3,0.01,0.001183464546985837,18,spherical_odd,1150,0.10923309996724129,0.0002905114093410843,0.001181408606882789,0.00030023593702622467,0.0011295806378545754,1.276439359368169e-06
triangle,3,0.01,0.001183464546985837,18,equivariant,2728,1.9955144000123255,0.0002904844484176876,0.001179844950190495,0.00030018567458169293,0.0011295806683793836,1.2764393888427096e-06
triangle,3,0.01,0.001183464546985837,19,full_ridge,0,0.0,0.00040765360563722663,0.0020941217048524585,0.0004184383079696548,0.001090901968173453,1.1904409971345093e-06
triangle,3,0.01,0.001183464546985837,19,odd_ridge,0,0.0,0.0001350124044737804,0.0006413057528949218,0.0001405845067295656,0.0011528049266784515,1.3293427106304945e-06
triangle,3,0.01,0.001183464546985837,19,spherical_odd,760,0.06788089999463409,0.00013507808206065375,0.0006418407525619896,0.0001406575060819111,0.0011528049595667094,1.3293427602744688e-06
triangle,3,0.01,0.001183464546985837,19,equivariant,4929,3.1636510000098497,0.0001353392239162719,0.0006440815515835474,0.0001409473730865112,0.0011528050704085436,1.329342904451835e-06
triangle,3,0.03,0.0035503936409575112,0,full_ridge,0,0.0,0.0012397998143086272,0.009182736308146089,0.0013081813433248877,0.0030770105982534683,9.468578925832266e-06
triangle,3,0.03,0.0035503936409575112,0,odd_ridge,0,0.0,0.0008004044174224629,0.002720390538027473,0.0008164941180020865,0.003191939608016358,1.0188980129371478e-05
triangle,3,0.03,0.0035503936409575112,0,spherical_odd,760,0.06012060004286468,0.0008004918203974856,0.0027201620772872304,0.0008165749616226003,0.00319193962906994,1.0188980203987242e-05
triangle,3,0.03,0.0035503936409575112,0,equivariant,10447,6.934788700018544,0.0007442461802470337,0.0014163327644417245,0.0007469131862302086,0.003202032144240769,1.0253405386688399e-05
triangle,3,0.03,0.0035503936409575112,1,full_ridge,0,0.0,0.0010606643858775318,0.005608062891995974,0.0010971376408483498,0.0033009457801529917,1.0896707757812886e-05
triangle,3,0.03,0.0035503936409575112,1,odd_ridge,0,0.0,0.0009760370559792556,0.004878535690086644,0.001019234141057864,0.003328339854539677,1.107837022899766e-05
triangle,3,0.03,0.0035503936409575112,1,spherical_odd,990,0.05847910000011325,0.0009761174715985447,0.004878702004901425,0.0010193129109186943,0.0033283398617224417,1.107837025002021e-05
triangle,3,0.03,0.0035503936409575112,1,equivariant,62062,40.18590260000201,0.0009454741005203435,0.004000442363629397,0.00097386055303635,0.0033322411794349653,1.1104281041901862e-05
triangle,3,0.03,0.0035503936409575112,2,full_ridge,0,0.0,0.0014250421403394229,0.007210360374473507,0.0014616820338124324,0.0038663841542158207,1.4949234692597078e-05
triangle,3,0.03,0.0035503936409575112,2,odd_ridge,0,0.0,0.0009968698565790781,0.004225854184272321,0.001027321281502888,0.003991197332043699,1.5930003233426566e-05
triangle,3,0.03,0.0035503936409575112,2,spherical_odd,1180,0.10513110004831105,0.000996881169693759,0.004225282852863138,0.0010273232728732467,0.0039911973326119034,1.5930003263693943e-05
triangle,3,0.03,0.0035503936409575112,2,equivariant,2573,1.5691224000183865,0.0009967160402085597,0.00422485040802445,0.0010271555912364548,0.003991197340481891,1.5930003343921174e-05
triangle,3,0.03,0.0035503936409575112,3,full_ridge,0,0.0,0.0008812054877246863,0.002310202349270457,0.0008932450819242141,0.0033940993824939916,1.1520318242958778e-05
triangle,3,0.03,0.0035503936409575112,3,odd_ridge,0,0.0,0.00042710031991284093,0.0013356502988272172,0.000426343991411347,0.003476626152052963,1.2087317253048694e-05
triangle,3,0.03,0.0035503936409575112,3,spherical_odd,450,0.053206900018267334,0.00042713620712033016,0.0013358219830808815,0.00042637944411268196,0.0034766261555829406,1.2087317271637588e-05
triangle,3,0.03,0.0035503936409575112,3,equivariant,28830,19.42660510004498,0.0004278560618505811,0.0013417867872836144,0.00042704977725414926,0.003476630140820509,1.2087343213592664e-05
triangle,3,0.03,0.0035503936409575112,4,full_ridge,0,0.0,0.0012583446483883868,0.005827842972085134,0.0012866327976890147,0.0033922444637650272,1.1507616496107828e-05
triangle,3,0.03,0.0035503936409575112,4,odd_ridge,0,0.0,0.0008732081346646543,0.002155353556682192,0.0008784938687188926,0.0035004619323848463,1.2253574684747223e-05
triangle,3,0.03,0.0035503936409575112,4,spherical_odd,1120,0.0902555999928154,0.0008729390217957835,0.0021539790016824947,0.000878234072216873,0.003500462008009663,1.225357510232627e-05
triangle,3,0.03,0.0035503936409575112,4,equivariant,9083,5.739239300019108,0.0008733251412513632,0.002154895027758945,0.0008786494669397735,0.0035004623479911825,1.2253577240890366e-05
triangle,3,0.03,0.0035503936409575112,5,full_ridge,0,0.0,0.0011233903113640029,0.0032985821195026244,0.0011312827729438207,0.0035356505235686997,1.2501146661912916e-05
triangle,3,0.03,0.0035503936409575112,5,odd_ridge,0,0.0,0.0009268553054827132,0.002054970650601423,0.0009337279721910251,0.003591377673068567,1.2898306449838186e-05
triangle,3,0.03,0.0035503936409575112,5,spherical_odd,1360,0.14974560000700876,0.0009267625092827101,0.0020551592061597568,0.0009336378027062018,0.0035913776794245455,1.28983064916799e-05
triangle,3,0.03,0.0035503936409575112,5,equivariant,8742,5.747657599975355,0.000873970248827501,0.0014927867046090615,0.0008729229928502042,0.003598831464556009,1.2951972581215263e-05
triangle,3,0.03,0.0035503936409575112,6,full_ridge,0,0.0,0.0010794465674391527,0.005850119417459332,0.0011135480848697395,0.0034109383539200917,1.1634916716825353e-05
triangle,3,0.03,0.0035503936409575112,6,odd_ridge,0,0.0,0.0007824587805867823,0.002828143944229533,0.0007965807818662538,0.003481928274395004,1.2124278795434987e-05
triangle,3,0.03,0.0035503936409575112,6,spherical_odd,1240,0.10660030000144616,0.0007824554639424011,0.0028281986492436073,0.0007965788837551739,0.0034819282794390943,1.2124278811618703e-05
triangle,3,0.03,0.0035503936409575112,6,equivariant,5053,3.408953099977225,0.000789099053800737,0.003723983838166023,0.0008169458437872533,0.0034851538863735253,1.2146690496057706e-05
triangle,3,0.03,0.0035503936409575112,7,full_ridge,0,0.0,0.0011917363060241829,0.005559685998875817,0.0012225424759197796,0.00339805188970308,1.1547380885409653e-05
triangle,3,0.03,0.0035503936409575112,7,odd_ridge,0,0.0,0.000615358364786408,0.0009907480317908335,0.0006163456919520544,0.0035356777744478323,1.2501431499181227e-05
triangle,3,0.03,0.0035503936409575112,7,spherical_odd,860,0.11101500003132969,0.000615426885153843,0.0009913898413900918,0.0006164066083030861,0.0035356778094921453,1.250143165669287e-05
triangle,3,0.03,0.0035503936409575112,7,equivariant,4774,3.2205639999592677,0.0006462985204102263,0.001189475467541501,0.0006480280326654736,0.0035421063945501523,1.2546857843002728e-05
triangle,3,0.03,0.0035503936409575112,8,full_ridge,0,0.0,0.0010779698264449598,0.003278648730555861,0.001091475554479848,0.0029548864168596,8.731635956780842e-06
triangle,3,0.03,0.0035503936409575112,8,odd_ridge,0,0.0,0.0008580074561686115,0.0017668816318135577,0.0008632153874953216,0.0030219458735754844,9.132489955553666e-06
triangle,3,0.03,0.0035503936409575112,8,spherical_odd,1290,0.14963850000640377,0.0008580943114021232,0.0017666578065679978,0.000863312296677101,0.003021945907310874,9.132490152134199e-06
triangle,3,0.03,0.0035503936409575112,8,equivariant,4092,2.8127173999673687,0.0010171530522611405,0.0037366081299748666,0.0010439895447606012,0.003038261091450572,9.231294215361425e-06
triangle,3,0.03,0.0035503936409575112,9,full_ridge,0,0.0,0.0008956258661915148,0.0038989420473990177,0.0009117315625981126,0.0034138914671158122,1.1654986948316171e-05
triangle,3,0.03,0.0035503936409575112,9,odd_ridge,0,0.0,0.0006451774148831785,0.0030844721395171804,0.0006730307381320511,0.0034714290645506654,1.2051109836017275e-05
triangle,3,0.03,0.0035503936409575112,9,spherical_odd,1270,0.13969330000691116,0.0006453075378363047,0.003086071103404059,0.0006731828976855888,0.003471429086849451,1.2051109972341123e-05
triangle,3,0.03,0.0035503936409575112,9,equivariant,4030,2.879373800009489,0.0006454137155687724,0.003085499976985595,0.0006732744980694791,0.003471429090465639,1.2051109998699265e-05
triangle,3,0.03,0.0035503936409575112,10,full_ridge,0,0.0,0.000957423284302575,0.0024263759326330625,0.0009585852492039667,0.003573990206770226,1.2773816985662036e-05
triangle,3,0.03,0.0035503936409575112,10,odd_ridge,0,0.0,0.0007402844584470339,0.0016266889523462447,0.000738869014577537,0.0036243827073728246,1.3136575787366444e-05
triangle,3,0.03,0.0035503936409575112,10,spherical_odd,1240,0.11082030000397936,0.0007403566231722198,0.0016273196300202464,0.0007389396367170996,0.0036243827281066195,1.3136575934035222e-05
triangle,3,0.03,0.0035503936409575112,10,equivariant,21855,14.043772199947853,0.0007402942643636259,0.00162885895503867,0.0007388637118747504,0.00362438413588309,1.3136585379417105e-05
triangle,3,0.03,0.0035503936409575112,11,full_ridge,0,0.0,0.0009447321939450878,0.001897666034244766,0.0009452567540223242,0.003592183719078389,1.2904185466428782e-05
triangle,3,0.03,0.0035503936409575112,11,odd_ridge,0,0.0,0.0006453992470300387,0.0014870162264095654,0.000646672922513792,0.003658105574027148,1.3382071048691888e-05
triangle,3,0.03,0.0035503936409575112,11,spherical_odd,960,0.107494099996984,0.0006454026640235313,0.0014870632264085415,0.0006466913922803187,0.0036581056700178854,1.3382071787132535e-05
triangle,3,0.03,0.0035503936409575112,11,equivariant,2263,1.6842318999697454,0.0006374830180190754,0.0014695306384487627,0.0006380487301112217,0.00365817799691519,1.3382607802551688e-05
triangle,3,0.03,0.0035503936409575112,12,full_ridge,0,0.0,0.0010408110562070646,0.0023684701223152665,0.0010416040161113544,0.0031581284590881426,9.974522051032776e-06
triangle,3,0.03,0.0035503936409575112,12,odd_ridge,0,0.0,0.0008544597864308501,0.002200468481698699,0.0008540456259298709,0.003213368382921147,1.032624903121274e-05
triangle,3,0.03,0.0035503936409575112,12,spherical_odd,1220,0.09848809998948127,0.000854551228162385,0.0022007807853597697,0.0008541375802721341,0.0032133684697545463,1.0326249431835188e-05
triangle,3,0.03,0.0035503936409575112,12,equivariant,9238,5.951313500001561,0.000854309430204219,0.0022000448820080135,0.000853896422106043,0.0032133684109902604,1.032624922271383e-05
triangle,3,0.03,0.0035503936409575112,13,full_ridge,0,0.0,0.0008762817780519239,0.0044557032626964255,0.0009014994383137992,0.003180399141075455,1.0115307552527383e-05
triangle,3,0.03,0.0035503936409575112,13,odd_ridge,0,0.0,0.00044896687648243196,0.0017719018337326586,0.0004628378993535426,0.003262206594661226,1.0642324372662395e-05
triangle,3,0.03,0.0035503936409575112,13,spherical_odd,620,0.08610370004316792,0.0004488309438989626,0.0017716898398925929,0.00046270202100681033,0.0032622065957868705,1.0642324402914412e-05
triangle,3,0.03,0.0035503936409575112,13,equivariant,4495,2.930784600030165,0.00037452931147695655,0.0007372271587496038,0.0003754804912557871,0.0032690860541329234,1.0687326973833232e-05
triangle,3,0.03,0.0035503936409575112,14,full_ridge,0,0.0,0.001078658823210057,0.002562555850010334,0.001092266232034237,0.0033023058800050664,1.0906096047789663e-05
triangle,3,0.03,0.0035503936409575112,14,odd_ridge,0,0.0,0.0008283739839752149,0.001223075464622858,0.0008275357753682649,0.0033682438457796624,1.1345607559878808e-05
triangle,3,0.03,0.0035503936409575112,14,spherical_odd,1150,0.1276691000093706,0.0008283869333109898,0.0012231942459299816,0.000827558763325,0.003368243906625055,1.1345608120574808e-05
triangle,3,0.03,0.0035503936409575112,14,equivariant,1798,1.3417417999589816,0.0008285150135113175,0.0012234912536748382,0.0008276758577442739,0.0033682438735182386,1.1345607692056809e-05
triangle,3,0.03,0.0035503936409575112,15,full_ridge,0,0.0,0.0007642941795512483,0.0017686122709908159,0.0007663346733604427,0.0030870017511268615,9.529919319787823e-06
triangle,3,0.03,0.0035503936409575112,15,odd_ridge,0,0.0,0.0006735680978173708,0.0012830933601214733,0.0006720394446411166,0.0031070975932607006,9.654408363619312e-06
triangle,3,0.03,0.0035503936409575112,15,spherical_odd,1190,0.1374468000140041,0.0006737040861284407,0.001283227118601099,0.0006721753279685168,0.0031070976073358492,9.654408436868868e-06
triangle,3,0.03,0.0035503936409575112,15,equivariant,3596,2.188548699952662,0.0006740411486113837,0.0012848078892947479,0.0006725119162193635,0.003107097737192994,9.654409115178461e-06
triangle,3,0.03,0.0035503936409575112,16,full_ridge,0,0.0,0.0007235724365313812,0.0015844090507330516,0.0007256743392787483,0.0034461286631198708,1.187615157789333e-05
triangle,3,0.03,0.0035503936409575112,16,odd_ridge,0,0.0,0.0005993549907340717,0.0015682662134631764,0.0005983418686161052,0.00346926214706239,1.2036095900059777e-05
triangle,3,0.03,0.0035503936409575112,16,spherical_odd,1070,0.10891760000959039,0.0005995342888068666,0.0015688751354532848,0.0005985197494143185,0.0034692622552921974,1.2036096617972876e-05
triangle,3,0.03,0.0035503936409575112,16,equivariant,5146,3.085411000007298,0.000599061885702256,0.0015675698492109147,0.0005980527049620954,0.003469262215727383,1.2036096350729507e-05
triangle,3,0.03,0.0035503936409575112,17,full_ridge,0,0.0,0.0013198285534204968,0.00834316085883885,0.0013773984378034558,0.0035181557763430435,1.2377689353241052e-05
triangle,3,0.03,0.0035503936409575112,17,odd_ridge,0,0.0,0.0010925458452493405,0.005211452912967124,0.0011344726033333107,0.003584915346872448,1.2851903752662018e-05
triangle,3,0.03,0.0035503936409575112,17,spherical_odd,700,0.08651320001808926,0.001092587479045594,0.005211649973719423,0.0011345175723940831,0.0035849153602497876,1.2851903819336308e-05
triangle,3,0.03,0.0035503936409575112,17,equivariant,9362,6.318185499985702,0.0010929417677620385,0.0052165345349360626,0.0011349472062118157,0.0035849155242368047,1.285190482684382e-05
triangle,3,0.03,0.0035503936409575112,18,full_ridge,0,0.0,0.0011552299605090996,0.0036355607230362796,0.0011717388186994946,0.003300882145119133,1.0896445321073996e-05
triangle,3,0.03,0.0035503936409575112,18,odd_ridge,0,0.0,0.0008727749933580957,0.0035745543144705128,0.0009024880137325016,0.00338897186518729,1.148582977102217e-05
triangle,3,0.03,0.0035503936409575112,18,spherical_odd,470,0.03977800003485754,0.0013427934141355792,0.006973602335860307,0.0014162748152063327,0.003757932537462078,1.4122303566323698e-05
triangle,3,0.03,0.0035503936409575112,18,equivariant,3348,2.3866903000161983,0.0008726214753217191,0.0035747661259991903,0.0009023411515329665,0.0033889719053606464,1.1485829940747377e-05
triangle,3,0.03,0.0035503936409575112,19,full_ridge,0,0.0,0.001222530165342972,0.00625371385736484,0.0012546237829492042,0.0032723023148585463,1.07082845665668e-05
triangle,3,0.03,0.0035503936409575112,19,odd_ridge,0,0.0,0.0004040400829870811,0.0018937296809367898,0.0004201723047243619,0.0034581177486049304,1.1958922766702658e-05
triangle,3,0.03,0.0035503936409575112,19,spherical_odd,760,0.06995000003371388,0.00040399726650364463,0.001893982926957194,0.00042013519617930644,0.003458117751659967,1.1958922785186578e-05
triangle,3,0.03,0.0035503936409575112,19,equivariant,4929,3.096840600017458,0.0004041460373308015,0.0018950661636877586,0.00042029595603489887,0.0034581177586508606,1.1958922823548666e-05
