target,preconditioner,decay_p,kind,n_layers,ftol,seed,objective,objective_gap,train_rmse,nested_rmse,nested_rmse_gap,coefficient_l2_to_ceiling,ceiling_train_rmse,ceiling_nested_rmse,ceiling_objective,max_abs_raw_mu,max_abs_decoder_mu,min_log_scale,max_log_scale,success,status_code,message,nfev,nit,gradient_inf_norm
triangle,p0,0.0,equivariant,1,1e-12,0,3.450824959339726e-08,3.409948729755463e-08,0.00018469607568786955,0.0001910825902893532,0.0001888670256530357,0.003493260461177034,1.8577224959762688e-06,2.2155646363175006e-06,4.087622958426298e-10,0.9255739886529246,0.9255739886529246,-8.0,-0.6474419097381818,True,0,CONVERGENCE: RELATIVE REDUCTION OF F <= FACTR*EPSMCH,11118,501,7.475300889680213e-07
triangle,p0,0.0,equivariant,1,1e-12,1,4.662211703234576e-10,5.745887448082782e-11,7.972566235101144e-06,8.939847671626788e-06,6.724283035309288e-06,0.001036800674189058,1.8577224959762688e-06,2.2155646363175006e-06,4.087622958426298e-10,0.8335282312262269,0.8335282312262269,-6.554717216880795,-0.8502884468413431,True,0,CONVERGENCE: RELATIVE REDUCTION OF F <= FACTR*EPSMCH,3094,145,2.769254165891242e-07
triangle,p0,0.0,equivariant,1,1e-12,2,1.7413767084261806e-09,1.3326144125835508e-09,3.666031031196968e-05,3.972483877158437e-05,3.7509274135266865e-05,0.0030602624748489477,1.8577224959762688e-06,2.2155646363175006e-06,4.087622958426298e-10,0.7870700775251398,0.7870700775251398,-7.022451107298799,-0.8862604821897861,True,0,CONVERGENCE: RELATIVE REDUCTION OF F <= FACTR*EPSMCH,6494,307,2.789952576720992e-07
triangle,p0,0.0,equivariant,1,1e-12,3,1.927926038028536e-08,1.8870498084442732e-08,0.00013742729879563388,0.00014311011541728633,0.00014089455078096882,0.004622737165979496,1.8577224959762688e-06,2.2155646363175006e-06,4.087622958426298e-10,0.806677987087129,0.806677987087129,-8.0,-1.0977002443086636,True,0,CONVERGENCE: RELATIVE REDUCTION OF F <= FACTR*EPSMCH,9231,408,3.6125059583341517e-07
triangle,p0,0.0,equivariant,1,1e-12,4,3.334788065528843e-06,3.3343793032330003e-06,0.0018260702588915438,0.0019488231580194932,0.0019466075933831756,0.07768387364069221,1.8577224959762688e-06,2.2155646363175006e-06,4.087622958426298e-10,0.9729818800697893,0.9729818800697893,-2.8131053471729435,-0.4368177188189931,True,0,CONVERGENCE: RELATIVE REDUCTION OF F <= FACTR*EPSMCH,2006,100,1.5831126348526072e-07
triangle,p0,0.0,equivariant,1,1e-12,5,2.16715103494111e-06,2.1667422726452675e-06,0.0014720139740987805,0.0016133891875880814,0.0016111736229517638,0.2214176460224988,1.8577224959762688e-06,2.2155646363175006e-06,4.087622958426298e-10,0.9975366860607773,0.9975366860607773,-2.3387557131508188,-0.6171582395574404,True,0,CONVERGENCE: RELATIVE REDUCTION OF F <= FACTR*EPSMCH,1598,82,7.703311539467732e-08
triangle,p0,0.0,equivariant,1,1e-12,6,4.1874586678987527e-07,4.1833710449403266e-07,0.0006469128810687736,0.0007165800154049582,0.0007143644507686407,0.0967699884085594,1.8577224959762688e-06,2.2155646363175006e-06,4.087622958426298e-10,0.9996763064424572,0.9996763064424572,-1.9318374997988448,-0.1405264554176004,True,0,CONVERGENCE: RELATIVE REDUCTION OF F <= FACTR*EPSMCH,7055,345,1.0275742939676836e-06
triangle,p0,0.0,equivariant,1,1e-12,7,2.1677279457063565e-06,2.167319183410514e-06,0.0014722099059357554,0.00161343261920122,0.0016112170545649024,0.22143916789320062,1.8577224959762688e-06,2.2155646363175006e-06,4.087622958426298e-10,0.8903300388552013,0.8903300388552013,-2.2249153048746964,-0.8261742013854281,True,0,CONVERGENCE: RELATIVE REDUCTION OF F <= FACTR*EPSMCH,2023,105,3.763037064671176e-08
triangle,p0,0.0,equivariant,1,1e-12,8,4.1820255984014656e-07,4.1779379754430395e-07,0.0006464927922414273,0.0007161392218461852,0.0007139236572098677,0.09671282260605017,1.8577224959762688e-06,2.2155646363175006e-06,4.087622958426298e-10,0.9993943299262245,0.9993943299262245,-1.931327020405107,-0.44500079641269646,True,0,CONVERGENCE: RELATIVE REDUCTION OF F <= FACTR*EPSMCH,5117,249,8.028502739289572e-07
triangle,p0,0.0,equivariant,1,1e-12,9,4.1977647675474637e-07,4.1936771445890376e-07,0.0006477090229109253,0.0007171773635412677,0.0007149617989049502,0.09694178541746179,1.8577224959762688e-06,2.2155646363175006e-06,4.087622958426298e-10,0.9989887268015765,0.9989887268015765,-1.931801374492129,-0.7056257995844081,True,0,CONVERGENCE: RELATIVE REDUCTION OF F <= FACTR*EPSMCH,4947,242,1.9159510041858887e-07
triangle,p0,0.0,equivariant,1,1e-12,10,3.1140983536887425e-08,3.073222124104479e-08,0.00017548946214716393,0.00019272552557942786,0.00019050996094311035,0.02636863336310859,1.8577224959762688e-06,2.2155646363175006e-06,4.087622958426298e-10,0.929262104406448,0.929262104406448,-1.6132456468416405,-1.2430684193435892,True,0,CONVERGENCE: RELATIVE REDUCTION OF F <= FACTR*EPSMCH,5134,248,1.8412971130337687e-07
triangle,p0,0.0,equivariant,1,1e-12,11,3.813448857215616e-08,3.7725726276313525e-08,0.00019428175714775766,0.00020340320686556616,0.00020118764222924865,0.00607631649682445,1.8577224959762688e-06,2.2155646363175006e-06,4.087622958426298e-10,0.9329043146318333,0.9329043146318333,-8.0,-0.6051192548628659,True,0,CONVERGENCE: RELATIVE REDUCTION OF F <= FACTR*EPSMCH,6647,310,2.502228250322825e-07
triangle,p0,0.0,equivariant,1,1e-12,12,7.709437098314148e-09,7.300674802471518e-09,8.564756021991751e-05,9.39749208663993e-05,9.17593562300818e-05,0.01284496237668286,1.8577224959762688e-06,2.2155646363175006e-06,4.087622958426298e-10,0.12053367025500439,0.12053367025500439,-1.226735812814824,0.4701061018725286,True,0,CONVERGENCE: RELATIVE REDUCTION OF F <= FACTR*EPSMCH,20366,959,1.5518949165964172e-06
triangle,p0,0.0,equivariant,1,1e-12,13,3.462207190470011e-08,3.421330960885748e-08,0.00018514709292877157,0.00020136024947748862,0.0001991446848411711,0.027299743740827328,1.8577224959762688e-06,2.2155646363175006e-06,4.087622958426298e-10,0.20960054341562262,0.20960054341562262,-2.5898633816088257,-0.12682031383940562,True,0,CONVERGENCE: RELATIVE REDUCTION OF F <= FACTR*EPSMCH,10217,495,4.2126316208338747e-07
triangle,p0,0.0,equivariant,1,1e-12,14,1.1515236354849418e-08,1.110647405900679e-08,0.00010545490281662494,0.00011076403037139182,0.00010854846573507432,0.004059395171189852,1.8577224959762688e-06,2.2155646363175006e-06,4.087622958426298e-10,0.37942031251286046,0.37942031251286046,-8.0,0.4295904090716005,True,0,CONVERGENCE: RELATIVE REDUCTION OF F <= FACTR*EPSMCH,10727,489,2.0113735113649167e-06
triangle,p0,0.0,equivariant,1,1e-12,15,3.748650609996544e-08,3.7077743804122804e-08,0.00019273634450549688,0.00021139780152156336,0.00020918223688524585,0.028961714854069943,1.8577224959762688e-06,2.2155646363175006e-06,4.087622958426298e-10,0.9349662428407448,0.9349662428407448,-2.000491136750983,-0.9462555203305264,True,0,CONVERGENCE: RELATIVE REDUCTION OF F <= FACTR*EPSMCH,663,36,9.210259460931267e-08
triangle,p0,0.0,equivariant,1,1e-12,16,3.777234979080417e-09,3.368472683237787e-09,5.824218955318833e-05,6.298302096966686e-05,6.076745633334936e-05,0.008130796427744355,1.8577224959762688e-06,2.2155646363175006e-06,4.087622958426298e-10,0.8823046655120963,0.8823046655120963,-5.866656065263138,-0.7199374810630224,True,0,CONVERGENCE: RELATIVE REDUCTION OF F <= FACTR*EPSMCH,5797,283,1.2411896501619935e-07
triangle,p0,0.0,equivariant,1,1e-12,17,1.992295808267836e-06,1.9918870459719934e-06,0.0014113773572495833,0.0015477727647686989,0.0015455572001323813,0.21229314270868294,1.8577224959762688e-06,2.2155646363175006e-06,4.087622958426298e-10,0.84573006900913,0.84573006900913,-2.4053154144032076,-0.5350939728614132,True,0,CONVERGENCE: RELATIVE REDUCTION OF F <= FACTR*EPSMCH,1513,77,3.06088909877744e-08
triangle,p0,0.0,equivariant,1,1e-12,18,4.188592560125428e-07,4.184504937167002e-07,0.0006470005220992107,0.0007168674754818136,0.0007146519108454961,0.09676720760581478,1.8577224959762688e-06,2.2155646363175006e-06,4.087622958426298e-10,0.9997483710444235,0.9997483710444235,-1.931919238622385,-0.014506973073420262,True,0,CONVERGENCE: RELATIVE REDUCTION OF F <= FACTR*EPSMCH,6800,332,3.170015318650738e-07
triangle,p0,0.0,equivariant,1,1e-12,19,1.6876037365189643e-08,1.6467275069347014e-08,0.00012851441424850094,0.00013953942470979017,0.00013732386007347266,0.019018439165466725,1.8577224959762688e-06,2.2155646363175006e-06,4.087622958426298e-10,0.8205640005496407,0.8205640005496407,-3.9744995275497277,-0.4997123611967085,True,0,CONVERGENCE: RELATIVE REDUCTION OF F <= FACTR*EPSMCH,1496,76,9.229833995414583e-08
triangle,p0,0.0,equivariant,1,1e-15,0,1.8379140063265496e-09,1.4291517104839198e-09,3.7938624977629234e-05,4.081017999535799e-05,3.859461535904049e-05,0.0025744599223662947,1.8577224959762688e-06,2.2155646363175006e-06,4.087622958426298e-10,0.8850471261401713,0.8850471261401713,-7.961261998370695,-0.8407706524054002,True,0,CONVERGENCE: RELATIVE REDUCTION OF F <= FACTR*EPSMCH,25976,1153,5.3597220344553535e-09
triangle,p0,0.0,equivariant,1,1e-15,1,4.5993754265377394e-10,5.1175246811144146e-11,7.57040557471397e-06,8.714035345078167e-06,6.498470708760667e-06,0.0010473130580433542,1.8577224959762688e-06,2.2155646363175006e-06,4.087622958426298e-10,0.8309081929680916,0.8309081929680916,-6.567795260656263,-0.8502884468413431,True,0,CONVERGENCE: RELATIVE REDUCTION OF F <= FACTR*EPSMCH,3417,162,1.3556230112468493e-09
triangle,p0,0.0,equivariant,1,1e-15,2,6.261782593248702e-10,2.174159634822404e-10,1.5047360104086458e-05,1.659432998679914e-05,1.437876535048164e-05,0.002185131534437416,1.8577224959762688e-06,2.2155646363175006e-06,4.087622958426298e-10,0.6323891984327015,0.6323891984327015,-6.900111670829512,-0.8862604821897861,True,0,CONVERGENCE: RELATIVE REDUCTION OF F <= FACTR*EPSMCH,10557,488,1.3194562261916152e-08
triangle,p0,0.0,equivariant,1,1e-15,3,6.4519106593201435e-09,6.0431483634775135e-09,7.782823169858228e-05,8.117225738430781e-05,7.895669274799031e-05,0.004100779501620064,1.8577224959762688e-06,2.2155646363175006e-06,4.087622958426298e-10,0.7918491439410409,0.7918491439410409,-7.9826745751893355,-1.0977002443086636,True,0,CONVERGENCE: RELATIVE REDUCTION OF F <= FACTR*EPSMCH,29376,1296,5.0718490645013196e-08
triangle,p0,0.0,equivariant,1,1e-15,4,3.3347871785492823e-06,3.3343784162534397e-06,0.0018260700159407892,0.001948825490359676,0.0019466099257233584,0.07768221245456951,1.8577224959762688e-06,2.2155646363175006e-06,4.087622958426298e-10,0.9729830544984548,0.9729830544984548,-2.8130970798961794,-0.4368177188189931,True,0,CONVERGENCE: RELATIVE REDUCTION OF F <= FACTR*EPSMCH,2074,103,1.314213977299507e-09
triangle,p0,0.0,equivariant,1,1e-15,5,4.187427042487033e-07,4.183339419528607e-07,0.0006469104341436276,0.0007168813511498499,0.0007146657865135324,0.09672732746525953,1.8577224959762688e-06,2.2155646363175006e-06,4.087622958426298e-10,0.9893936400866563,0.9893936400866563,-1.92136956693003,-0.9492793898728479,True,0,CONVERGENCE: RELATIVE REDUCTION OF F <= FACTR*EPSMCH,9945,489,5.5208919623296256e-09
triangle,p0,0.0,equivariant,1,1e-15,6,4.1858840329804693e-07,4.181796410022043e-07,0.0006467911562271473,0.0007165456665830791,0.0007143301019467616,0.0967431763669888,1.8577224959762688e-06,2.2155646363175006e-06,4.087622958426298e-10,0.9998168017278479,0.9998168017278479,-1.9318798961331312,0.14345665769528926,True,0,CONVERGENCE: RELATIVE REDUCTION OF F <= FACTR*EPSMCH,8976,422,2.7571747756236263e-07
triangle,p0,0.0,equivariant,1,1e-15,7,1.0222352905442761e-08,9.813590609600132e-09,9.924668496939763e-05,0.00010617505133859006,0.00010395948670227256,0.013524806101465907,1.8577224959762688e-06,2.2155646363175006e-06,4.087622958426298e-10,0.22219895228129122,0.22219895228129122,-4.250199524725962,-0.1434483998320421,True,0,CONVERGENCE: RELATIVE REDUCTION OF F <= FACTR*EPSMCH,25007,1210,2.634822643108064e-07
triangle,p0,0.0,equivariant,1,1e-15,8,4.1812486459725707e-07,4.1771610230141446e-07,0.0006464326923997399,0.0007161175410757907,0.0007139019764394732,0.09669167406469173,1.8577224959762688e-06,2.2155646363175006e-06,4.087622958426298e-10,0.9997343000118677,0.9997343000118677,-1.9315904531456476,-0.025571179709534122,True,0,CONVERGENCE: RELATIVE REDUCTION OF F <= FACTR*EPSMCH,8041,388,1.2807038104572518e-07
triangle,p0,0.0,equivariant,1,1e-15,9,4.186319601774656e-07,4.1822319788162297e-07,0.000646824826081153,0.0007166720240585657,0.0007144564594222482,0.09673333464975391,1.8577224959762688e-06,2.2155646363175006e-06,4.087622958426298e-10,0.9996772381575163,0.9996772381575163,-1.9317101900366986,-0.1377120049614474,True,0,CONVERGENCE: RELATIVE REDUCTION OF F <= FACTR*EPSMCH,18139,840,1.4210242502622593e-07
triangle,p0,0.0,equivariant,1,1e-15,10,3.1136175443069364e-08,3.072741314722673e-08,0.0001754757592015912,0.00019266889296422964,0.00019045332832791213,0.026368115867770762,1.8577224959762688e-06,2.2155646363175006e-06,4.087622958426298e-10,0.9292216275074692,0.9292216275074692,-1.6132006507512338,-1.2430684193435892,True,0,CONVERGENCE: RELATIVE REDUCTION OF F <= FACTR*EPSMCH,5389,261,5.5845954577952055e-09
triangle,p0,0.0,equivariant,1,1e-15,11,3.8133726671412724e-08,3.772496437557009e-08,0.00019427974317895894,0.00020334471233717188,0.00020112914770085437,0.00606921507476328,1.8577224959762688e-06,2.2155646363175006e-06,4.087622958426298e-10,0.9327994683253179,0.9327994683253179,-8.0,-0.6058468777898726,True,0,CONVERGENCE: RELATIVE REDUCTION OF F <= FACTR*EPSMCH,6868,315,8.953149159500096e-08
triangle,p0,0.0,equivariant,1,1e-15,12,5.81700202114659e-09,5.40823972530396e-09,7.374836174067688e-05,8.062451263147586e-05,7.840894799515837e-05,0.01103227504925507,1.8577224959762688e-06,2.2155646363175006e-06,4.087622958426298e-10,0.07302496062438278,0.07302496062438278,-1.226735812814824,0.9766098092995088,True,0,CONVERGENCE: RELATIVE REDUCTION OF F <= FACTR*EPSMCH,26673,1249,2.5716257152033593e-06
triangle,p0,0.0,equivariant,1,1e-15,13,3.458953616399094e-08,3.4180773868148305e-08,0.00018505871752067855,0.00020140208338203068,0.00019918651874571317,0.027202769418582694,1.8577224959762688e-06,2.2155646363175006e-06,4.087622958426298e-10,0.20169796713851867,0.20169796713851867,-2.6156707337832494,-0.08810788286955606,True,0,CONVERGENCE: RELATIVE REDUCTION OF F <= FACTR*EPSMCH,11135,522,1.1712989379755042e-07
triangle,p0,0.0,equivariant,1,1e-15,14,7.597253128031794e-09,7.188490832189164e-09,8.486645104401924e-05,8.94466999552586e-05,8.72311353189411e-05,0.0039380504084012636,1.8577224959762688e-06,2.2155646363175006e-06,4.087622958426298e-10,0.22669053269161105,0.22669053269161105,-8.0,0.8463550580293293,True,0,CONVERGENCE: RELATIVE REDUCTION OF F <= FACTR*EPSMCH,16796,727,5.45618199335868e-06
triangle,p0,0.0,equivariant,1,1e-15,15,1.2583954258629755e-09,8.496331300203457e-10,2.9393197312879148e-05,3.1960913348675525e-05,2.9745348712358025e-05,0.00431414896316144,1.8577224959762688e-06,2.2155646363175006e-06,4.087622958426298e-10,0.32939349439692833,0.32939349439692833,-4.08286571136071,-0.5102428353845629,True,0,CONVERGENCE: RELATIVE REDUCTION OF F <= FACTR*EPSMCH,21420,1021,4.313902631919487e-08
triangle,p0,0.0,equivariant,1,1e-15,16,1.6714701645665913e-09,1.2627078687239615e-09,3.5768659761225335e-05,3.9627375452011886e-05,3.741181081569438e-05,0.005250194353717071,1.8577224959762688e-06,2.2155646363175006e-06,4.087622958426298e-10,0.7663268683070857,0.7663268683070857,-6.854773969583717,-0.7199374810630224,True,0,CONVERGENCE: RELATIVE REDUCTION OF F <= FACTR*EPSMCH,14654,708,1.3143021899085172e-08
triangle,p0,0.0,equivariant,1,1e-15,17,4.088213421501864e-10,5.904630755658542e-14,1.8983857661009633e-06,2.308727717725894e-06,9.316308140839358e-08,3.645990588864618e-05,1.8577224959762688e-06,2.2155646363175006e-06,4.087622958426298e-10,0.8669941899983481,0.8669941899983481,-1.861390770583715,-0.5350939728614132,True,0,CONVERGENCE: RELATIVE REDUCTION OF F <= FACTR*EPSMCH,16201,765,2.7839894285469292e-09
triangle,p0,0.0,equivariant,1,1e-15,18,4.1863550954869694e-07,4.1822674725285433e-07,0.0006468275802353068,0.000716417228324843,0.0007142016636885255,0.09677689407995044,1.8577224959762688e-06,2.2155646363175006e-06,4.087622958426298e-10,0.999872121920074,0.999872121920074,-1.9320539471377403,0.32367278087885776,True,0,CONVERGENCE: RELATIVE REDUCTION OF F <= FACTR*EPSMCH,8806,421,1.1192522967659923e-07
triangle,p0,0.0,equivariant,1,1e-15,19,1.0278149623318145e-09,6.190526664891847e-10,2.5138657089233318e-05,2.8060903790206844e-05,2.5845339153889344e-05,0.0037239883513693365,1.8577224959762688e-06,2.2155646363175006e-06,4.087622958426298e-10,0.3696661008853965,0.3696661008853965,-4.707594432041238,-0.4997123611967085,True,0,CONVERGENCE: RELATIVE REDUCTION OF F <= FACTR*EPSMCH,17748,861,3.409196526517974e-07
triangle,p0,0.0,equivariant,1,1e-18,0,1.8379140063265496e-09,1.4291517104839198e-09,3.7938624977629234e-05,4.081017999535799e-05,3.859461535904049e-05,0.0025744599223662947,1.8577224959762688e-06,2.2155646363175006e-06,4.087622958426298e-10,0.8850471261401713,0.8850471261401713,-7.961261998370695,-0.8407706524054002,True,0,CONVERGENCE: RELATIVE REDUCTION OF F <= FACTR*EPSMCH,25976,1153,5.3597220344553535e-09
triangle,p0,0.0,equivariant,1,1e-18,1,4.5993294911369163e-10,5.117065327106184e-11,7.570140916758704e-06,8.715604501389245e-06,6.500039865071744e-06,0.0010474991110117759,1.8577224959762688e-06,2.2155646363175006e-06,4.087622958426298e-10,0.8308935251370709,0.8308935251370709,-6.567919490200404,-0.8502884468413431,True,0,CONVERGENCE: RELATIVE REDUCTION OF F <= FACTR*EPSMCH,3774,168,1.8293865120242712e-09
triangle,p0,0.0,equivariant,1,1e-18,2,6.261782593248702e-10,2.174159634822404e-10,1.5047360104086458e-05,1.659432998679914e-05,1.437876535048164e-05,0.002185131534437416,1.8577224959762688e-06,2.2155646363175006e-06,4.087622958426298e-10,0.6323891984327015,0.6323891984327015,-6.900111670829512,-0.8862604821897861,True,0,CONVERGENCE: RELATIVE REDUCTION OF F <= FACTR*EPSMCH,10557,488,1.3194562261916152e-08
triangle,p0,0.0,equivariant,1,1e-18,3,6.4519106593201435e-09,6.0431483634775135e-09,7.782823169858228e-05,8.117225738430781e-05,7.895669274799031e-05,0.004100779501620064,1.8577224959762688e-06,2.2155646363175006e-06,4.087622958426298e-10,0.7918491439410409,0.7918491439410409,-7.9826745751893355,-1.0977002443086636,True,0,CONVERGENCE: RELATIVE REDUCTION OF F <= FACTR*EPSMCH,29376,1296,5.0718490645013196e-08
triangle,p0,0.0,equivariant,1,1e-18,4,3.3347871784351404e-06,3.334378416139298e-06,0.0018260700159127873,0.0019488256543887977,0.00194661008975248,0.07768220828244557,1.8577224959762688e-06,2.2155646363175006e-06,4.087622958426298e-10,0.9729831198694128,0.9729831198694128,-2.8130966046316495,-0.4368177188189931,True,0,CONVERGENCE: RELATIVE REDUCTION OF F <= FACTR*EPSMCH,2227,111,1.944364142239063e-10
triangle,p0,0.0,equivariant,1,1e-18,5,4.1781859534696963e-07,4.17409833051127e-07,0.0006461957409492189,0.0007158919015815881,0.0007136763369452706,0.09665026434362632,1.8577224959762688e-06,2.2155646363175006e-06,4.087622958426298e-10,0.9956690082186226,0.9956690082186226,-1.9273619340746149,-0.9492793898728479,True,0,CONVERGENCE: RELATIVE REDUCTION OF F <= FACTR*EPSMCH,12478,597,4.172609260893315e-08
triangle,p0,0.0,equivariant,1,1e-18,6,4.1858840329804693e-07,4.181796410022043e-07,0.0006467911562271473,0.0007165456665830791,0.0007143301019467616,0.0967431763669888,1.8577224959762688e-06,2.2155646363175006e-06,4.087622958426298e-10,0.9998168017278479,0.9998168017278479,-1.9318798961331312,0.14345665769528926,True,0,CONVERGENCE: RELATIVE REDUCTION OF F <= FACTR*EPSMCH,8976,422,2.7571747756236263e-07
triangle,p0,0.0,equivariant,1,1e-18,7,1.0222341708220877e-08,9.813579412378248e-09,9.924659041117548e-05,0.00010617851720172169,0.00010396295256540419,0.013521474203535229,1.8577224959762688e-06,2.2155646363175006e-06,4.087622958426298e-10,0.2220350869883806,0.2220350869883806,-4.250868195475976,-0.1427008041677799,True,0,CONVERGENCE: RELATIVE REDUCTION OF F <= FACTR*EPSMCH,25415,1212,1.98564042196909e-07
triangle,p0,0.0,equivariant,1,1e-18,8,4.1812486041775404e-07,4.1771609812191143e-07,0.0006464326892212269,0.0007161241858924111,0.0007139086212560936,0.096690979741511,1.8577224959762688e-06,2.2155646363175006e-06,4.087622958426298e-10,0.9997351540530519,0.9997351540530519,-1.931589450826923,-0.02392432670497223,True,0,CONVERGENCE: RELATIVE REDUCTION OF F <= FACTR*EPSMCH,8347,391,9.047309256455591e-08
triangle,p0,0.0,equivariant,1,1e-18,9,4.186319601774656e-07,4.1822319788162297e-07,0.000646824826081153,0.0007166720240585657,0.0007144564594222482,0.09673333464975391,1.8577224959762688e-06,2.2155646363175006e-06,4.087622958426298e-10,0.9996772381575163,0.9996772381575163,-1.9317101900366986,-0.1377120049614474,True,0,CONVERGENCE: RELATIVE REDUCTION OF F <= FACTR*EPSMCH,18139,840,1.4210242502622593e-07
triangle,p0,0.0,equivariant,1,1e-18,10,4.0876344136301184e-10,1.145520382045815e-15,1.8546664000924025e-06,2.2060861512872587e-06,-9.478485030241895e-09,4.87964373607455e-06,1.8577224959762688e-06,2.2155646363175006e-06,4.087622958426298e-10,0.8777770340910106,0.8777770340910106,-2.788082493037789,-1.2430684193435892,True,0,CONVERGENCE: RELATIVE REDUCTION OF F <= FACTR*EPSMCH,9435,438,3.6979957369055585e-10
triangle,p0,0.0,equivariant,1,1e-18,11,3.813372641017925e-08,3.772496411433662e-08,0.0001942797421709611,0.00020334467165976415,0.00020112910702344664,0.006069172664556278,1.8577224959762688e-06,2.2155646363175006e-06,4.087622958426298e-10,0.9327969722338422,0.9327969722338422,-8.0,-0.6058646183378177,True,0,CONVERGENCE: RELATIVE REDUCTION OF F <= FACTR*EPSMCH,7718,318,8.311591379750716e-08
triangle,p0,0.0,equivariant,1,1e-18,12,5.81700202114659e-09,5.40823972530396e-09,7.374836174067688e-05,8.062451263147586e-05,7.840894799515837e-05,0.01103227504925507,1.8577224959762688e-06,2.2155646363175006e-06,4.087622958426298e-10,0.07302496062438278,0.07302496062438278,-1.226735812814824,0.9766098092995088,True,0,CONVERGENCE: RELATIVE REDUCTION OF F <= FACTR*EPSMCH,26673,1249,2.5716257152033593e-06
triangle,p0,0.0,equivariant,1,1e-18,13,3.458953616399094e-08,3.4180773868148305e-08,0.00018505871752067855,0.00020140208338203068,0.00019918651874571317,0.027202769418582694,1.8577224959762688e-06,2.2155646363175006e-06,4.087622958426298e-10,0.20169796713851867,0.20169796713851867,-2.6156707337832494,-0.08810788286955606,True,0,CONVERGENCE: RELATIVE REDUCTION OF F <= FACTR*EPSMCH,11135,522,1.1712989379755042e-07
triangle,p0,0.0,equivariant,1,1e-18,14,7.597253128031794e-09,7.188490832189164e-09,8.486645104401924e-05,8.94466999552586e-05,8.72311353189411e-05,0.0039380504084012636,1.8577224959762688e-06,2.2155646363175006e-06,4.087622958426298e-10,0.22669053269161105,0.22669053269161105,-8.0,0.8463550580293293,True,0,CONVERGENCE: RELATIVE REDUCTION OF F <= FACTR*EPSMCH,16796,727,5.45618199335868e-06
triangle,p0,0.0,equivariant,1,1e-18,15,1.2583954258629755e-09,8.496331300203457e-10,2.9393197312879148e-05,3.1960913348675525e-05,2.9745348712358025e-05,0.00431414896316144,1.8577224959762688e-06,2.2155646363175006e-06,4.087622958426298e-10,0.32939349439692833,0.32939349439692833,-4.08286571136071,-0.5102428353845629,True,0,CONVERGENCE: RELATIVE REDUCTION OF F <= FACTR*EPSMCH,21420,1021,4.313902631919487e-08
triangle,p0,0.0,equivariant,1,1e-18,16,1.1505539237523644e-09,7.417916279097347e-10,2.7472094014727654e-05,2.9748739444689003e-05,2.7533174808371502e-05,0.003745842242739927,1.8577224959762688e-06,2.2155646363175006e-06,4.087622958426298e-10,0.6677522873901305,0.6677522873901305,-7.815063456220992,-0.7199374810630224,True,0,CONVERGENCE: RELATIVE REDUCTION OF F <= FACTR*EPSMCH,20927,972,3.247060413192401e-08
triangle,p0,0.0,equivariant,1,1e-18,17,4.088213421501864e-10,5.904630755658542e-14,1.8983857661009633e-06,2.308727717725894e-06,9.316308140839358e-08,3.645990588864618e-05,1.8577224959762688e-06,2.2155646363175006e-06,4.087622958426298e-10,0.8669941899983481,0.8669941899983481,-1.861390770583715,-0.5350939728614132,True,0,CONVERGENCE: RELATIVE REDUCTION OF F <= FACTR*EPSMCH,16201,765,2.7839894285469292e-09
triangle,p0,0.0,equivariant,1,1e-18,18,4.1863550954869694e-07,4.1822674725285433e-07,0.0006468275802353068,0.000716417228324843,0.0007142016636885255,0.09677689407995044,1.8577224959762688e-06,2.2155646363175006e-06,4.087622958426298e-10,0.999872121920074,0.999872121920074,-1.9320539471377403,0.32367278087885776,True,0,CONVERGENCE: RELATIVE REDUCTION OF F <= FACTR*EPSMCH,8806,421,1.1192522967659923e-07
triangle,p0,0.0,equivariant,1,1e-18,19,1.0278149623318145e-09,6.190526664891847e-10,2.5138657089233318e-05,2.8060903790206844e-05,2.5845339153889344e-05,0.0037239883513693365,1.8577224959762688e-06,2.2155646363175006e-06,4.087622958426298e-10,0.3696661008853965,0.3696661008853965,-4.707594432041238,-0.4997123611967085,True,0,CONVERGENCE: RELATIVE REDUCTION OF F <= FACTR*EPSMCH,17748,861,3.409196526517974e-07
triangle,p0,0.0,equivariant,3,1e-12,0,2.796347106126861e-09,2.387584810284231e-09,4.9074195179020764e-05,5.489743181438326e-05,5.268186717806576e-05,0.006847065666336724,1.8577224959762688e-06,2.2155646363175006e-06,4.087622958426298e-10,0.6574376408533619,0.6574376408533619,-6.228685272170809,-0.9449512191324877,True,0,CONVERGENCE: RELATIVE REDUCTION OF F <= FACTR*EPSMCH,9827,265,6.362850360166238e-08
triangle,p0,0.0,equivariant,3,1e-12,1,3.0575945623788653e-08,3.016718332794602e-08,0.00017372571192679395,0.00018012824778003558,0.00017791268314371807,0.0036274776324744223,1.8577224959762688e-06,2.2155646363175006e-06,4.087622958426298e-10,0.7661370342749783,0.7661370342749783,-8.0,-0.8138471569885304,True,0,CONVERGENCE: RELATIVE REDUCTION OF F <= FACTR*EPSMCH,12431,310,2.245764751195041e-07
triangle,p0,0.0,equivariant,3,1e-12,2,5.525345275476089e-10,1.4377223170497911e-10,1.1958675218584199e-05,1.2235313012395252e-05,1.0019748376077751e-05,0.0016380733742600733,1.8577224959762688e-06,2.2155646363175006e-06,4.087622958426298e-10,0.3880676308137767,0.3880676308137767,-2.964858922012307,-0.6571993024761379,True,0,CONVERGENCE: RELATIVE REDUCTION OF F <= FACTR*EPSMCH,12090,330,4.376404834409866e-07
triangle,p0,0.0,equivariant,3,1e-12,3,3.3538920181186887e-08,3.3130157885344254e-08,0.00018219915947595934,0.00019999254718389766,0.00019777698254758015,0.027375514528011784,1.8577224959762688e-06,2.2155646363175006e-06,4.087622958426298e-10,0.8333829798152148,0.8333829798152148,-1.5074546888493954,-0.4899592226158096,True,0,CONVERGENCE: RELATIVE REDUCTION OF F <= FACTR*EPSMCH,18383,488,1.3163835589011114e-06
triangle,p0,0.0,equivariant,3,1e-12,4,2.464417706754615e-07,2.460330083796189e-07,0.0004961579611130788,0.0005488243975662782,0.0005466088329299608,0.07434919915003738,1.8577224959762688e-06,2.2155646363175006e-06,4.087622958426298e-10,0.9423795766200123,0.9423795766200123,-1.7878718104646603,0.5516725750822087,True,0,CONVERGENCE: RELATIVE REDUCTION OF F <= FACTR*EPSMCH,20708,560,1.4771959787485101e-06
triangle,p0,0.0,equivariant,3,1e-12,5,4.6312605990899795e-09,4.2224983032473495e-09,6.48077135746629e-05,6.974338537907387e-05,6.752782074275637e-05,0.009720799023872255,1.8577224959762688e-06,2.2155646363175006e-06,4.087622958426298e-10,0.7484846053368596,0.7484846053368596,-3.4298239303432565,-1.0432888062155081,True,0,CONVERGENCE: RELATIVE REDUCTION OF F <= FACTR*EPSMCH,2635,76,6.207129688070639e-08
triangle,p0,0.0,equivariant,3,1e-12,6,5.909242150698225e-09,5.500479854855595e-09,7.423663949284487e-05,7.675142155978132e-05,7.453585692346382e-05,0.0027211109921677075,1.8577224959762688e-06,2.2155646363175006e-06,4.087622958426298e-10,0.7084248687506928,0.7084248687506928,-7.673800874559107,-0.9112303992105164,True,0,CONVERGENCE: RELATIVE REDUCTION OF F <= FACTR*EPSMCH,4681,124,1.0498630115060664e-07
triangle,p0,0.0,equivariant,3,1e-12,7,4.0989214006466597e-10,1.1298442220361763e-12,2.2094252718060275e-06,2.616183442771257e-06,4.0061880645375624e-07,0.00011822680353092462,1.8577224959762688e-06,2.2155646363175006e-06,4.087622958426298e-10,0.8959960138261515,0.8959960138261515,-1.529167886874831,-0.9716727534991731,True,0,CONVERGENCE: RELATIVE REDUCTION OF F <= FACTR*EPSMCH,8122,220,8.066124023947118e-08
triangle,p0,0.0,equivariant,3,1e-12,8,4.266012106832075e-09,3.857249810989445e-09,6.232038258256712e-05,6.843138680722493e-05,6.621582217090743e-05,0.009334268908058567,1.8577224959762688e-06,2.2155646363175006e-06,4.087622958426298e-10,0.2774101498600332,0.2774101498600332,-2.302981596888981,-0.3531229700119366,True,0,CONVERGENCE: RELATIVE REDUCTION OF F <= FACTR*EPSMCH,19251,501,3.4723581756656467e-07
triangle,p0,0.0,equivariant,3,1e-12,9,1.8388039500556745e-09,1.4300416542130448e-09,3.796412267508879e-05,4.0973555115549294e-05,3.875799047923179e-05,0.0030118345486236098,1.8577224959762688e-06,2.2155646363175006e-06,4.087622958426298e-10,0.5943734230648066,0.5943734230648066,-5.1158347316553,-0.8080981810616488,True,0,CONVERGENCE: RELATIVE REDUCTION OF F <= FACTR*EPSMCH,7223,202,2.6500126636583654e-07
triangle,p0,0.0,equivariant,3,1e-12,10,4.3375502308142263e-10,2.4992727238792838e-11,5.161299960398536e-06,5.169482419891871e-06,2.95391778357437e-06,0.000702937311483441,1.8577224959762688e-06,2.2155646363175006e-06,4.087622958426298e-10,0.7794634092841027,0.7794634092841027,-3.5049585904692195,-0.7540711638763298,True,0,CONVERGENCE: RELATIVE REDUCTION OF F <= FACTR*EPSMCH,4216,116,7.050239066377584e-08
triangle,p0,0.0,equivariant,3,1e-12,11,4.495989003082474e-09,4.087226707239844e-09,6.41440374129742e-05,7.06310314773278e-05,6.841546684101031e-05,0.009601061958560718,1.8577224959762688e-06,2.2155646363175006e-06,4.087622958426298e-10,0.5348935642897497,0.5348935642897497,-3.2946215417795615,-0.9908405432637988,True,0,CONVERGENCE: RELATIVE REDUCTION OF F <= FACTR*EPSMCH,9579,267,2.024646710462142e-07
triangle,p0,0.0,equivariant,3,1e-12,12,7.59758384902564e-09,7.188821553183009e-09,8.49897779798028e-05,9.252741502383605e-05,9.031185038751855e-05,0.012695159527683882,1.8577224959762688e-06,2.2155646363175006e-06,4.087622958426298e-10,0.9062474050510938,0.9062474050510938,-2.407717981871314,-0.8084180535136498,True,0,CONVERGENCE: RELATIVE REDUCTION OF F <= FACTR*EPSMCH,1488,42,2.5489860243949827e-08
triangle,p0,0.0,equivariant,3,1e-12,13,7.686367123367378e-10,3.5987441649410805e-10,1.9187560892091993e-05,2.0883628104954695e-05,1.8668063468637194e-05,0.0018788704443343939,1.8577224959762688e-06,2.2155646363175006e-06,4.087622958426298e-10,0.6005616584551141,0.6005616584551141,-5.807808215254772,-0.6853454642527468,True,0,CONVERGENCE: RELATIVE REDUCTION OF F <= FACTR*EPSMCH,7440,205,1.3457540470979056e-07
triangle,p0,0.0,equivariant,3,1e-12,14,4.089996583596674e-10,2.373625170376232e-13,1.928825271154023e-06,2.2438691075396943e-06,2.830447122219371e-08,1.3477589005104142e-05,1.8577224959762688e-06,2.2155646363175006e-06,4.087622958426298e-10,0.6986194692548938,0.6986194692548938,-1.7500591294041743,-0.8521861800273112,True,0,CONVERGENCE: RELATIVE REDUCTION OF F <= FACTR*EPSMCH,1798,50,5.21210186229872e-08
triangle,p0,0.0,equivariant,3,1e-12,15,4.10632722144791e-10,1.8704263021612093e-12,2.30711393426745e-06,2.764382987932358e-06,5.488183516148573e-07,5.2296164016720795e-06,1.8577224959762688e-06,2.2155646363175006e-06,4.087622958426298e-10,0.75575067806129,0.75575067806129,-1.939405704581655,-0.980556512240459,True,0,CONVERGENCE: RELATIVE REDUCTION OF F <= FACTR*EPSMCH,3782,106,1.534873227007455e-07
triangle,p0,0.0,equivariant,3,1e-12,16,6.831784192645813e-10,2.7441612342195154e-10,1.685283134357493e-05,1.898246432075125e-05,1.676689968443375e-05,0.0024082997991743357,1.8577224959762688e-06,2.2155646363175006e-06,4.087622958426298e-10,0.5107487923579016,0.5107487923579016,-4.000979433024508,-0.7747541191392427,True,0,CONVERGENCE: RELATIVE REDUCTION OF F <= FACTR*EPSMCH,16027,427,5.619182902724667e-07
triangle,p0,0.0,equivariant,3,1e-12,17,4.152638649547412e-07,4.148551026588986e-07,0.0006442158160250946,0.0007136114826762783,0.0007113959180399609,0.0963719294416147,1.8577224959762688e-06,2.2155646363175006e-06,4.087622958426298e-10,0.9943999489005314,0.9943999489005314,-1.9249754391871856,-0.4603363262044391,True,0,CONVERGENCE: RELATIVE REDUCTION OF F <= FACTR*EPSMCH,8432,228,1.1313442744966873e-07
triangle,p0,0.0,equivariant,3,1e-12,18,1.466818111104056e-09,1.0580558152614261e-09,3.276945273620429e-05,3.6211776316694125e-05,3.399621168037663e-05,0.004889146959297166,1.8577224959762688e-06,2.2155646363175006e-06,4.087622958426298e-10,0.6612197865526805,0.6612197865526805,-1.9627644002651616,-0.8258693017932005,True,0,CONVERGENCE: RELATIVE REDUCTION OF F <= FACTR*EPSMCH,1054,31,7.284187857635121e-08
triangle,p0,0.0,equivariant,3,1e-12,19,4.0935724081185066e-10,5.949449692208674e-13,1.9852509588513923e-06,2.3129566750925428e-06,9.739203877504217e-08,4.1453834227620276e-05,1.8577224959762688e-06,2.2155646363175006e-06,4.087622958426298e-10,0.836458751720809,0.836458751720809,-2.70462951012417,-1.0733890432868287,True,0,CONVERGENCE: RELATIVE REDUCTION OF F <= FACTR*EPSMCH,5053,138,9.819417977444189e-08
triangle,p0,0.0,equivariant,3,1e-15,0,1.759094764523018e-09,1.3503324686803883e-09,3.6968945511480114e-05,4.130067439339108e-05,3.9085109757073584e-05,0.005103070388120383,1.8577224959762688e-06,2.2155646363175006e-06,4.087622958426298e-10,0.5975964571017973,0.5975964571017973,-6.768039361143854,-0.9449512191324877,True,0,CONVERGENCE: RELATIVE REDUCTION OF F <= FACTR*EPSMCH,16275,418,8.479385019725646e-08
triangle,p0,0.0,equivariant,3,1e-15,1,6.381755705626908e-09,5.972993409784278e-09,7.735912603658745e-05,8.164150167574458e-05,7.942593703942708e-05,0.002985250947411616,1.8577224959762688e-06,2.2155646363175006e-06,4.087622958426298e-10,0.7741660867599679,0.7741660867599679,-7.9998865444311065,-0.5236495310933258,True,0,CONVERGENCE: RELATIVE REDUCTION OF F <= FACTR*EPSMCH,35774,871,4.33939070269398e-08
triangle,p0,0.0,equivariant,3,1e-15,2,4.0920508239066925e-10,4.427865480394608e-13,1.954204492832029e-06,2.165284994218642e-06,-5.027964209885872e-08,2.766050092442244e-05,1.8577224959762688e-06,2.2155646363175006e-06,4.087622958426298e-10,0.36774085807259294,0.36774085807259294,-3.026565624018971,-0.607944128213829,True,0,CONVERGENCE: RELATIVE REDUCTION OF F <= FACTR*EPSMCH,16120,428,5.59213681075292e-08
triangle,p0,0.0,equivariant,3,1e-15,3,2.2903001722335506e-09,1.881537876390921e-09,4.359631980242712e-05,4.972069428429286e-05,4.7505129647975366e-05,0.006192814033615438,1.8577224959762688e-06,2.2155646363175006e-06,4.087622958426298e-10,0.7641063139434752,0.7641063139434752,-1.3573073876527333,1.1986798231517126,True,0,CONVERGENCE: RELATIVE REDUCTION OF F <= FACTR*EPSMCH,46345,1220,2.134027064457553e-06
triangle,p0,0.0,equivariant,3,1e-15,4,6.178949459877566e-10,2.0913265014512677e-10,1.4769030163861149e-05,1.6671921956942783e-05,1.4456357320625283e-05,0.0021707096723323493,1.8577224959762688e-06,2.2155646363175006e-06,4.087622958426298e-10,0.8419658800302027,0.8419658800302027,-1.529515010546267,-0.37133986124210816,True,0,CONVERGENCE: RELATIVE REDUCTION OF F <= FACTR*EPSMCH,47833,1259,4.173912273335448e-07
triangle,p0,0.0,equivariant,3,1e-15,5,4.089453875938204e-10,1.8309175119063196e-13,1.923967690169229e-06,2.37051460611219e-06,1.5494996979468958e-07,2.5363393242655623e-05,1.8577224959762688e-06,2.2155646363175006e-06,4.087622958426298e-10,0.7292175876005882,0.7292175876005882,-3.4838368005110785,-1.0432888062155081,True,0,CONVERGENCE: RELATIVE REDUCTION OF F <= FACTR*EPSMCH,5518,138,9.55691578756225e-09
triangle,p0,0.0,equivariant,3,1e-15,6,2.481921857754493e-09,2.0731595619118634e-09,4.5642862597192515e-05,4.798205681706238e-05,4.5766492180744886e-05,0.0025523549507776226,1.8577224959762688e-06,2.2155646363175006e-06,4.087622958426298e-10,0.8506915495551876,0.8506915495551876,-7.893751686289602,-0.8963981573750412,True,0,CONVERGENCE: RELATIVE REDUCTION OF F <= FACTR*EPSMCH,12524,301,1.969876030302859e-08
triangle,p0,0.0,equivariant,3,1e-15,7,4.08766069902327e-10,3.774059697231392e-15,1.8525384103243114e-06,2.1975616768986984e-06,-1.8002959418802222e-08,8.962973338899458e-06,1.8577224959762688e-06,2.2155646363175006e-06,4.087622958426298e-10,0.8959136498118282,0.8959136498118282,-1.5291270467009486,-0.9716727534991731,True,0,CONVERGENCE: RELATIVE REDUCTION OF F <= FACTR*EPSMCH,8525,231,2.934339550866754e-09
triangle,p0,0.0,equivariant,3,1e-15,8,4.092981218725143e-10,5.358260298845232e-13,2.0371088266388144e-06,2.4939587546431333e-06,2.783941183256327e-07,6.285483450712122e-05,1.8577224959762688e-06,2.2155646363175006e-06,4.087622958426298e-10,0.1776418259514055,0.1776418259514055,-2.4648561087369347,0.11940080889217312,True,0,CONVERGENCE: RELATIVE REDUCTION OF F <= FACTR*EPSMCH,29140,767,5.141399751377051e-08
triangle,p0,0.0,equivariant,3,1e-15,9,6.251835218675608e-10,2.16421226024931e-10,1.5011589706235392e-05,1.668135729920928e-05,1.446579266289178e-05,0.0021493779661775018,1.8577224959762688e-06,2.2155646363175006e-06,4.087622958426298e-10,0.5947254857566033,0.5947254857566033,-5.485129040637309,-0.8080981810616488,True,0,CONVERGENCE: RELATIVE REDUCTION OF F <= FACTR*EPSMCH,15810,427,1.3016720197234982e-08
triangle,p0,0.0,equivariant,3,1e-15,10,4.089270986430205e-10,1.6480280039070982e-13,1.8961032827950365e-06,2.183525632320294e-06,-3.2039003997206804e-08,7.219540187794999e-06,1.8577224959762688e-06,2.2155646363175006e-06,4.087622958426298e-10,0.7770911906178603,0.7770911906178603,-3.5284550890106545,-0.7540711638763298,True,0,CONVERGENCE: RELATIVE REDUCTION OF F <= FACTR*EPSMCH,5053,138,1.9047982388646553e-08
triangle,p0,0.0,equivariant,3,1e-15,11,4.412702662063933e-09,4.003940366221303e-09,6.348967206152835e-05,6.976964759838228e-05,6.755408296206479e-05,0.009508180275102604,1.8577224959762688e-06,2.2155646363175006e-06,4.087622958426298e-10,0.5108270045948904,0.5108270045948904,-3.3226649966754516,-0.9641703443430404,True,0,CONVERGENCE: RELATIVE REDUCTION OF F <= FACTR*EPSMCH,12493,341,3.0137333760100325e-08
triangle,p0,0.0,equivariant,3,1e-15,12,4.087627878383109e-10,4.919956810828979e-16,1.8596335004898389e-06,2.2210071091218383e-06,5.442472804337717e-09,2.5666981055680382e-06,1.8577224959762688e-06,2.2155646363175006e-06,4.087622958426298e-10,0.9005229281040286,0.9005229281040286,-2.49639557026119,-0.8084180535136498,True,0,CONVERGENCE: RELATIVE REDUCTION OF F <= FACTR*EPSMCH,3472,96,1.001592756370898e-09
triangle,p0,0.0,equivariant,3,1e-15,13,6.831447078778495e-10,2.743824120352197e-10,1.6843031358674512e-05,1.8961565969732567e-05,1.6746001333415066e-05,0.0022881512980010726,1.8577224959762688e-06,2.2155646363175006e-06,4.087622958426298e-10,0.5862323959018918,0.5862323959018918,-5.938829317992428,-0.6853454642527468,True,0,CONVERGENCE: RELATIVE REDUCTION OF F <= FACTR*EPSMCH,10571,282,3.9663578733227726e-08
triangle,p0,0.0,equivariant,3,1e-15,14,4.087624523804886e-10,1.565378587995789e-16,1.8566404377823802e-06,2.211155552577648e-06,-4.409083739852713e-09,1.612080115359091e-06,1.8577224959762688e-06,2.2155646363175006e-06,4.087622958426298e-10,0.6986465864471221,0.6986465864471221,-1.7500213403593583,-0.8521861800273112,True,0,CONVERGENCE: RELATIVE REDUCTION OF F <= FACTR*EPSMCH,2015,56,6.175356139925483e-10
triangle,p0,0.0,equivariant,3,1e-15,15,4.087636384607387e-10,1.3426181089154055e-15,1.854343923819649e-06,2.2033912139393165e-06,-1.2173422378184125e-08,5.393936561980872e-06,1.8577224959762688e-06,2.2155646363175006e-06,4.087622958426298e-10,0.7557468523328396,0.7557468523328396,-1.9394064377921592,-0.980556512240459,True,0,CONVERGENCE: RELATIVE REDUCTION OF F <= FACTR*EPSMCH,4216,118,1.216587484174474e-09
triangle,p0,0.0,equivariant,3,1e-15,16,4.105692959368066e-10,1.807000094176831e-12,2.3768655362101433e-06,2.8529234561532467e-06,6.373588198357461e-07,0.00015300161571557563,1.8577224959762688e-06,2.2155646363175006e-06,4.087622958426298e-10,0.4932120629793132,0.4932120629793132,-4.182747415868711,-0.7747541191392427,True,0,CONVERGENCE: RELATIVE REDUCTION OF F <= FACTR*EPSMCH,19933,517,6.200739479168598e-08
triangle,p0,0.0,equivariant,3,1e-15,17,4.088105644493914e-10,4.826860676161157e-14,1.8484242657761278e-06,2.1475590214646716e-06,-6.800561485282904e-08,3.198874643256477e-05,1.8577224959762688e-06,2.2155646363175006e-06,4.087622958426298e-10,0.45999468488953676,0.45999468488953676,-1.5437443434672016,-0.2854338672205743,True,0,CONVERGENCE: RELATIVE REDUCTION OF F <= FACTR*EPSMCH,49197,1289,1.7175425553435307e-08
triangle,p0,0.0,equivariant,3,1e-15,18,4.087629595488852e-10,6.637062554162943e-16,1.8554452483436433e-06,2.207036005081632e-06,-8.528631235868813e-09,3.5276615550752132e-06,1.8577224959762688e-06,2.2155646363175006e-06,4.087622958426298e-10,0.6561352409627305,0.6561352409627305,-1.9581527734641797,-0.8258693017932005,True,0,CONVERGENCE: RELATIVE REDUCTION OF F <= FACTR*EPSMCH,2015,59,1.0727605280992635e-09
triangle,p0,0.0,equivariant,3,1e-15,19,4.087625434363133e-10,2.475936834945054e-16,1.8577169830860335e-06,2.217099251851869e-06,1.5346155343683106e-09,1.4113543926960694e-07,1.8577224959762688e-06,2.2155646363175006e-06,4.087622958426298e-10,0.8364509071591674,0.8364509071591674,-2.7044410760513595,-1.0733890432868287,True,0,CONVERGENCE: RELATIVE REDUCTION OF F <= FACTR*EPSMCH,5177,142,1.3600030026155862e-09
triangle,p0,0.0,equivariant,3,1e-18,0,1.759094764523018e-09,1.3503324686803883e-09,3.6968945511480114e-05,4.130067439339108e-05,3.9085109757073584e-05,0.005103070388120383,1.8577224959762688e-06,2.2155646363175006e-06,4.087622958426298e-10,0.5975964571017973,0.5975964571017973,-6.768039361143854,-0.9449512191324877,True,0,CONVERGENCE: RELATIVE REDUCTION OF F <= FACTR*EPSMCH,16275,418,8.479385019725646e-08
triangle,p0,0.0,equivariant,3,1e-18,1,6.381755705626908e-09,5.972993409784278e-09,7.735912603658745e-05,8.164150167574458e-05,7.942593703942708e-05,0.002985250947411616,1.8577224959762688e-06,2.2155646363175006e-06,4.087622958426298e-10,0.7741660867599679,0.7741660867599679,-7.9998865444311065,-0.5236495310933258,True,0,CONVERGENCE: RELATIVE REDUCTION OF F <= FACTR*EPSMCH,35774,871,4.33939070269398e-08
triangle,p0,0.0,equivariant,3,1e-18,2,4.0920508239065804e-10,4.4278654802824214e-13,1.9542044928292995e-06,2.165284994213301e-06,-5.0279642104199686e-08,2.7660500924019173e-05,1.8577224959762688e-06,2.2155646363175006e-06,4.087622958426298e-10,0.36774085807258217,0.36774085807258217,-3.026565624019007,-0.6079441282138002,True,0,CONVERGENCE: RELATIVE REDUCTION OF F <= FACTR*EPSMCH,16647,429,5.592136697532573e-08
triangle,p0,0.0,equivariant,3,1e-18,3,2.2903001722335506e-09,1.881537876390921e-09,4.359631980242712e-05,4.972069428429286e-05,4.7505129647975366e-05,0.006192814033615438,1.8577224959762688e-06,2.2155646363175006e-06,4.087622958426298e-10,0.7641063139434752,0.7641063139434752,-1.3573073876527333,1.1986798231517126,True,0,CONVERGENCE: RELATIVE REDUCTION OF F <= FACTR*EPSMCH,46345,1220,2.134027064457553e-06
triangle,p0,0.0,equivariant,3,1e-18,4,6.178949459877566e-10,2.0913265014512677e-10,1.4769030163861149e-05,1.6671921956942783e-05,1.4456357320625283e-05,0.0021707096723323493,1.8577224959762688e-06,2.2155646363175006e-06,4.087622958426298e-10,0.8419658800302027,0.8419658800302027,-1.529515010546267,-0.37133986124210816,True,0,CONVERGENCE: RELATIVE REDUCTION OF F <= FACTR*EPSMCH,47833,1259,4.173912273335448e-07
triangle,p0,0.0,equivariant,3,1e-18,5,4.089453875938204e-10,1.8309175119063196e-13,1.923967690169229e-06,2.37051460611219e-06,1.5494996979468958e-07,2.5363393242655623e-05,1.8577224959762688e-06,2.2155646363175006e-06,4.087622958426298e-10,0.7292175876005882,0.7292175876005882,-3.4838368005110785,-1.0432888062155081,True,0,CONVERGENCE: RELATIVE REDUCTION OF F <= FACTR*EPSMCH,5518,138,9.55691578756225e-09
triangle,p0,0.0,equivariant,3,1e-18,6,2.481921857754493e-09,2.0731595619118634e-09,4.5642862597192515e-05,4.798205681706238e-05,4.5766492180744886e-05,0.0025523549507776226,1.8577224959762688e-06,2.2155646363175006e-06,4.087622958426298e-10,0.8506915495551876,0.8506915495551876,-7.893751686289602,-0.8963981573750412,True,0,CONVERGENCE: RELATIVE REDUCTION OF F <= FACTR*EPSMCH,12524,301,1.969876030302859e-08
triangle,p0,0.0,equivariant,3,1e-18,7,4.0876606975467254e-10,3.773912042752016e-15,1.8525018459773181e-06,2.1973747460973304e-06,-1.8189890220170178e-08,9.014394277050992e-06,1.8577224959762688e-06,2.2155646363175006e-06,4.087622958426298e-10,0.8959136083726632,0.8959136083726632,-1.529127033631692,-0.9716727534991731,True,0,CONVERGENCE: RELATIVE REDUCTION OF F <= FACTR*EPSMCH,8649,232,2.6165146511904386e-09
triangle,p0,0.0,equivariant,3,1e-18,8,4.0883139659781933e-10,6.910075518953629e-14,1.8980096719141066e-06,2.3247535620377015e-06,1.0918892572020089e-07,3.1601554175579827e-05,1.8577224959762688e-06,2.2155646363175006e-06,4.087622958426298e-10,0.17739247726399474,0.17739247726399474,-2.4653334039745656,0.12089495278871575,True,0,CONVERGENCE: RELATIVE REDUCTION OF F <= FACTR*EPSMCH,30039,781,1.0671555618084724e-08
triangle,p0,0.0,equivariant,3,1e-18,9,4.6330251050471434e-10,5.4540214662084546e-11,7.787760400736643e-06,8.944055075239822e-06,6.728490438922322e-06,0.0010350037066320522,1.8577224959762688e-06,2.2155646363175006e-06,4.087622958426298e-10,0.5479723583417778,0.5479723583417778,-6.048320790955568,-0.8080981810616488,True,0,CONVERGENCE: RELATIVE REDUCTION OF F <= FACTR*EPSMCH,35960,914,1.1232410143333308e-08
triangle,p0,0.0,equivariant,3,1e-18,10,4.0892709864300954e-10,1.6480280037974968e-13,1.896103282884092e-06,2.183525632620496e-06,-3.2039003697004775e-08,7.219540058388706e-06,1.8577224959762688e-06,2.2155646363175006e-06,4.087622958426298e-10,0.7770911906173545,0.7770911906173545,-3.528455089015553,-0.7540711638763298,True,0,CONVERGENCE: RELATIVE REDUCTION OF F <= FACTR*EPSMCH,5549,139,1.9047981788940606e-08
triangle,p0,0.0,equivariant,3,1e-18,11,4.0898788982582736e-10,2.25593983197569e-13,1.948207709242755e-06,2.4102066997198027e-06,1.9464206340230213e-07,4.560771267369826e-05,1.8577224959762688e-06,2.2155646363175006e-06,4.087622958426298e-10,0.43177322368316384,0.43177322368316384,-3.4223972968560874,-0.7686815606579487,True,0,CONVERGENCE: RELATIVE REDUCTION OF F <= FACTR*EPSMCH,34286,888,5.443877866691799e-08
triangle,p0,0.0,equivariant,3,1e-18,12,4.0876254280312535e-10,2.4696049555395497e-16,1.859364662774966e-06,2.2213964129901503e-06,5.831776672649699e-09,2.2652587959281985e-06,1.8577224959762688e-06,2.2155646363175006e-06,4.087622958426298e-10,0.9005225450894538,0.9005225450894538,-2.496397679602434,-0.8084180535136498,True,0,CONVERGENCE: RELATIVE REDUCTION OF F <= FACTR*EPSMCH,3627,100,9.386907582630748e-11
triangle,p0,0.0,equivariant,3,1e-18,13,6.831226808072753e-10,2.743603849646455e-10,1.6842274429449135e-05,1.8966752862210797e-05,1.6751188225893296e-05,0.0022865313937051536,1.8577224959762688e-06,2.2155646363175006e-06,4.087622958426298e-10,0.5863088169147175,0.5863088169147175,-5.93816864394116,-0.6853454642527468,True,0,CONVERGENCE: RELATIVE REDUCTION OF F <= FACTR*EPSMCH,11191,284,3.2416366498535225e-08
triangle,p0,0.0,equivariant,3,1e-18,14,4.0876236186541513e-10,6.602278533553304e-17,1.8569245543070595e-06,2.2128989335542546e-06,-2.6657027632460196e-09,1.176629017024611e-06,1.8577224959762688e-06,2.2155646363175006e-06,4.087622958426298e-10,0.698646200411622,0.698646200411622,-1.7500218784389394,-0.8521861800273112,True,0,CONVERGENCE: RELATIVE REDUCTION OF F <= FACTR*EPSMCH,2139,59,3.0553813455866034e-10
triangle,p0,0.0,equivariant,3,1e-18,15,4.0876341035015267e-10,1.1145075228784498e-15,1.8545478063823197e-06,2.2046288931718445e-06,-1.0935743145656137e-08,5.015451774057178e-06,1.8577224959762688e-06,2.2155646363175006e-06,4.087622958426298e-10,0.7557460872826882,0.7557460872826882,-1.9394073080753655,-0.980556512240459,True,0,CONVERGENCE: RELATIVE REDUCTION OF F <= FACTR*EPSMCH,4681,121,3.054112347121658e-10
triangle,p0,0.0,equivariant,3,1e-18,16,4.105692959368066e-10,1.807000094176831e-12,2.3768655362101433e-06,2.8529234561532467e-06,6.373588198357461e-07,0.00015300161571557563,1.8577224959762688e-06,2.2155646363175006e-06,4.087622958426298e-10,0.4932120629793132,0.4932120629793132,-4.182747415868711,-0.7747541191392427,True,0,CONVERGENCE: RELATIVE REDUCTION OF F <= FACTR*EPSMCH,19933,517,6.200739479168598e-08
triangle,p0,0.0,equivariant,3,1e-18,17,4.088056220584328e-10,4.3326215802996217e-14,1.847703666999564e-06,2.153894392775522e-06,-6.167024354197861e-08,3.1222529737827985e-05,1.8577224959762688e-06,2.2155646363175006e-06,4.087622958426298e-10,0.45999422927050393,0.45999422927050393,-1.5437443434672016,-0.2854349479049583,True,0,CONVERGENCE: RELATIVE REDUCTION OF F <= FACTR*EPSMCH,49600,1291,4.978571914508333e-09
triangle,p0,0.0,equivariant,3,1e-18,18,4.087629508254824e-10,6.549828526202801e-16,1.8553369029014026e-06,2.2067236533502677e-06,-8.840982967232885e-09,3.6835454594854285e-06,1.8577224959762688e-06,2.2155646363175006e-06,4.087622958426298e-10,0.6561350672537434,0.6561350672537434,-1.9581526294440865,-0.8258693017932005,True,0,CONVERGENCE: RELATIVE REDUCTION OF F <= FACTR*EPSMCH,2542,62,6.459820313127213e-10
triangle,p0,0.0,equivariant,3,1e-18,19,4.087625368958768e-10,2.4105324698945953e-16,1.8577525343432262e-06,2.2176028447540896e-06,2.0382084365889928e-09,1.0899520607839554e-07,1.8577224959762688e-06,2.2155646363175006e-06,4.087622958426298e-10,0.8364511553820564,0.8364511553820564,-2.704441939780391,-1.0733890432868287,True,0,CONVERGENCE: RELATIVE REDUCTION OF F <= FACTR*EPSMCH,5580,146,5.23967054103729e-10
triangle,matched,2.0,equivariant,1,1e-12,0,2.2078596779967126e-09,1.7990973821540828e-09,4.2284645096736483e-05,4.606207027742719e-05,4.3846505641109685e-05,0.0055012158349356435,1.8577224959762688e-06,2.2155646363175006e-06,4.087622958426298e-10,0.9940429540023482,0.9940429540023482,-1.5547583246862824,-0.27503086794120774,True,0,CONVERGENCE: RELATIVE REDUCTION OF F <= FACTR*EPSMCH,2295,111,3.334732577542346e-08
triangle,matched,2.0,equivariant,1,1e-12,1,2.382669519470434e-09,1.973907223627804e-09,4.4335359279864426e-05,4.4815099691611964e-05,4.259953505529447e-05,0.004546725552352476,1.8577224959762688e-06,2.2155646363175006e-06,4.087622958426298e-10,0.9202270342896729,0.9202270342896729,-1.5121294931364833,-0.8502884468413431,True,0,CONVERGENCE: RELATIVE REDUCTION OF F <= FACTR*EPSMCH,1683,80,6.842431120306176e-09
triangle,matched,2.0,equivariant,1,1e-12,2,2.0855334129018596e-09,1.6767711170592298e-09,4.107486877529972e-05,4.2603966226136615e-05,4.038840158981912e-05,0.0026961818475568296,1.8577224959762688e-06,2.2155646363175006e-06,4.087622958426298e-10,0.8591188398391537,0.8591188398391537,-3.6986295453703097,-0.8473713253924234,True,0,CONVERGENCE: RELATIVE REDUCTION OF F <= FACTR*EPSMCH,4199,188,1.6022587015633412e-06
triangle,matched,2.0,equivariant,1,1e-12,3,9.869858838786507e-10,5.782235880360209e-10,2.392786282151122e-05,2.5415200708688503e-05,2.3199636072371002e-05,0.003510564916537404,1.8577224959762688e-06,2.2155646363175006e-06,4.087622958426298e-10,0.8610514652857489,0.8610514652857489,-1.4488633269101758,-1.0977002443086636,True,0,CONVERGENCE: RELATIVE REDUCTION OF F <= FACTR*EPSMCH,2244,110,9.206793907083805e-08
triangle,matched,2.0,equivariant,1,1e-12,4,1.3913258940144514e-08,1.3504496644301885e-08,0.00011627093806811738,0.00012134320649106059,0.00011912764185474309,0.004143537828640777,1.8577224959762688e-06,2.2155646363175006e-06,4.087622958426298e-10,0.987366914959479,0.987366914959479,-6.570771995493501,-0.42856040353480884,True,0,CONVERGENCE: RELATIVE REDUCTION OF F <= FACTR*EPSMCH,2720,129,8.095423458321478e-08
triangle,matched,2.0,equivariant,1,1e-12,5,1.179839890695383e-08,1.1389636611111201e-08,0.00010677441953885246,0.00011126083175799993,0.00010904526712168244,0.0028260471084255337,1.8577224959762688e-06,2.2155646363175006e-06,4.087622958426298e-10,0.9445213694512757,0.9445213694512757,-3.4973968549020467,-0.493440708264602,True,0,CONVERGENCE: RELATIVE REDUCTION OF F <= FACTR*EPSMCH,8636,385,3.246267188752763e-07
triangle,matched,2.0,equivariant,1,1e-12,6,1.4652239723953225e-08,1.4243477428110595e-08,0.00011940547664037422,0.000124310132773046,0.0001220945681367285,0.004046156915222452,1.8577224959762688e-06,2.2155646363175006e-06,4.087622958426298e-10,0.9058574003347442,0.9058574003347442,-7.3103105867274865,-0.8222856764168297,True,0,CONVERGENCE: RELATIVE REDUCTION OF F <= FACTR*EPSMCH,5491,249,1.911093490233907e-07
triangle,matched,2.0,equivariant,1,1e-12,7,4.808413653285213e-09,4.399651357442583e-09,6.63629111502124e-05,6.846112789205602e-05,6.624556325573852e-05,0.0003675427242250761,1.8577224959762688e-06,2.2155646363175006e-06,4.087622958426298e-10,0.7050004381381366,0.7050004381381366,-2.216891043421049,-0.8261742013854281,True,0,CONVERGENCE: RELATIVE REDUCTION OF F <= FACTR*EPSMCH,1666,76,5.179524646543407e-08
triangle,matched,2.0,equivariant,1,1e-12,8,2.098229435407771e-09,1.689467139565141e-09,4.1243519981947675e-05,4.3684508657895024e-05,4.146894402157752e-05,0.0031506303193899747,1.8577224959762688e-06,2.2155646363175006e-06,4.087622958426298e-10,0.739865496900918,0.739865496900918,-3.9388277925381625,-0.786625584321674,True,0,CONVERGENCE: RELATIVE REDUCTION OF F <= FACTR*EPSMCH,3213,148,3.9005989032988827e-07
triangle,matched,2.0,equivariant,1,1e-12,9,6.820600620048432e-08,6.77972439046417e-08,0.000260367798888646,0.0002598756130105452,0.00025766004837422774,0.003793719510337635,1.8577224959762688e-06,2.2155646363175006e-06,4.087622958426298e-10,0.8677895080712311,0.8677895080712311,-1.4565214150360808,-0.793445437706346,True,0,CONVERGENCE: RELATIVE REDUCTION OF F <= FACTR*EPSMCH,1819,83,4.1331319207706435e-08
triangle,matched,2.0,equivariant,1,1e-12,10,1.4970573657184827e-08,1.4561811361342198e-08,0.00012073147340831093,0.00012564383574407452,0.000123428271107757,0.004080592239298586,1.8577224959762688e-06,2.2155646363175006e-06,4.087622958426298e-10,0.942988315592985,0.942988315592985,-8.0,-0.5175572108129961,True,0,CONVERGENCE: RELATIVE REDUCTION OF F <= FACTR*EPSMCH,2261,106,3.7431435362544953e-08
triangle,matched,2.0,equivariant,1,1e-12,11,2.6385375498586517e-09,2.2297752540160217e-09,4.7105639500036005e-05,4.9513987437182495e-05,4.729842280086499e-05,0.005428864884985269,1.8577224959762688e-06,2.2155646363175006e-06,4.087622958426298e-10,0.991268164798733,0.991268164798733,-1.5526592338683431,-0.4652823556601218,True,0,CONVERGENCE: RELATIVE REDUCTION OF F <= FACTR*EPSMCH,2159,98,2.685821426800476e-08
triangle,matched,2.0,equivariant,1,1e-12,12,4.908750995947681e-09,4.499988700105051e-09,6.714490618032524e-05,6.983875724920947e-05,6.762319261289197e-05,0.0018389957973350103,1.8577224959762688e-06,2.2155646363175006e-06,4.087622958426298e-10,0.6856598679659832,0.6856598679659832,-2.6917598415888664,-0.5561526531884649,True,0,CONVERGENCE: RELATIVE REDUCTION OF F <= FACTR*EPSMCH,3791,181,3.48533311742041e-08
triangle,matched,2.0,equivariant,1,1e-12,13,2.632036534201225e-09,2.223274238358595e-09,4.7036856598695725e-05,4.9357786294899845e-05,4.714222165858235e-05,0.005422428140574067,1.8577224959762688e-06,2.2155646363175006e-06,4.087622958426298e-10,0.9912495018907219,0.9912495018907219,-1.5529082777311598,-0.4626336749568826,True,0,CONVERGENCE: RELATIVE REDUCTION OF F <= FACTR*EPSMCH,3791,183,1.8161242052414184e-08
triangle,matched,2.0,equivariant,1,1e-12,14,1.7699474299340371e-09,1.3611851340914073e-09,3.67455763257266e-05,4.0078519931048564e-05,3.786295529473107e-05,0.0054691835607157645,1.8577224959762688e-06,2.2155646363175006e-06,4.087622958426298e-10,0.9944348104067282,0.9944348104067282,-1.556846875598558,-0.1074266880006801,True,0,CONVERGENCE: RELATIVE REDUCTION OF F <= FACTR*EPSMCH,1292,67,5.165600696197748e-08
triangle,matched,2.0,equivariant,1,1e-12,15,6.711504345195315e-09,6.302742049352685e-09,7.94502369039149e-05,7.940860287739152e-05,7.719303824107402e-05,0.0025730222264737047,1.8577224959762688e-06,2.2155646363175006e-06,4.087622958426298e-10,0.6419593645141116,0.6419593645141116,-1.6414872710494848,-0.9462555203305264,True,0,CONVERGENCE: RELATIVE REDUCTION OF F <= FACTR*EPSMCH,1751,90,8.273938382736263e-08
triangle,matched,2.0,equivariant,1,1e-12,16,3.140880475201143e-09,2.732118179358513e-09,5.236558527686788e-05,5.5029845904718916e-05,5.281428126840142e-05,0.002498076035455137,1.8577224959762688e-06,2.2155646363175006e-06,4.087622958426298e-10,0.9516587868612656,0.9516587868612656,-3.5188122997601505,-0.3795892364419484,True,0,CONVERGENCE: RELATIVE REDUCTION OF F <= FACTR*EPSMCH,6919,310,1.9282814680147995e-07
triangle,matched,2.0,equivariant,1,1e-12,17,1.5225648163180875e-08,1.4816885867338245e-08,0.00012178278736369037,0.00012635107024982763,0.00012413550561351012,0.004041909557043864,1.8577224959762688e-06,2.2155646363175006e-06,4.087622958426298e-10,0.9263981735819782,0.9263981735819782,-5.118561961345025,-0.016515838650175443,True,0,CONVERGENCE: RELATIVE REDUCTION OF F <= FACTR*EPSMCH,4726,225,2.553785594013831e-06
triangle,matched,2.0,equivariant,1,1e-12,18,3.309227368548539e-08,3.2683511389642756e-08,0.0001807930066313279,0.0001827210339275588,0.00018050546929124128,0.0009384784463278752,1.8577224959762688e-06,2.2155646363175006e-06,4.087622958426298e-10,0.8320296153923459,0.8320296153923459,-2.13380018626861,-0.7269504542294767,True,0,CONVERGENCE: RELATIVE REDUCTION OF F <= FACTR*EPSMCH,2023,95,1.0871397963979748e-07
triangle,matched,2.0,equivariant,1,1e-12,19,1.2983368442534306e-09,8.895745484108008e-10,3.002487775043746e-05,3.30711502560311e-05,3.08555856197136e-05,0.0032979798557792356,1.8577224959762688e-06,2.2155646363175006e-06,4.087622958426298e-10,0.9207279426271218,0.9207279426271218,-3.9772948432011392,-0.4997123611967085,True,0,CONVERGENCE: RELATIVE REDUCTION OF F <= FACTR*EPSMCH,3264,151,6.411239090397982e-09
triangle,matched,2.0,equivariant,1,1e-15,0,4.141980635615698e-10,5.435767718940025e-12,2.86545306206824e-06,2.8808772299115088e-06,6.653125935940082e-07,0.0002613323574261704,1.8577224959762688e-06,2.2155646363175006e-06,4.087622958426298e-10,0.673590729759024,0.673590729759024,-2.028590374369427,-1.183066838675863,True,0,CONVERGENCE: RELATIVE REDUCTION OF F <= FACTR*EPSMCH,17459,806,8.864120685703068e-09
triangle,matched,2.0,equivariant,1,1e-15,1,5.867229658217244e-10,1.7796066997909462e-10,1.3313518888495813e-05,1.3425428886646337e-05,1.1209864250328837e-05,0.0016270055757023534,1.8577224959762688e-06,2.2155646363175006e-06,4.087622958426298e-10,0.7711628804969421,0.7711628804969421,-1.4937252976000577,-0.8502884468413431,True,0,CONVERGENCE: RELATIVE REDUCTION OF F <= FACTR*EPSMCH,8840,414,5.900430574495932e-09
triangle,matched,2.0,equivariant,1,1e-15,2,1.0391561842761605e-09,6.303938884335307e-10,2.5334117912425316e-05,2.809325631180174e-05,2.587769167548424e-05,0.0031144716250599905,1.8577224959762688e-06,2.2155646363175006e-06,4.087622958426298e-10,0.9244422438819049,0.9244422438819049,-3.988292577726298,-0.8561999650972772,True,0,CONVERGENCE: RELATIVE REDUCTION OF F <= FACTR*EPSMCH,7922,346,3.8693527655154965e-08
triangle,matched,2.0,equivariant,1,1e-15,3,9.572610769858183e-10,5.484987811431885e-10,2.3297636231219033e-05,2.4929613775434433e-05,2.2714049139116932e-05,0.003519341584384363,1.8577224959762688e-06,2.2155646363175006e-06,4.087622958426298e-10,0.8611504310538342,0.8611504310538342,-1.448936524670907,-1.0977002443086636,True,0,CONVERGENCE: RELATIVE REDUCTION OF F <= FACTR*EPSMCH,2805,135,4.887146043245449e-09
triangle,matched,2.0,equivariant,1,1e-15,4,1.3913202080324245e-08,1.3504439784481616e-08,0.00011627071708652155,0.00012135596451582832,0.00011914039987951083,0.0041455708535318644,1.8577224959762688e-06,2.2155646363175006e-06,4.087622958426298e-10,0.9873845098836137,0.9873845098836137,-6.5712719860246445,-0.4280865642636268,True,0,CONVERGENCE: RELATIVE REDUCTION OF F <= FACTR*EPSMCH,3162,134,3.1225146338135966e-08
triangle,matched,2.0,equivariant,1,1e-15,5,1.092699622673874e-08,1.0518233930896111e-08,0.00010261553755307142,0.0001072934409558063,0.0001050778763194888,0.003059060263118021,1.8577224959762688e-06,2.2155646363175006e-06,4.087622958426298e-10,0.9602027944424307,0.9602027944424307,-3.707604546798263,-0.2701467093175172,True,0,CONVERGENCE: RELATIVE REDUCTION OF F <= FACTR*EPSMCH,11492,478,1.1589263491464625e-07
triangle,matched,2.0,equivariant,1,1e-15,6,1.4604286199550637e-08,1.4195523903708008e-08,0.00011920467185936502,0.0001241686463595065,0.000121953081723189,0.00406094760368341,1.8577224959762688e-06,2.2155646363175006e-06,4.087622958426298e-10,0.9036605030081871,0.9036605030081871,-7.99123161410799,-0.7626572133177817,True,0,CONVERGENCE: RELATIVE REDUCTION OF F <= FACTR*EPSMCH,7344,312,1.067066632964445e-07
triangle,matched,2.0,equivariant,1,1e-15,7,4.2510709535486785e-10,1.634479951223806e-11,4.270632002625242e-06,4.283709122348565e-06,2.0681444860310645e-06,0.0006051619080900965,1.8577224959762688e-06,2.2155646363175006e-06,4.087622958426298e-10,0.6916725796384615,0.6916725796384615,-2.049725661191141,-0.8261742013854281,True,0,CONVERGENCE: RELATIVE REDUCTION OF F <= FACTR*EPSMCH,3859,177,9.006920556669685e-11
triangle,matched,2.0,equivariant,1,1e-15,8,2.0722739382704953e-09,1.6635116424278655e-09,4.0929043375040194e-05,4.374014782493917e-05,4.1524583188621666e-05,0.003187443480122485,1.8577224959762688e-06,2.2155646363175006e-06,4.087622958426298e-10,0.7333939886701554,0.7333939886701554,-3.9810291313440156,-0.7872198625579078,True,0,CONVERGENCE: RELATIVE REDUCTION OF F <= FACTR*EPSMCH,3689,168,5.5572166354852406e-08
triangle,matched,2.0,equivariant,1,1e-15,9,2.634467596891706e-09,2.225705301049076e-09,4.706252412787689e-05,4.9425559324961335e-05,4.720999468864383e-05,0.005426550039671998,1.8577224959762688e-06,2.2155646363175006e-06,4.087622958426298e-10,0.9912211971282089,0.9912211971282089,-1.5527412023216156,-0.46401656920475476,True,0,CONVERGENCE: RELATIVE REDUCTION OF F <= FACTR*EPSMCH,4828,212,5.464846918611912e-10
triangle,matched,2.0,equivariant,1,1e-15,10,1.4970569345446867e-08,1.4561807049604238e-08,0.00012073145932111404,0.00012564651318656736,0.00012343094855024985,0.004080927653646191,1.8577224959762688e-06,2.2155646363175006e-06,4.087622958426298e-10,0.9429945076165248,0.9429945076165248,-8.0,-0.5175044733038391,True,0,CONVERGENCE: RELATIVE REDUCTION OF F <= FACTR*EPSMCH,2771,108,2.754423576873234e-08
triangle,matched,2.0,equivariant,1,1e-15,11,2.638215449531822e-09,2.2294531536891926e-09,4.7102210588388894e-05,4.95146336942746e-05,4.72990690579571e-05,0.005428828951975152,1.8577224959762688e-06,2.2155646363175006e-06,4.087622958426298e-10,0.9912701058568655,0.9912701058568655,-1.55267942667369,-0.46517778388905184,True,0,CONVERGENCE: RELATIVE REDUCTION OF F <= FACTR*EPSMCH,2414,103,8.976713781672046e-10
triangle,matched,2.0,equivariant,1,1e-15,12,7.671479182025679e-10,3.583856223599381e-10,1.9186564073973297e-05,2.1259315089547743e-05,1.9043750453230242e-05,0.002456583661888035,1.8577224959762688e-06,2.2155646363175006e-06,4.087622958426298e-10,0.5585653548744652,0.5585653548744652,-3.0842805240115103,-0.5561526531884649,True,0,CONVERGENCE: RELATIVE REDUCTION OF F <= FACTR*EPSMCH,12172,539,7.105115839482106e-09
triangle,matched,2.0,equivariant,1,1e-15,13,2.6291939277581085e-09,2.220431631915479e-09,4.700667290263058e-05,4.927448240870055e-05,4.7058917772383043e-05,0.005422383319433792,1.8577224959762688e-06,2.2155646363175006e-06,4.087622958426298e-10,0.9912135255390007,0.9912135255390007,-1.552943466037117,-0.4612392059052311,True,0,CONVERGENCE: RELATIVE REDUCTION OF F <= FACTR*EPSMCH,4029,195,1.458577467787536e-09
triangle,matched,2.0,equivariant,1,1e-15,14,1.769798196376342e-09,1.3610359005337123e-09,3.674352482232407e-05,4.009252822268539e-05,3.7876963586367884e-05,0.005469306085600306,1.8577224959762688e-06,2.2155646363175006e-06,4.087622958426298e-10,0.9944426024294168,0.9944426024294168,-1.5568305270424616,-0.1075513039870599,True,0,CONVERGENCE: RELATIVE REDUCTION OF F <= FACTR*EPSMCH,1394,72,4.242265363149963e-09
triangle,matched,2.0,equivariant,1,1e-15,15,1.178523440393318e-09,7.697611445506882e-10,2.799246392529701e-05,3.0488272786707167e-05,2.8272708150389666e-05,0.004108381459134832,1.8577224959762688e-06,2.2155646363175006e-06,4.087622958426298e-10,0.6008141225623348,0.6008141225623348,-2.011693980976938,-0.9462555203305264,True,0,CONVERGENCE: RELATIVE REDUCTION OF F <= FACTR*EPSMCH,3774,176,9.603819963297938e-09
triangle,matched,2.0,equivariant,1,1e-15,16,3.136517354404084e-09,2.7277550585614543e-09,5.232425080776795e-05,5.504066112696438e-05,5.2825096490646876e-05,0.002511404317816012,1.8577224959762688e-06,2.2155646363175006e-06,4.087622958426298e-10,0.9520677169183189,0.9520677169183189,-3.52837288336412,-0.3751371732898475,True,0,CONVERGENCE: RELATIVE REDUCTION OF F <= FACTR*EPSMCH,7412,316,2.3921040072559135e-07
triangle,matched,2.0,equivariant,1,1e-15,17,1.4493495072450043e-08,1.4084732776607414e-08,0.00011873896386427056,0.0001235680110957735,0.000121352446459456,0.004057378794950143,1.8577224959762688e-06,2.2155646363175006e-06,4.087622958426298e-10,0.9460988421916072,0.9460988421916072,-6.436593661267981,0.2416794494033317,True,0,CONVERGENCE: RELATIVE REDUCTION OF F <= FACTR*EPSMCH,11628,523,1.1573386917563037e-07
triangle,matched,2.0,equivariant,1,1e-15,18,2.5343833564354535e-09,2.125621060592824e-09,4.62117219517372e-05,4.943994119522685e-05,4.7224376558909346e-05,0.00243514403297239,1.8577224959762688e-06,2.2155646363175006e-06,4.087622958426298e-10,0.8067408223432575,0.8067408223432575,-3.3143908387515344,-0.7269504542294767,True,0,CONVERGENCE: RELATIVE REDUCTION OF F <= FACTR*EPSMCH,23256,990,5.5396013031100816e-08
triangle,matched,2.0,equivariant,1,1e-15,19,1.1444439970731141e-09,7.356817012304843e-10,2.733563025789269e-05,3.01545919582178e-05,2.7939027321900298e-05,0.003162540581001209,1.8577224959762688e-06,2.2155646363175006e-06,4.087622958426298e-10,0.9233123163855379,0.9233123163855379,-4.0452310210423805,-0.4997123611967085,True,0,CONVERGENCE: RELATIVE REDUCTION OF F <= FACTR*EPSMCH,9418,432,1.5589927313576556e-08
triangle,matched,2.0,equivariant,1,1e-18,0,4.141980635615698e-10,5.435767718940025e-12,2.86545306206824e-06,2.8808772299115088e-06,6.653125935940082e-07,0.0002613323574261704,1.8577224959762688e-06,2.2155646363175006e-06,4.087622958426298e-10,0.673590729759024,0.673590729759024,-2.028590374369427,-1.183066838675863,True,0,CONVERGENCE: RELATIVE REDUCTION OF F <= FACTR*EPSMCH,17459,806,8.864120685703068e-09
triangle,matched,2.0,equivariant,1,1e-18,1,5.867229658217106e-10,1.7796066997908077e-10,1.3313518888478777e-05,1.3425428886636488e-05,1.1209864250318987e-05,0.0016270055758716682,1.8577224959762688e-06,2.2155646363175006e-06,4.087622958426298e-10,0.7711628805045522,0.7711628805045522,-1.493725297545133,-0.8502884468413431,True,0,CONVERGENCE: RELATIVE REDUCTION OF F <= FACTR*EPSMCH,9112,415,5.900425590732711e-09
triangle,matched,2.0,equivariant,1,1e-18,2,1.039070602846851e-09,6.303083070042213e-10,2.533268423237783e-05,2.812591929271126e-05,2.591035465639376e-05,0.003119089065956559,1.8577224959762688e-06,2.2155646363175006e-06,4.087622958426298e-10,0.926273529128444,0.926273529128444,-3.9899431882972762,-0.8563463836192268,True,0,CONVERGENCE: RELATIVE REDUCTION OF F <= FACTR*EPSMCH,8500,356,2.8281287820196765e-08
triangle,matched,2.0,equivariant,1,1e-18,3,4.3963383537052696e-10,3.087153952789716e-11,5.697128372686792e-06,5.696989027716212e-06,3.4814243913987114e-06,0.0007284172840876472,1.8577224959762688e-06,2.2155646363175006e-06,4.087622958426298e-10,0.7127277430852732,0.7127277430852732,-2.0147939565996684,-1.0977002443086636,True,0,CONVERGENCE: RELATIVE REDUCTION OF F <= FACTR*EPSMCH,7157,318,9.676426238314409e-09
triangle,matched,2.0,equivariant,1,1e-18,4,1.3913202080324245e-08,1.3504439784481616e-08,0.00011627071708652155,0.00012135596451582832,0.00011914039987951083,0.0041455708535318644,1.8577224959762688e-06,2.2155646363175006e-06,4.087622958426298e-10,0.9873845098836137,0.9873845098836137,-6.5712719860246445,-0.4280865642636268,True,0,CONVERGENCE: RELATIVE REDUCTION OF F <= FACTR*EPSMCH,3162,134,3.1225146338135966e-08
triangle,matched,2.0,equivariant,1,1e-18,5,1.092699622673874e-08,1.0518233930896111e-08,0.00010261553755307142,0.0001072934409558063,0.0001050778763194888,0.003059060263118021,1.8577224959762688e-06,2.2155646363175006e-06,4.087622958426298e-10,0.9602027944424307,0.9602027944424307,-3.707604546798263,-0.2701467093175172,True,0,CONVERGENCE: RELATIVE REDUCTION OF F <= FACTR*EPSMCH,11492,478,1.1589263491464625e-07
triangle,matched,2.0,equivariant,1,1e-18,6,1.4604286199550637e-08,1.4195523903708008e-08,0.00011920467185936502,0.0001241686463595065,0.000121953081723189,0.00406094760368341,1.8577224959762688e-06,2.2155646363175006e-06,4.087622958426298e-10,0.9036605030081871,0.9036605030081871,-7.99123161410799,-0.7626572133177817,True,0,CONVERGENCE: RELATIVE REDUCTION OF F <= FACTR*EPSMCH,7344,312,1.067066632964445e-07
triangle,matched,2.0,equivariant,1,1e-18,7,4.2510709535486656e-10,1.6344799512236767e-11,4.270632002625094e-06,4.283709122347965e-06,2.0681444860304648e-06,0.0006051619080900974,1.8577224959762688e-06,2.2155646363175006e-06,4.087622958426298e-10,0.6916725796384615,0.6916725796384615,-2.049725661191141,-0.8261742013854281,True,0,CONVERGENCE: RELATIVE REDUCTION OF F <= FACTR*EPSMCH,4386,178,9.006845593426217e-11
triangle,matched,2.0,equivariant,1,1e-18,8,2.072266118322059e-09,1.6635038224794294e-09,4.092905025819981e-05,4.376860772167183e-05,4.1553043085354335e-05,0.0031902328153974296,1.8577224959762688e-06,2.2155646363175006e-06,4.087622958426298e-10,0.7330847504742735,0.7330847504742735,-3.98303742456185,-0.787263388086963,True,0,CONVERGENCE: RELATIVE REDUCTION OF F <= FACTR*EPSMCH,4590,177,5.014815510994276e-08
triangle,matched,2.0,equivariant,1,1e-18,9,2.631132666707794e-09,2.222370370865164e-09,4.70272185586787e-05,4.932557422138707e-05,4.711000958506957e-05,0.005423830518832265,1.8577224959762688e-06,2.2155646363175006e-06,4.087622958426298e-10,0.991221232581358,0.991221232581358,-1.5528780865533307,-0.46213642723963183,True,0,CONVERGENCE: RELATIVE REDUCTION OF F <= FACTR*EPSMCH,5882,258,1.6162972782715088e-10
triangle,matched,2.0,equivariant,1,1e-18,10,1.4970569345446867e-08,1.4561807049604238e-08,0.00012073145932111404,0.00012564651318656736,0.00012343094855024985,0.004080927653646191,1.8577224959762688e-06,2.2155646363175006e-06,4.087622958426298e-10,0.9429945076165248,0.9429945076165248,-8.0,-0.5175044733038391,True,0,CONVERGENCE: RELATIVE REDUCTION OF F <= FACTR*EPSMCH,2771,108,2.754423576873234e-08
triangle,matched,2.0,equivariant,1,1e-18,11,2.638215449531822e-09,2.2294531536891926e-09,4.7102210588388894e-05,4.95146336942746e-05,4.72990690579571e-05,0.005428828951975152,1.8577224959762688e-06,2.2155646363175006e-06,4.087622958426298e-10,0.9912701058568655,0.9912701058568655,-1.55267942667369,-0.46517778388905184,True,0,CONVERGENCE: RELATIVE REDUCTION OF F <= FACTR*EPSMCH,2414,103,8.976713781672046e-10
triangle,matched,2.0,equivariant,1,1e-18,12,7.671479182025679e-10,3.583856223599381e-10,1.9186564073973297e-05,2.1259315089547743e-05,1.9043750453230242e-05,0.002456583661888035,1.8577224959762688e-06,2.2155646363175006e-06,4.087622958426298e-10,0.5585653548744652,0.5585653548744652,-3.0842805240115103,-0.5561526531884649,True,0,CONVERGENCE: RELATIVE REDUCTION OF F <= FACTR*EPSMCH,12172,539,7.105115839482106e-09
triangle,matched,2.0,equivariant,1,1e-18,13,2.6291896660265404e-09,2.220427370183911e-09,4.70066259511845e-05,4.927437935398968e-05,4.7058814717672174e-05,0.005422438671885744,1.8577224959762688e-06,2.2155646363175006e-06,4.087622958426298e-10,0.9912116584981562,0.9912116584981562,-1.5529394179571194,-0.4612784177810555,True,0,CONVERGENCE: RELATIVE REDUCTION OF F <= FACTR*EPSMCH,4250,200,1.535959842330885e-10
triangle,matched,2.0,equivariant,1,1e-18,14,1.630311880383776e-09,1.2215495845411463e-09,3.4804751231822836e-05,3.7194255869013826e-05,3.497869123269633e-05,0.005204631364345987,1.8577224959762688e-06,2.2155646363175006e-06,4.087622958426298e-10,0.9691367079005044,0.9691367079005044,-1.5454177519229246,-0.5767249327881868,True,0,CONVERGENCE: RELATIVE REDUCTION OF F <= FACTR*EPSMCH,10642,488,1.9313251907665694e-09
triangle,matched,2.0,equivariant,1,1e-18,15,1.178523440393318e-09,7.697611445506882e-10,2.799246392529701e-05,3.0488272786707167e-05,2.8272708150389666e-05,0.004108381459134832,1.8577224959762688e-06,2.2155646363175006e-06,4.087622958426298e-10,0.6008141225623348,0.6008141225623348,-2.011693980976938,-0.9462555203305264,True,0,CONVERGENCE: RELATIVE REDUCTION OF F <= FACTR*EPSMCH,3774,176,9.603819963297938e-09
triangle,matched,2.0,equivariant,1,1e-18,16,3.136517354404084e-09,2.7277550585614543e-09,5.232425080776795e-05,5.504066112696438e-05,5.2825096490646876e-05,0.002511404317816012,1.8577224959762688e-06,2.2155646363175006e-06,4.087622958426298e-10,0.9520677169183189,0.9520677169183189,-3.52837288336412,-0.3751371732898475,True,0,CONVERGENCE: RELATIVE REDUCTION OF F <= FACTR*EPSMCH,7412,316,2.3921040072559135e-07
triangle,matched,2.0,equivariant,1,1e-18,17,1.4493475809141086e-08,1.4084713513298457e-08,0.00011873889154337721,0.0001235717101445723,0.0001213561455082548,0.004058189019871854,1.8577224959762688e-06,2.2155646363175006e-06,4.087622958426298e-10,0.9461583736993343,0.9461583736993343,-6.441711131555549,0.24247704007463014,True,0,CONVERGENCE: RELATIVE REDUCTION OF F <= FACTR*EPSMCH,11968,526,6.62593839813564e-08
triangle,matched,2.0,equivariant,1,1e-18,18,2.5343833564354535e-09,2.125621060592824e-09,4.62117219517372e-05,4.943994119522685e-05,4.7224376558909346e-05,0.00243514403297239,1.8577224959762688e-06,2.2155646363175006e-06,4.087622958426298e-10,0.8067408223432575,0.8067408223432575,-3.3143908387515344,-0.7269504542294767,True,0,CONVERGENCE: RELATIVE REDUCTION OF F <= FACTR*EPSMCH,23256,990,5.5396013031100816e-08
triangle,matched,2.0,equivariant,1,1e-18,19,1.13955157654789e-09,7.307892807052602e-10,2.7245741607349675e-05,3.0075054179294134e-05,2.7859489542976633e-05,0.0031570323179946668,1.8577224959762688e-06,2.2155646363175006e-06,4.087622958426298e-10,0.9237116210774972,0.9237116210774972,-4.0514663324377,-0.4997123611967085,True,0,CONVERGENCE: RELATIVE REDUCTION OF F <= FACTR*EPSMCH,10421,465,3.4772715853791094e-08
triangle,matched,2.0,equivariant,3,1e-12,0,1.1701662599373067e-09,7.614039640946769e-10,2.773105616683103e-05,2.9685167574329373e-05,2.7469602938011873e-05,0.0015759707074173626,1.8577224959762688e-06,2.2155646363175006e-06,4.087622958426298e-10,0.4661704122867889,0.4661704122867889,-1.837357429013083,-0.8498597310688986,True,0,CONVERGENCE: RELATIVE REDUCTION OF F <= FACTR*EPSMCH,6138,151,3.578178250149838e-08
triangle,matched,2.0,equivariant,3,1e-12,1,1.363344074333947e-09,9.545817784913172e-10,3.075582518712214e-05,3.3522083217735974e-05,3.130651858141848e-05,0.004618916803291634,1.8577224959762688e-06,2.2155646363175006e-06,4.087622958426298e-10,0.9182643777273616,0.9182643777273616,-1.5069477964303961,-0.9234164813038476,True,0,CONVERGENCE: RELATIVE REDUCTION OF F <= FACTR*EPSMCH,8060,204,6.538336482099642e-08
triangle,matched,2.0,equivariant,3,1e-12,2,7.814034565986449e-10,3.7264116075601513e-10,1.94362910421878e-05,1.9397594679144396e-05,1.7182030042826895e-05,0.0007044628666364429,1.8577224959762688e-06,2.2155646363175006e-06,4.087622958426298e-10,0.4679818464768453,0.4679818464768453,-1.6933707763974688,-0.8509361997767085,True,0,CONVERGENCE: RELATIVE REDUCTION OF F <= FACTR*EPSMCH,4836,131,1.8511109686522107e-07
triangle,matched,2.0,equivariant,3,1e-12,3,2.000548703313097e-08,1.9596724737288342e-08,0.00014005285755220947,0.00014702621915578203,0.00014481065451946452,0.005520640744456111,1.8577224959762688e-06,2.2155646363175006e-06,4.087622958426298e-10,0.6900148055776559,0.6900148055776559,-3.037079475814252,2.2127930398470044,True,0,CONVERGENCE: RELATIVE REDUCTION OF F <= FACTR*EPSMCH,14973,348,5.0524298639500725e-06
triangle,matched,2.0,equivariant,3,1e-12,4,6.630250890267304e-09,6.221488594424674e-09,7.88620879276312e-05,7.8819457986898e-05,7.660389335058051e-05,0.002338564457427297,1.8577224959762688e-06,2.2155646363175006e-06,4.087622958426298e-10,0.6933351497075503,0.6933351497075503,-1.529515010546267,-0.8060320381354851,True,0,CONVERGENCE: RELATIVE REDUCTION OF F <= FACTR*EPSMCH,2697,72,4.3213569658188365e-08
triangle,matched,2.0,equivariant,3,1e-12,5,2.2609249900350532e-09,1.8521626941924234e-09,4.3107468502466205e-05,4.3122712355113575e-05,4.090714771879608e-05,0.0011388936727809817,1.8577224959762688e-06,2.2155646363175006e-06,4.087622958426298e-10,0.583564849151925,0.583564849151925,-1.6357567059359994,-1.0432888062155081,True,0,CONVERGENCE: RELATIVE REDUCTION OF F <= FACTR*EPSMCH,3503,90,2.1338055353138435e-08
triangle,matched,2.0,equivariant,3,1e-12,6,1.1057149561428236e-08,1.0648387265585607e-08,0.0001032543281381075,0.00010703602263327582,0.00010482045799695833,0.003644987166053426,1.8577224959762688e-06,2.2155646363175006e-06,4.087622958426298e-10,0.9295347213227012,0.9295347213227012,-4.59575498959672,-0.26525200603296695,True,0,CONVERGENCE: RELATIVE REDUCTION OF F <= FACTR*EPSMCH,12369,298,1.1683716673654387e-06
triangle,matched,2.0,equivariant,3,1e-12,7,2.2793202249661845e-09,1.870557929123555e-09,4.3383940196105995e-05,4.636179100238738e-05,4.4146226366069885e-05,0.0031408737761386687,1.8577224959762688e-06,2.2155646363175006e-06,4.087622958426298e-10,0.6226168826777823,0.6226168826777823,-1.7889893753957937,-0.9716727534991731,True,0,CONVERGENCE: RELATIVE REDUCTION OF F <= FACTR*EPSMCH,4650,120,3.4891614884731825e-08
triangle,matched,2.0,equivariant,3,1e-12,8,1.9487259784886228e-09,1.539963682645993e-09,3.937806641521436e-05,4.195690719144779e-05,3.9741342555130296e-05,0.0027764375972255053,1.8577224959762688e-06,2.2155646363175006e-06,4.087622958426298e-10,0.4539662805719549,0.4539662805719549,-3.066239188255843,-0.6118833580007834,True,0,CONVERGENCE: RELATIVE REDUCTION OF F <= FACTR*EPSMCH,10788,281,5.617364689126867e-08
triangle,matched,2.0,equivariant,3,1e-12,9,3.935415675021713e-09,3.5266533791790834e-09,5.946809788933057e-05,6.199560232234741e-05,5.9780037686029915e-05,0.0024031620321243387,1.8577224959762688e-06,2.2155646363175006e-06,4.087622958426298e-10,0.6136123869737183,0.6136123869737183,-3.0380515951980245,-0.4578382126201033,True,0,CONVERGENCE: RELATIVE REDUCTION OF F <= FACTR*EPSMCH,11749,271,4.3623226532890326e-07
triangle,matched,2.0,equivariant,3,1e-12,10,6.4663373595922004e-09,6.0575750637495704e-09,7.78876392629598e-05,8.024072764494822e-05,7.802516300863072e-05,0.0020103507199633244,1.8577224959762688e-06,2.2155646363175006e-06,4.087622958426298e-10,0.7256044104291,0.7256044104291,-2.879550232560047,-0.7540711638763298,True,0,CONVERGENCE: RELATIVE REDUCTION OF F <= FACTR*EPSMCH,9269,222,3.504033822435218e-07
triangle,matched,2.0,equivariant,3,1e-12,11,1.5339378414923494e-08,1.4930616119080865e-08,0.00012223915562997593,0.00012573785326908975,0.00012352228863277224,0.0031117915374846558,1.8577224959762688e-06,2.2155646363175006e-06,4.087622958426298e-10,0.6986973063319192,0.6986973063319192,-3.6290509399994826,-0.9908405432637988,True,0,CONVERGENCE: RELATIVE REDUCTION OF F <= FACTR*EPSMCH,3751,102,4.993424591272331e-08
triangle,matched,2.0,equivariant,3,1e-12,12,8.157097073388542e-10,4.069474114962244e-10,2.0435635399959875e-05,2.262659249471593e-05,2.041102785839843e-05,0.0028366566126354817,1.8577224959762688e-06,2.2155646363175006e-06,4.087622958426298e-10,0.5786784351143283,0.5786784351143283,-3.0447037523471536,-0.8084180535136498,True,0,CONVERGENCE: RELATIVE REDUCTION OF F <= FACTR*EPSMCH,16182,390,1.1471753874821106e-07
triangle,matched,2.0,equivariant,3,1e-12,13,1.4658202693114264e-08,1.4249440397271635e-08,0.00011943080596619694,0.00012439859990531876,0.00012218303526900125,0.004080187751943675,1.8577224959762688e-06,2.2155646363175006e-06,4.087622958426298e-10,0.6382410099022382,0.6382410099022382,-8.0,-0.11893233467259022,True,0,CONVERGENCE: RELATIVE REDUCTION OF F <= FACTR*EPSMCH,8990,216,1.0907864143679186e-07
triangle,matched,2.0,equivariant,3,1e-12,14,5.906640320558133e-10,1.8190173621318355e-10,1.3421078916830916e-05,1.4106718330810534e-05,1.1891153694493034e-05,0.0020194780916298802,1.8577224959762688e-06,2.2155646363175006e-06,4.087622958426298e-10,0.7785655495267197,0.7785655495267197,-1.4613593734020396,-0.8521861800273112,True,0,CONVERGENCE: RELATIVE REDUCTION OF F <= FACTR*EPSMCH,2139,54,1.2445570185352466e-08
triangle,matched,2.0,equivariant,3,1e-12,15,1.843393190875698e-08,1.802516961291435e-08,0.00013431177261589145,0.000139251130439599,0.00013703556580328148,0.004149503830523861,1.8577224959762688e-06,2.2155646363175006e-06,4.087622958426298e-10,0.8657994456830069,0.8657994456830069,-6.052012610875231,-0.4891789980439728,True,0,CONVERGENCE: RELATIVE REDUCTION OF F <= FACTR*EPSMCH,4929,125,2.2961685332658872e-08
triangle,matched,2.0,equivariant,3,1e-12,16,4.320660856883768e-09,3.911898561041138e-09,6.258784260536728e-05,6.412138338509525e-05,6.190581874877776e-05,0.0006564682032216039,1.8577224959762688e-06,2.2155646363175006e-06,4.087622958426298e-10,0.7007592951198109,0.7007592951198109,-2.3590751394400744,-0.7747541191392427,True,0,CONVERGENCE: RELATIVE REDUCTION OF F <= FACTR*EPSMCH,8370,208,2.446568355962727e-07
triangle,matched,2.0,equivariant,3,1e-12,17,3.050597276987423e-09,2.6418349811447936e-09,5.1470200777346057e-05,5.2868623589961795e-05,5.06530589536443e-05,0.001448546836770022,1.8577224959762688e-06,2.2155646363175006e-06,4.087622958426298e-10,0.5658582263994413,0.5658582263994413,-2.0699981793584854,-0.4934706162695559,True,0,CONVERGENCE: RELATIVE REDUCTION OF F <= FACTR*EPSMCH,9207,225,3.93073889380141e-08
triangle,matched,2.0,equivariant,3,1e-12,18,9.920006114572271e-09,9.511243818729642e-09,9.755405485141304e-05,9.791062861532082e-05,9.569506397900333e-05,0.0007646422133129163,1.8577224959762688e-06,2.2155646363175006e-06,4.087622958426298e-10,0.7444269313817153,0.7444269313817153,-2.4694559484650336,-0.8258693017932005,True,0,CONVERGENCE: RELATIVE REDUCTION OF F <= FACTR*EPSMCH,4092,111,1.7165830102575025e-07
triangle,matched,2.0,equivariant,3,1e-12,19,2.625721239068429e-09,2.216958943225799e-09,4.720046412776285e-05,5.0923934939238184e-05,4.870837030292069e-05,0.0028403674806169493,1.8577224959762688e-06,2.2155646363175006e-06,4.087622958426298e-10,0.4896022369583488,0.4896022369583488,-3.1520869507846485,-0.8184022983534377,True,0,CONVERGENCE: RELATIVE REDUCTION OF F <= FACTR*EPSMCH,4805,120,1.32661062343604e-07
triangle,matched,2.0,equivariant,3,1e-15,0,4.6506919268508936e-10,5.630689684245957e-11,7.913974668525578e-06,9.03024164979483e-06,6.814677013477329e-06,0.001123665770013574,1.8577224959762688e-06,2.2155646363175006e-06,4.087622958426298e-10,0.44744103170604427,0.44744103170604427,-1.8809317652065976,-0.807398742440651,True,0,CONVERGENCE: RELATIVE REDUCTION OF F <= FACTR*EPSMCH,10478,250,4.705205941304386e-09
triangle,matched,2.0,equivariant,3,1e-15,1,4.108900631068964e-10,2.127767264266609e-12,2.2645360887012104e-06,2.343107469571375e-06,1.275428332538743e-07,0.0001745026888319272,1.8577224959762688e-06,2.2155646363175006e-06,4.087622958426298e-10,0.5362428986820353,0.5362428986820353,-1.0235614398928712,-0.9456695172443591,True,0,CONVERGENCE: RELATIVE REDUCTION OF F <= FACTR*EPSMCH,44392,1121,1.4555005926705894e-08
triangle,matched,2.0,equivariant,3,1e-15,2,4.404795771506017e-10,3.17172813079719e-11,6.109471212117117e-06,7.0829294270346366e-06,4.867364790717136e-06,0.0008425210138096604,1.8577224959762688e-06,2.2155646363175006e-06,4.087622958426298e-10,0.4700448196827074,0.4700448196827074,-1.7139309831069176,-0.8558800534306872,True,0,CONVERGENCE: RELATIVE REDUCTION OF F <= FACTR*EPSMCH,8060,210,1.1609507140621309e-08
triangle,matched,2.0,equivariant,3,1e-15,3,1.4904226007255682e-08,1.4495463711413053e-08,0.00012046669065319889,0.0001275978026216702,0.0001253822379853527,0.005011644299021562,1.8577224959762688e-06,2.2155646363175006e-06,4.087622958426298e-10,0.637261208561965,0.637261208561965,-3.229037809495694,2.667845703174206,True,0,CONVERGENCE: RELATIVE REDUCTION OF F <= FACTR*EPSMCH,21204,429,1.2756949078516794e-05
triangle,matched,2.0,equivariant,3,1e-15,4,9.262505904887438e-10,5.17488294646114e-10,2.2628585424227644e-05,2.415456030684074e-05,2.193899567052324e-05,0.0034134063474127335,1.8577224959762688e-06,2.2155646363175006e-06,4.087622958426298e-10,0.7437788993620535,0.7437788993620535,-1.529515010546267,-0.8060320381354851,True,0,CONVERGENCE: RELATIVE REDUCTION OF F <= FACTR*EPSMCH,5983,137,4.004358177629153e-09
triangle,matched,2.0,equivariant,3,1e-15,5,5.437550634730802e-10,1.3499276763045046e-10,1.1950849014008068e-05,1.327469902070707e-05,1.1059134384389569e-05,0.0017192114023163016,1.8577224959762688e-06,2.2155646363175006e-06,4.087622958426298e-10,0.5023505402405756,0.5023505402405756,-1.7357539960940307,-0.9248471632092838,True,0,CONVERGENCE: RELATIVE REDUCTION OF F <= FACTR*EPSMCH,8711,217,1.5819142751308615e-09
triangle,matched,2.0,equivariant,3,1e-15,6,1.0738175610603547e-08,1.0329413314760918e-08,0.0001016984087708337,0.00010564692044285012,0.00010343135580653263,0.0036759254042881286,1.8577224959762688e-06,2.2155646363175006e-06,4.087622958426298e-10,0.9323601158580768,0.9323601158580768,-4.698850748320188,-0.09309169962851073,True,0,CONVERGENCE: RELATIVE REDUCTION OF F <= FACTR*EPSMCH,16802,387,5.848613941610486e-07
triangle,matched,2.0,equivariant,3,1e-15,7,5.388908426747983e-10,1.3012854683216853e-10,1.1737476953613538e-05,1.2908548550004371e-05,1.069298391368687e-05,0.0016466486801606035,1.8577224959762688e-06,2.2155646363175006e-06,4.087622958426298e-10,0.6654177053354192,0.6654177053354192,-1.7675309821953678,-0.9716727534991731,True,0,CONVERGENCE: RELATIVE REDUCTION OF F <= FACTR*EPSMCH,11253,299,8.695212671430794e-09
triangle,matched,2.0,equivariant,3,1e-15,8,1.3466318724559571e-09,9.378695766133273e-10,3.081101865383202e-05,3.3803515228656006e-05,3.158795059233851e-05,0.003104468204706355,1.8577224959762688e-06,2.2155646363175006e-06,4.087622958426298e-10,0.576743138614463,0.576743138614463,-3.600356324975774,-0.6118833580007834,True,0,CONVERGENCE: RELATIVE REDUCTION OF F <= FACTR*EPSMCH,17856,448,3.754025105550569e-08
triangle,matched,2.0,equivariant,3,1e-15,9,2.979165670237919e-09,2.5704033743952896e-09,5.0788213808755086e-05,5.260405630407371e-05,5.038849166775621e-05,0.0021229994584249247,1.8577224959762688e-06,2.2155646363175006e-06,4.087622958426298e-10,0.8057942658993784,0.8057942658993784,-3.1418452916888495,-0.3142897273045581,True,0,CONVERGENCE: RELATIVE REDUCTION OF F <= FACTR*EPSMCH,15810,357,1.6493898323855033e-08
triangle,matched,2.0,equivariant,3,1e-15,10,2.90605911533763e-09,2.4972968194950004e-09,5.006957923479442e-05,5.30859125076514e-05,5.0870347871333904e-05,0.00233872136726804,1.8577224959762688e-06,2.2155646363175006e-06,4.087622958426298e-10,0.8685293502547767,0.8685293502547767,-3.294314649711495,-0.7540711638763298,True,0,CONVERGENCE: RELATIVE REDUCTION OF F <= FACTR*EPSMCH,14477,330,1.3439752687988743e-07
triangle,matched,2.0,equivariant,3,1e-15,11,1.2756847620697707e-08,1.2348085324855078e-08,0.00011117950905436823,0.00011525989383901596,0.00011304432920269846,0.003510230486330596,1.8577224959762688e-06,2.2155646363175006e-06,4.087622958426298e-10,0.7710549560024225,0.7710549560024225,-4.4305791329804896,-0.9854438313921401,True,0,CONVERGENCE: RELATIVE REDUCTION OF F <= FACTR*EPSMCH,11501,282,6.661766333029681e-08
triangle,matched,2.0,equivariant,3,1e-15,12,7.525593923471607e-10,3.437970965045309e-10,1.8817247157113125e-05,2.050559612258307e-05,1.829003148626557e-05,0.002699053588023922,1.8577224959762688e-06,2.2155646363175006e-06,4.087622958426298e-10,0.584747749409777,0.584747749409777,-3.079858691095531,-0.8084180535136498,True,0,CONVERGENCE: RELATIVE REDUCTION OF F <= FACTR*EPSMCH,18848,439,2.0354082102238237e-09
triangle,matched,2.0,equivariant,3,1e-15,13,1.4658141550979333e-08,1.4249379255136704e-08,0.00011943057661775318,0.00012442065076305136,0.00012220508612673385,0.004082040684728888,1.8577224959762688e-06,2.2155646363175006e-06,4.087622958426298e-10,0.637463250547003,0.637463250547003,-8.0,-0.1199229441069219,True,0,CONVERGENCE: RELATIVE REDUCTION OF F <= FACTR*EPSMCH,9734,220,1.5652123023587445e-07
triangle,matched,2.0,equivariant,3,1e-15,14,5.675575147251033e-10,1.5879521888247353e-10,1.2552148552705675e-05,1.3320453849208769e-05,1.1104889212891268e-05,0.0018050572043357888,1.8577224959762688e-06,2.2155646363175006e-06,4.087622958426298e-10,0.7662576873082529,0.7662576873082529,-1.4840761000266578,-0.8521861800273112,True,0,CONVERGENCE: RELATIVE REDUCTION OF F <= FACTR*EPSMCH,4433,113,3.8067182665812886e-08
triangle,matched,2.0,equivariant,3,1e-15,15,1.4627049144053052e-08,1.4218286848210423e-08,0.00011930038216507298,0.00012438383659260614,0.00012216827195628862,0.004085335227810407,1.8577224959762688e-06,2.2155646363175006e-06,4.087622958426298e-10,0.430976535250831,0.430976535250831,-8.0,-0.543175209163042,True,0,CONVERGENCE: RELATIVE REDUCTION OF F <= FACTR*EPSMCH,13051,294,3.390842927169818e-08
triangle,matched,2.0,equivariant,3,1e-15,16,1.1349923524705639e-09,7.262300566279341e-10,2.709787171540445e-05,2.882013419281258e-05,2.660456955649508e-05,0.0017647572890676256,1.8577224959762688e-06,2.2155646363175006e-06,4.087622958426298e-10,0.737254464580037,0.737254464580037,-2.9311896007234424,-0.5481268269049883,True,0,CONVERGENCE: RELATIVE REDUCTION OF F <= FACTR*EPSMCH,20026,469,1.6479970543132853e-07
triangle,matched,2.0,equivariant,3,1e-15,17,6.861672540692125e-10,2.7740495822658273e-10,1.6944814479197783e-05,1.9176023312349166e-05,1.6960458676031666e-05,0.0024551950065585604,1.8577224959762688e-06,2.2155646363175006e-06,4.087622958426298e-10,0.43658777533128496,0.43658777533128496,-2.0839965799321782,-0.4934706162695559,True,0,CONVERGENCE: RELATIVE REDUCTION OF F <= FACTR*EPSMCH,18507,445,1.6992681595134854e-08
triangle,matched,2.0,equivariant,3,1e-15,18,3.898802033558195e-09,3.490039737715565e-09,5.91386902998775e-05,6.122732577810905e-05,5.9011761141791557e-05,0.0014160104867143152,1.8577224959762688e-06,2.2155646363175006e-06,4.087622958426298e-10,0.8214341808963401,0.8214341808963401,-2.7812642026680976,-0.8258693017932005,True,0,CONVERGENCE: RELATIVE REDUCTION OF F <= FACTR*EPSMCH,9951,239,1.5769340687865967e-08
triangle,matched,2.0,equivariant,3,1e-15,19,2.6140988025429955e-09,2.205336506700366e-09,4.707760123981724e-05,5.088285452092782e-05,4.866728988461032e-05,0.0028558617239811544,1.8577224959762688e-06,2.2155646363175006e-06,4.087622958426298e-10,0.49291518581930976,0.49291518581930976,-3.1732265210868937,-0.814670142973714,True,0,CONVERGENCE: RELATIVE REDUCTION OF F <= FACTR*EPSMCH,5828,134,4.75471442637086e-09
triangle,matched,2.0,equivariant,3,1e-18,0,4.6506919268508936e-10,5.630689684245957e-11,7.913974668525578e-06,9.03024164979483e-06,6.814677013477329e-06,0.001123665770013574,1.8577224959762688e-06,2.2155646363175006e-06,4.087622958426298e-10,0.44744103170604427,0.44744103170604427,-1.8809317652065976,-0.807398742440651,True,0,CONVERGENCE: RELATIVE REDUCTION OF F <= FACTR*EPSMCH,10478,250,4.705205941304386e-09
triangle,matched,2.0,equivariant,3,1e-18,1,4.089064894270028e-10,1.4419358437301017e-13,1.8752698968734554e-06,2.2014005361236656e-06,-1.4164100193835032e-08,3.078712779333428e-05,1.8577224959762688e-06,2.2155646363175006e-06,4.087622958426298e-10,0.5298349836203979,0.5298349836203979,-1.026949323702126,-0.9456695172443591,True,0,CONVERGENCE: RELATIVE REDUCTION OF F <= FACTR*EPSMCH,46004,1147,5.095447715849901e-09
triangle,matched,2.0,equivariant,3,1e-18,2,4.4047957715056137e-10,3.1717281307931575e-11,6.109471212101309e-06,7.08292942632463e-06,4.867364790007129e-06,0.000842521013762122,1.8577224959762688e-06,2.2155646363175006e-06,4.087622958426298e-10,0.4700448196840622,0.4700448196840622,-1.7139309831039065,-0.8558800534333961,True,0,CONVERGENCE: RELATIVE REDUCTION OF F <= FACTR*EPSMCH,8494,211,1.1609512563824233e-08
triangle,matched,2.0,equivariant,3,1e-18,3,1.4904226007255682e-08,1.4495463711413053e-08,0.00012046669065319889,0.0001275978026216702,0.0001253822379853527,0.005011644299021562,1.8577224959762688e-06,2.2155646363175006e-06,4.087622958426298e-10,0.637261208561965,0.637261208561965,-3.229037809495694,2.667845703174206,True,0,CONVERGENCE: RELATIVE REDUCTION OF F <= FACTR*EPSMCH,21204,429,1.2756949078516794e-05
triangle,matched,2.0,equivariant,3,1e-18,4,9.262505904887438e-10,5.17488294646114e-10,2.2628585424227644e-05,2.415456030684074e-05,2.193899567052324e-05,0.0034134063474127335,1.8577224959762688e-06,2.2155646363175006e-06,4.087622958426298e-10,0.7437788993620535,0.7437788993620535,-1.529515010546267,-0.8060320381354851,True,0,CONVERGENCE: RELATIVE REDUCTION OF F <= FACTR*EPSMCH,5983,137,4.004358177629153e-09
triangle,matched,2.0,equivariant,3,1e-18,5,5.437550634730802e-10,1.3499276763045046e-10,1.1950849014008068e-05,1.327469902070707e-05,1.1059134384389569e-05,0.0017192114023163016,1.8577224959762688e-06,2.2155646363175006e-06,4.087622958426298e-10,0.5023505402405756,0.5023505402405756,-1.7357539960940307,-0.9248471632092838,True,0,CONVERGENCE: RELATIVE REDUCTION OF F <= FACTR*EPSMCH,8711,217,1.5819142751308615e-09
triangle,matched,2.0,equivariant,3,1e-18,6,1.0738175610603547e-08,1.0329413314760918e-08,0.0001016984087708337,0.00010564692044285012,0.00010343135580653263,0.0036759254042881286,1.8577224959762688e-06,2.2155646363175006e-06,4.087622958426298e-10,0.9323601158580768,0.9323601158580768,-4.698850748320188,-0.09309169962851073,True,0,CONVERGENCE: RELATIVE REDUCTION OF F <= FACTR*EPSMCH,16802,387,5.848613941610486e-07
triangle,matched,2.0,equivariant,3,1e-18,7,5.388256213512684e-10,1.3006332550863862e-10,1.173427388476167e-05,1.289248742972453e-05,1.067692279340703e-05,0.0016429537467320093,1.8577224959762688e-06,2.2155646363175006e-06,4.087622958426298e-10,0.6655045628486103,0.6655045628486103,-1.7674773265586827,-0.9716727534991731,True,0,CONVERGENCE: RELATIVE REDUCTION OF F <= FACTR*EPSMCH,11873,301,3.263505758554588e-09
triangle,matched,2.0,equivariant,3,1e-18,8,1.346454661506842e-09,9.376923656642122e-10,3.0808298578149164e-05,3.3813449486492267e-05,3.159788485017477e-05,0.0031080753042943806,1.8577224959762688e-06,2.2155646363175006e-06,4.087622958426298e-10,0.5794848013027042,0.5794848013027042,-3.6072942911709647,-0.6118833580007834,True,0,CONVERGENCE: RELATIVE REDUCTION OF F <= FACTR*EPSMCH,19251,459,2.5867914480497885e-08
triangle,matched,2.0,equivariant,3,1e-18,9,2.979165670237919e-09,2.5704033743952896e-09,5.0788213808755086e-05,5.260405630407371e-05,5.038849166775621e-05,0.0021229994584249247,1.8577224959762688e-06,2.2155646363175006e-06,4.087622958426298e-10,0.8057942658993784,0.8057942658993784,-3.1418452916888495,-0.3142897273045581,True,0,CONVERGENCE: RELATIVE REDUCTION OF F <= FACTR*EPSMCH,15810,357,1.6493898323855033e-08
triangle,matched,2.0,equivariant,3,1e-18,10,2.9039416418189235e-09,2.4951793459762935e-09,5.004833799926432e-05,5.30277210815001e-05,5.08121564451826e-05,0.002335351809228637,1.8577224959762688e-06,2.2155646363175006e-06,4.087622958426298e-10,0.8686887612220834,0.8686887612220834,-3.2962987049124046,-0.7540711638763298,True,0,CONVERGENCE: RELATIVE REDUCTION OF F <= FACTR*EPSMCH,15314,333,2.727612168620475e-07
triangle,matched,2.0,equivariant,3,1e-18,11,1.2756847620697707e-08,1.2348085324855078e-08,0.00011117950905436823,0.00011525989383901596,0.00011304432920269846,0.003510230486330596,1.8577224959762688e-06,2.2155646363175006e-06,4.087622958426298e-10,0.7710549560024225,0.7710549560024225,-4.4305791329804896,-0.9854438313921401,True,0,CONVERGENCE: RELATIVE REDUCTION OF F <= FACTR*EPSMCH,11501,282,6.661766333029681e-08
triangle,matched,2.0,equivariant,3,1e-18,12,7.525593923471607e-10,3.437970965045309e-10,1.8817247157113125e-05,2.050559612258307e-05,1.829003148626557e-05,0.002699053588023922,1.8577224959762688e-06,2.2155646363175006e-06,4.087622958426298e-10,0.584747749409777,0.584747749409777,-3.079858691095531,-0.8084180535136498,True,0,CONVERGENCE: RELATIVE REDUCTION OF F <= FACTR*EPSMCH,18848,439,2.0354082102238237e-09
triangle,matched,2.0,equivariant,3,1e-18,13,1.4658141550979333e-08,1.4249379255136704e-08,0.00011943057661775318,0.00012442065076305136,0.00012220508612673385,0.004082040684728888,1.8577224959762688e-06,2.2155646363175006e-06,4.087622958426298e-10,0.637463250547003,0.637463250547003,-8.0,-0.1199229441069219,True,0,CONVERGENCE: RELATIVE REDUCTION OF F <= FACTR*EPSMCH,9734,220,1.5652123023587445e-07
triangle,matched,2.0,equivariant,3,1e-18,14,5.675182760767313e-10,1.5875598023410148e-10,1.2550656101803045e-05,1.3329273448267306e-05,1.1113708811949805e-05,0.001803944676729895,1.8577224959762688e-06,2.2155646363175006e-06,4.087622958426298e-10,0.766174654776102,0.766174654776102,-1.4842749840997482,-0.8521861800273112,True,0,CONVERGENCE: RELATIVE REDUCTION OF F <= FACTR*EPSMCH,4805,115,4.966020692981944e-09
triangle,matched,2.0,equivariant,3,1e-18,15,1.4627033094457857e-08,1.4218270798615227e-08,0.00011930032849505303,0.0001243907026517364,0.0001221751380154189,0.004086522618462933,1.8577224959762688e-06,2.2155646363175006e-06,4.087622958426298e-10,0.43059393936435764,0.43059393936435764,-8.0,-0.5418043353962364,True,0,CONVERGENCE: RELATIVE REDUCTION OF F <= FACTR*EPSMCH,13640,296,2.9963858023727217e-08
triangle,matched,2.0,equivariant,3,1e-18,16,1.1349923524705639e-09,7.262300566279341e-10,2.709787171540445e-05,2.882013419281258e-05,2.660456955649508e-05,0.0017647572890676256,1.8577224959762688e-06,2.2155646363175006e-06,4.087622958426298e-10,0.737254464580037,0.737254464580037,-2.9311896007234424,-0.5481268269049883,True,0,CONVERGENCE: RELATIVE REDUCTION OF F <= FACTR*EPSMCH,20026,469,1.6479970543132853e-07
triangle,matched,2.0,equivariant,3,1e-18,17,6.85974636160984e-10,2.772123403183542e-10,1.6939422252931047e-05,1.91499987724808e-05,1.69344341361633e-05,0.0024599499732555954,1.8577224959762688e-06,2.2155646363175006e-06,4.087622958426298e-10,0.43626745819062834,0.43626745819062834,-2.084297030716251,-0.4934706162695559,True,0,CONVERGENCE: RELATIVE REDUCTION OF F <= FACTR*EPSMCH,19437,450,9.502615282242673e-08
triangle,matched,2.0,equivariant,3,1e-18,18,3.898802033558195e-09,3.490039737715565e-09,5.91386902998775e-05,6.122732577810905e-05,5.9011761141791557e-05,0.0014160104867143152,1.8577224959762688e-06,2.2155646363175006e-06,4.087622958426298e-10,0.8214341808963401,0.8214341808963401,-2.7812642026680976,-0.8258693017932005,True,0,CONVERGENCE: RELATIVE REDUCTION OF F <= FACTR*EPSMCH,9951,239,1.5769340687865967e-08
triangle,matched,2.0,equivariant,3,1e-18,19,2.6140988025429955e-09,2.205336506700366e-09,4.707760123981724e-05,5.088285452092782e-05,4.866728988461032e-05,0.0028558617239811544,1.8577224959762688e-06,2.2155646363175006e-06,4.087622958426298e-10,0.49291518581930976,0.49291518581930976,-3.1732265210868937,-0.814670142973714,True,0,CONVERGENCE: RELATIVE REDUCTION OF F <= FACTR*EPSMCH,5828,134,4.75471442637086e-09
