target,preconditioner,decay_p,kind,n_layers,seed,coefficient_l2,coefficient_l2_sq,max_abs_residual,train_rmse,nested_rmse,train_objective,ceiling_train_rmse,ceiling_nested_rmse,ceiling_objective,nested_rmse_gap,objective_gap,max_abs_raw_mu,max_abs_decoder_mu,min_log_scale,max_log_scale,success,status_code,message,nfev,nit,gradient_inf_norm
triangle,p0,0.0,equivariant,1,0,0.0004126315129744611,1.7026476549959286e-07,0.0002931504712986327,0.00028844618838931265,0.00028918985794127713,8.360650957568175e-08,1.8577224959762688e-06,2.2155646363175006e-06,4.087622958426298e-10,0.00028697429330495965,8.319774727983913e-08,0.9968471928733342,0.9968471928733342,-7.4134843607669785,0.9512107200527541,True,0,CONVERGENCE: RELATIVE REDUCTION OF F <= FACTR*EPSMCH,14263,598,3.409397834487024e-06
triangle,p0,0.0,equivariant,1,1,5.4218703905823805e-09,2.9396678532273935e-17,3.1722907929535894e-09,1.8577278661851829e-06,2.2156014900588105e-06,4.0876231245388076e-10,1.8577224959762688e-06,2.2155646363175006e-06,4.087622958426298e-10,3.685374130985337e-11,1.661125096484538e-17,0.8887690453394528,0.8887690453394528,-2.868670115646924,-0.8502884468413431,True,0,CONVERGENCE: RELATIVE REDUCTION OF F <= FACTR*EPSMCH,1547,80,7.325980954666587e-11
triangle,p0,0.0,equivariant,1,2,3.7389924922107464e-08,1.3980064856808328e-15,2.652644007727044e-08,1.8579736425337222e-06,2.217272689877551e-06,4.0876322450530767e-10,1.8577224959762688e-06,2.2155646363175006e-06,4.087622958426298e-10,1.708053560050361e-09,9.286626778786803e-16,0.8775590621289504,0.8775590621289504,-4.736390966624012,-0.8862604821897861,True,0,CONVERGENCE: RELATIVE REDUCTION OF F <= FACTR*EPSMCH,2839,128,4.2468900985951826e-10
triangle,p0,0.0,equivariant,1,3,2.5844287029228787e-06,6.679271720491634e-12,1.925222035104176e-06,2.8447929080954606e-06,3.101918076764894e-06,4.1340400398105374e-10,1.8577224959762688e-06,2.2155646363175006e-06,4.087622958426298e-10,8.863534404473933e-07,4.641708138423945e-12,0.7059709897890263,0.7059709897890263,-6.706766140539389,-0.643052607245811,True,0,CONVERGENCE: RELATIVE REDUCTION OF F <= FACTR*EPSMCH,25449,1151,3.364021554075723e-09
triangle,p0,0.0,equivariant,1,4,0.00025675210800265674,6.59216449638079e-08,0.00023794160038601345,0.00020621973847033935,0.00020604364864875514,4.293189116522689e-08,1.8577224959762688e-06,2.2155646363175006e-06,4.087622958426298e-10,0.00020382808401243763,4.252312886938426e-08,0.9936290213049386,0.9936290213049386,-7.003840389857131,0.5746208554832414,True,0,CONVERGENCE: RELATIVE REDUCTION OF F <= FACTR*EPSMCH,29002,1247,1.9087389712294185e-06
triangle,p0,0.0,equivariant,1,5,2.7270395457936084e-07,7.43674468432221e-14,2.4035511084574235e-07,1.8697538053515332e-06,2.2339044935214047e-06,4.0880726409562935e-10,1.8577224959762688e-06,2.2155646363175006e-06,4.087622958426298e-10,1.8339857203904072e-08,4.496825299955497e-14,0.7673337192287056,0.7673337192287056,-6.555047868068852,-0.9492793898728479,True,0,CONVERGENCE: RELATIVE REDUCTION OF F <= FACTR*EPSMCH,7259,326,1.25236833128977e-08
triangle,p0,0.0,equivariant,1,6,0.0009292276406807328,8.634640082050809e-07,0.0008605944812320447,0.0005710348291900835,0.0005719564581809862,3.2648606968689463e-07,1.8577224959762688e-06,2.2155646363175006e-06,4.087622958426298e-10,0.0005697408935446687,3.26077307391052e-07,0.34085769935175453,0.34085769935175453,-8.0,0.7383939279087082,True,0,CONVERGENCE: RELATIVE REDUCTION OF F <= FACTR*EPSMCH,14586,638,9.465216821649627e-06
triangle,p0,0.0,equivariant,1,7,0.0007291246460572312,5.316227494880827e-07,0.0006285487362850681,0.0005903724749099074,0.0005904283976656527,3.489449647560975e-07,1.8577224959762688e-06,2.2155646363175006e-06,4.087622958426298e-10,0.0005882128330293352,3.485362024602549e-07,0.5631353248536434,0.5631353248536434,-7.118396568887777,1.379128475773551,True,0,CONVERGENCE: RELATIVE REDUCTION OF F <= FACTR*EPSMCH,3366,134,2.6971641704666745e-06
triangle,p0,0.0,equivariant,1,8,0.0003026533149413949,9.159902904501517e-08,0.00023600934549135565,0.00020619647489547146,0.00020588214457768726,4.2922295804112554e-08,1.8577224959762688e-06,2.2155646363175006e-06,4.087622958426298e-10,0.00020366657994136975,4.251353350826992e-08,0.991397698233259,0.991397698233259,-7.056112339384688,0.4261089774055061,True,0,CONVERGENCE: RELATIVE REDUCTION OF F <= FACTR*EPSMCH,57749,2505,1.2387027710090362e-06
triangle,p0,0.0,equivariant,1,9,0.0003220201145678265,1.036969541862761e-07,0.00029335458549957716,0.0001946821561438039,0.00019439781137666251,3.83064497476571e-08,1.8577224959762688e-06,2.2155646363175006e-06,4.087622958426298e-10,0.000192182246740345,3.789768745181447e-08,0.9194466978439335,0.9194466978439335,-6.9802120756958415,-0.28478827483810226,True,0,CONVERGENCE: RELATIVE REDUCTION OF F <= FACTR*EPSMCH,9503,431,7.258243871509807e-07
triangle,p0,0.0,equivariant,1,10,0.00026930126831582063,7.25231731165096e-08,0.00017257660471372267,0.0002045782112255036,0.0002049901767766976,4.2257545620871224e-08,1.8577224959762688e-06,2.2155646363175006e-06,4.087622958426298e-10,0.0002027746121403801,4.184878332502859e-08,0.9983020100841753,0.9983020100841753,-7.266220866642082,1.2351696270591206,True,0,CONVERGENCE: RELATIVE REDUCTION OF F <= FACTR*EPSMCH,21675,961,1.2201913883477404e-05
triangle,p0,0.0,equivariant,1,11,0.0009325593781257731,8.696669937303287e-07,0.0008706761188087709,0.0005582726623244533,0.0005596858287155637,3.1207366778116563e-07,1.8577224959762688e-06,2.2155646363175006e-06,4.087622958426298e-10,0.0005574702640792462,3.11664905485323e-07,0.1765184127415137,0.1765184127415137,-8.0,0.12592556303856314,True,0,CONVERGENCE: RELATIVE REDUCTION OF F <= FACTR*EPSMCH,16524,716,5.188686061913991e-07
triangle,p0,0.0,equivariant,1,12,3.121900270201257e-07,9.746261297082681e-14,2.0917325225820317e-07,1.8654826058427068e-06,2.2261410066606544e-06,4.0879114183114027e-10,1.8577224959762688e-06,2.2155646363175006e-06,4.087622958426298e-10,1.0576370343153793e-08,2.8845988510479e-14,0.8001527569108214,0.8001527569108214,-6.346566061418328,-0.5561526531884649,True,0,CONVERGENCE: RELATIVE REDUCTION OF F <= FACTR*EPSMCH,4454,202,1.1201157113037386e-08
triangle,p0,0.0,equivariant,1,13,0.0006338944694421646,4.018221983893634e-07,0.0005014343338996551,0.00048799199263853323,0.000488436751274266,2.385414924663903e-07,1.8577224959762688e-06,2.2155646363175006e-06,4.087622958426298e-10,0.0004862211866379485,2.3813273017054765e-07,0.9691997107063148,0.9691997107063148,-7.778986248840703,-0.8239210015345015,True,0,CONVERGENCE: RELATIVE REDUCTION OF F <= FACTR*EPSMCH,19822,880,1.41443777496394e-07
triangle,p0,0.0,equivariant,1,14,0.0009631752520953612,9.277065662489626e-07,0.0008676966010006425,0.0006616088767172146,0.0006626223747692832,4.3813160725552467e-07,1.8577224959762688e-06,2.2155646363175006e-06,4.087622958426298e-10,0.0006604068101329657,4.3772284495968205e-07,0.8147172141853204,0.8147172141853204,-8.0,0.1082053331960152,True,0,CONVERGENCE: RELATIVE REDUCTION OF F <= FACTR*EPSMCH,16830,724,1.0641009753834594e-06
triangle,p0,0.0,equivariant,1,15,5.2846979533378714e-05,2.7928032458013486e-09,4.4476594258359425e-05,4.2378966483528604e-05,4.2330435467619487e-05,2.2012885114974154e-09,1.8577224959762688e-06,2.2155646363175006e-06,4.087622958426298e-10,4.011487083130198e-05,1.7925262156547856e-09,0.6251840478685547,0.6251840478685547,-6.585853092735271,-0.5066603676925117,True,0,CONVERGENCE: RELATIVE REDUCTION OF F <= FACTR*EPSMCH,14229,635,2.4850137743457936e-07
triangle,p0,0.0,equivariant,1,16,0.0001908697419111921,3.643125837724508e-08,0.00013587708425502815,0.0001577946058246405,0.0001576996942473632,2.5304448303816567e-08,1.8577224959762688e-06,2.2155646363175006e-06,4.087622958426298e-10,0.0001554841296110457,2.4895686007973938e-08,0.7721658574968067,0.7721658574968067,-6.800396309237476,-0.7199374810630224,True,0,CONVERGENCE: RELATIVE REDUCTION OF F <= FACTR*EPSMCH,7973,357,3.644429885847632e-08
triangle,p0,0.0,equivariant,1,17,0.00023803080027525781,5.665866187967968e-08,0.00016337387609349053,0.00019442907519027147,0.00019449669596956245,3.820797085510752e-08,1.8577224959762688e-06,2.2155646363175006e-06,4.087622958426298e-10,0.00019228113133324494,3.7799208559264885e-08,0.996545359097552,0.996545359097552,-7.128166124365822,0.8801814510649386,True,0,CONVERGENCE: RELATIVE REDUCTION OF F <= FACTR*EPSMCH,12206,542,5.7172470471423e-06
triangle,p0,0.0,equivariant,1,18,0.0002944385321012916,8.669404918596332e-08,0.0002589304140322786,0.00021784940190824163,0.00021757103905260748,4.786367184540119e-08,1.8577224959762688e-06,2.2155646363175006e-06,4.087622958426298e-10,0.00021535547441628997,4.745490954955856e-08,0.8586264044375389,0.8586264044375389,-6.894579358000393,-0.7269504542294767,True,0,CONVERGENCE: RELATIVE REDUCTION OF F <= FACTR*EPSMCH,9911,450,6.01461185311476e-08
triangle,p0,0.0,equivariant,1,19,0.0002731476067009909,7.460961504647921e-08,0.00020730456872235096,0.0001999079208906426,0.00019964106170077618,4.036848502460121e-08,1.8577224959762688e-06,2.2155646363175006e-06,4.087622958426298e-10,0.00019742549706445867,3.995972272875858e-08,0.8583977497703208,0.8583977497703208,-6.904141450918532,-0.4997123611967085,True,0,CONVERGENCE: RELATIVE REDUCTION OF F <= FACTR*EPSMCH,10064,465,3.488881839729477e-07
triangle,p0,0.0,equivariant,1,20,7.762895631917475e-09,6.02625485920434e-17,5.435996152447834e-09,1.8577299769933553e-06,2.2153628321038194e-06,4.087623225918992e-10,1.8577224959762688e-06,2.2155646363175006e-06,4.087622958426298e-10,-2.0180421368120788e-10,2.6749269403319046e-17,0.8662982649117907,0.8662982649117907,-3.3495556866563705,-1.210392296119314,True,0,CONVERGENCE: RELATIVE REDUCTION OF F <= FACTR*EPSMCH,1615,80,3.7575482726186387e-10
triangle,p0,0.0,equivariant,1,21,1.0672166159838761e-07,1.138951305432076e-14,8.454133521316803e-08,1.8594466617481998e-06,2.218867294442809e-06,4.087686911293238e-10,1.8577224959762688e-06,2.2155646363175006e-06,4.087622958426298e-10,3.302658125308509e-09,6.39528669402938e-15,0.8946809138934706,0.8946809138934706,-5.728836543187999,-0.6115492064275869,True,0,CONVERGENCE: RELATIVE REDUCTION OF F <= FACTR*EPSMCH,5559,245,3.837269912765529e-09
triangle,p0,0.0,equivariant,1,22,2.6975414223586155e-07,7.276729725340543e-14,2.128108698655739e-07,1.8689536528819434e-06,2.227926324427525e-06,4.0880414247921246e-10,1.8577224959762688e-06,2.2155646363175006e-06,4.087622958426298e-10,1.2361688110024519e-08,4.1846636582663916e-14,0.847390572712684,0.847390572712684,-6.114684560284104,-0.6015393335636878,True,0,CONVERGENCE: RELATIVE REDUCTION OF F <= FACTR*EPSMCH,19601,915,1.0663684448891854e-08
triangle,p0,0.0,equivariant,1,23,4.3627306634487574e-09,1.903341884179604e-17,2.5698113741146056e-09,1.8577253887898724e-06,2.2155729049947855e-06,4.0876230487120764e-10,1.8577224959762688e-06,2.2155646363175006e-06,4.087622958426298e-10,8.268677284925974e-12,9.028577848125827e-18,0.8889543586159953,0.8889543586159953,-1.9771453081478718,-1.057030950962821,True,0,CONVERGENCE: RELATIVE REDUCTION OF F <= FACTR*EPSMCH,1071,54,8.635761744550613e-10
triangle,p0,0.0,equivariant,1,24,0.00020296097856143015,4.119315881861331e-08,0.0001474226764792856,0.00016759395265263119,0.00016747380016060627,2.8493043424791906e-08,1.8577224959762688e-06,2.2155646363175006e-06,4.087622958426298e-10,0.00016525823552428876,2.8084281128949277e-08,0.949472608974566,0.949472608974566,-7.00264167583641,-0.44911158633287884,True,0,CONVERGENCE: RELATIVE REDUCTION OF F <= FACTR*EPSMCH,31025,1369,1.2578334853715846e-07
triangle,p0,0.0,equivariant,1,25,0.00020900762043349124,4.3684185399270346e-08,0.00017009385739743003,0.0001717988625024466,0.0001717021609725189,2.9920159835726375e-08,1.8577224959762688e-06,2.2155646363175006e-06,4.087622958426298e-10,0.0001694865963362014,2.9511397539883745e-08,0.9707788866779412,0.9707788866779412,-7.022228206734254,-0.12546049993434266,True,0,CONVERGENCE: RELATIVE REDUCTION OF F <= FACTR*EPSMCH,26537,1181,1.8431293445714886e-07
triangle,p0,0.0,equivariant,1,26,0.000340526052673949,1.1595799254970107e-07,0.0003204671161430255,0.00022881384466689819,0.00022852374407336543,5.276108490892632e-08,1.8577224959762688e-06,2.2155646363175006e-06,4.087622958426298e-10,0.00022630817943704792,5.2352322613083686e-08,0.9448427771384875,0.9448427771384875,-6.996386776876984,-0.02010116471698612,True,0,CONVERGENCE: RELATIVE REDUCTION OF F <= FACTR*EPSMCH,15300,669,2.891566205740625e-07
triangle,p0,0.0,equivariant,1,27,0.00024127341246613416,5.8212859563053304e-08,0.00022590543007376793,0.00019078449897205096,0.00019067441979008794,3.68040350936391e-08,1.8577224959762688e-06,2.2155646363175006e-06,4.087622958426298e-10,0.00018845885515377043,3.639527279779647e-08,0.9899200388579193,0.9899200388579193,-7.026077637276329,0.34621052985468714,True,0,CONVERGENCE: RELATIVE REDUCTION OF F <= FACTR*EPSMCH,28577,1280,5.043493377450759e-07
triangle,p0,0.0,equivariant,1,28,0.0006672842553022538,4.4526827737428344e-07,0.0004545625943421281,0.00042481583640305195,0.00042620359719009056,1.8087380119653309e-07,1.8577224959762688e-06,2.2155646363175006e-06,4.087622958426298e-10,0.0004239880325537731,1.8046503890069045e-07,0.6149462956484152,0.6149462956484152,-7.313748050314692,0.43653095064560504,True,0,CONVERGENCE: RELATIVE REDUCTION OF F <= FACTR*EPSMCH,10302,451,1.0895647394024135e-06
triangle,p0,0.0,equivariant,1,29,1.020532728408916e-07,1.0414870497537464e-14,7.262470199759187e-08,1.859167473394307e-06,2.21797349186895e-06,4.0876765803276773e-10,1.8577224959762688e-06,2.2155646363175006e-06,4.087622958426298e-10,2.4088555514495858e-09,5.3621901379390934e-15,0.8784961602560359,0.8784961602560359,-5.954340047869695,-0.9849700835672911,True,0,CONVERGENCE: RELATIVE REDUCTION OF F <= FACTR*EPSMCH,26112,1186,7.1561948564910994e-09
triangle,p0,0.0,equivariant,1,30,3.189144220317244e-05,1.0170640857982883e-09,2.4645144258062532e-05,2.296137205685229e-05,2.319201960214419e-05,9.3253645283496e-10,1.8577224959762688e-06,2.2155646363175006e-06,4.087622958426298e-10,2.0976454965826688e-05,5.237741569923302e-10,0.1562106293884574,0.1562106293884574,-4.469671154448308,0.2481456626856126,True,0,CONVERGENCE: RELATIVE REDUCTION OF F <= FACTR*EPSMCH,7973,355,1.7343474038886722e-07
triangle,p0,0.0,equivariant,1,31,1.6203745473441018e-05,2.625613673680603e-10,1.2591652698903689e-05,1.1961723070227841e-05,1.2023284638601326e-05,5.483941870963808e-10,1.8577224959762688e-06,2.2155646363175006e-06,4.087622958426298e-10,9.807720002283825e-06,1.3963189125375104e-10,0.6279170758460364,0.6279170758460364,-6.58633719988629,-0.6778363513962917,True,0,CONVERGENCE: RELATIVE REDUCTION OF F <= FACTR*EPSMCH,7021,303,1.407774704394794e-07
triangle,p0,0.0,equivariant,1,32,6.446235030096054e-08,4.155394606323749e-15,4.66411098098995e-08,1.8584118097040521e-06,2.214746906615149e-06,4.0876489631760786e-10,1.8577224959762688e-06,2.2155646363175006e-06,4.087622958426298e-10,-8.177297023515646e-10,2.6004749780694958e-15,0.737574047577949,0.737574047577949,-2.6300414435000383,-0.8831592142701483,True,0,CONVERGENCE: RELATIVE REDUCTION OF F <= FACTR*EPSMCH,1411,63,4.324082470537877e-09
triangle,p0,0.0,equivariant,1,33,0.0002574349251000863,6.627274066128705e-08,0.0002512102532979643,0.00019648081074860634,0.00019635405084449773,3.901001951624021e-08,1.8577224959762688e-06,2.2155646363175006e-06,4.087622958426298e-10,0.00019413848620818022,3.860125722039758e-08,0.9677072741459096,0.9677072741459096,-6.9956214278429005,-0.20403126053980977,True,0,CONVERGENCE: RELATIVE REDUCTION OF F <= FACTR*EPSMCH,6919,307,1.2389688568863966e-07
triangle,p0,0.0,equivariant,1,34,2.3803280381552722e-08,5.665961569228126e-16,1.8335402684371057e-08,1.8578214049964235e-06,2.216505998480562e-06,4.087626597673821e-10,1.8577224959762688e-06,2.2155646363175006e-06,4.087622958426298e-10,9.413621630612253e-10,3.6392475228773423e-16,0.8390597696614515,0.8390597696614515,-3.1585623385826143,-1.2198415915475218,True,0,CONVERGENCE: RELATIVE REDUCTION OF F <= FACTR*EPSMCH,1717,89,3.880989713392882e-11
triangle,p0,0.0,equivariant,1,35,9.76036136988618e-07,9.526465407076642e-13,9.585224069037735e-07,1.9921459991379123e-06,2.315267414118018e-06,4.092797851146174e-10,1.8577224959762688e-06,2.2155646363175006e-06,4.087622958426298e-10,9.970277780051759e-08,5.1748927198759e-13,0.7885232395241273,0.7885232395241273,-6.486347443715621,-0.8835867984498105,True,0,CONVERGENCE: RELATIVE REDUCTION OF F <= FACTR*EPSMCH,13600,618,1.322088513900546e-08
triangle,p0,0.0,equivariant,1,36,0.0001989217053678698,3.956984486646159e-08,0.00014867983704178482,0.00016474167675242026,0.00016461828107758834,2.7545130944097978e-08,1.8577224959762688e-06,2.2155646363175006e-06,4.087622958426298e-10,0.00016240271644127083,2.713636864825535e-08,0.9085632685722317,0.9085632685722317,-6.953158850722629,-0.5875523389901254,True,0,CONVERGENCE: RELATIVE REDUCTION OF F <= FACTR*EPSMCH,18394,829,6.916349634654378e-08
triangle,p0,0.0,equivariant,1,37,0.00022557090257782405,5.088223208977419e-08,0.00019621117299830818,0.000183002985600797,0.00018291105536190954,3.3895402970740285e-08,1.8577224959762688e-06,2.2155646363175006e-06,4.087622958426298e-10,0.00018069549072559203,3.348664067489765e-08,0.9721692153224686,0.9721692153224686,-7.018954424962861,-0.15561830347823433,True,0,CONVERGENCE: RELATIVE REDUCTION OF F <= FACTR*EPSMCH,12189,567,2.515364460865153e-07
triangle,p0,0.0,equivariant,1,38,2.4104950313887375e-07,5.810486296349792e-14,1.595561712207415e-07,1.861538069491308e-06,2.2145966084419622e-06,4.087763859108144e-10,1.8577224959762688e-06,2.2155646363175006e-06,4.087622958426298e-10,-9.680278755383897e-10,1.4090068184605323e-14,0.917507176588134,0.917507176588134,-5.732135915943181,-1.1278135243434169,True,0,CONVERGENCE: RELATIVE REDUCTION OF F <= FACTR*EPSMCH,7667,349,1.8804027104233813e-08
triangle,p0,0.0,equivariant,1,39,0.00020777904606045819,4.3172131981794e-08,0.00015300891040453748,0.0001724971236496243,0.0001723304346620394,3.016056795775704e-08,1.8577224959762688e-06,2.2155646363175006e-06,4.087622958426298e-10,0.0001701148700257219,2.975180566191441e-08,0.9853734063541424,0.9853734063541424,-7.021156838420919,0.16163428017991807,True,0,CONVERGENCE: RELATIVE REDUCTION OF F <= FACTR*EPSMCH,10302,448,4.5125635899869907e-07
triangle,p0,0.0,equivariant,3,0,2.1243290168656146e-07,4.512773771897229e-14,1.5617718574528652e-07,1.8650134582133969e-06,2.2178632761294908e-06,4.087894488091061e-10,1.8577224959762688e-06,2.2155646363175006e-06,4.087622958426298e-10,2.2986398119901358e-09,2.7152966476285916e-14,0.7747681573121257,0.7747681573121257,-4.491685604116823,-0.9449512191324877,True,0,CONVERGENCE: RELATIVE REDUCTION OF F <= FACTR*EPSMCH,3751,98,1.5209416877659965e-09
triangle,p0,0.0,equivariant,3,1,0.15484441791671555,0.02397679375996646,0.12600349650316986,0.11717933406078736,0.1173377307004605,0.013730996496478088,1.8577224959762688e-06,2.2155646363175006e-06,4.087622958426298e-10,0.11733551513582417,0.013730996087715792,0.999999984271291,0.999999984271291,-2.600946378217317,0.747440101232546,True,0,CONVERGENCE: RELATIVE REDUCTION OF F <= FACTR*EPSMCH,4123,99,1.895705826068552e-05
triangle,p0,0.0,equivariant,3,2,2.8058527784187925e-08,7.872809814160458e-16,2.642182219562484e-08,1.8578415722713663e-06,2.215773429511269e-06,4.08762740871402e-10,1.8577224959762688e-06,2.2155646363175006e-06,4.087622958426298e-10,2.0879319376856953e-10,4.450287722029141e-16,0.6581893783333148,0.6581893783333148,-2.50020072781022,-1.1901418135376909,True,0,CONVERGENCE: RELATIVE REDUCTION OF F <= FACTR*EPSMCH,2325,53,8.977868138057792e-10
triangle,p0,0.0,equivariant,3,3,2.2642380208302273e-08,5.126773814973185e-16,1.4861278644273581e-08,1.8577680759322122e-06,2.2155103550377702e-06,4.0876245047440085e-10,1.8577224959762688e-06,2.2155646363175006e-06,4.087622958426298e-10,-5.4281279730376196e-11,1.5463177105613525e-16,0.9064039438616855,0.9064039438616855,-2.548582531470789,-0.7494215996810771,True,0,CONVERGENCE: RELATIVE REDUCTION OF F <= FACTR*EPSMCH,1829,54,2.6047359574268984e-09
triangle,p0,0.0,equivariant,3,4,4.377572501333294e-05,1.916314100442943e-09,3.699482737766763e-05,3.1981008533147344e-05,3.2056409142622234e-05,1.4280954882600136e-09,1.8577224959762688e-06,2.2155646363175006e-06,4.087622958426298e-10,2.9840844506304733e-05,1.0193331924173838e-09,0.5983009564842579,0.5983009564842579,-6.537703974064409,-0.5347193393595301,True,0,CONVERGENCE: RELATIVE REDUCTION OF F <= FACTR*EPSMCH,31310,804,1.5960983924075361e-07
triangle,p0,0.0,equivariant,3,5,4.772156409151691e-08,2.2773476793407563e-15,4.0006243337423544e-08,1.8580713782331236e-06,2.215012353992681e-06,4.0876358874061065e-10,1.8577224959762688e-06,2.2155646363175006e-06,4.087622958426298e-10,-5.522823248197259e-10,1.292897980858532e-15,0.6625672096518151,0.6625672096518151,-2.5893609663411277,-1.0432888062155081,True,0,CONVERGENCE: RELATIVE REDUCTION OF F <= FACTR*EPSMCH,3131,80,1.2920410136458295e-09
triangle,p0,0.0,equivariant,3,6,2.23585484535794e-08,4.999046889510578e-16,1.6746737835745184e-08,1.857799933187198e-06,2.2149247292815825e-06,4.087626111264299e-10,1.8577224959762688e-06,2.2155646363175006e-06,4.087622958426298e-10,-6.399070359180793e-10,3.1528380009205294e-16,0.8389563934906155,0.8389563934906155,-3.1774701600936384,-0.9112303992105164,True,0,CONVERGENCE: RELATIVE REDUCTION OF F <= FACTR*EPSMCH,2511,56,3.1737722344591476e-09
triangle,p0,0.0,equivariant,3,7,2.4905538168494278e-09,6.202858314623253e-18,1.5272339010303539e-09,1.857724155219937e-06,2.2155941059734383e-06,4.087622981347305e-10,1.8577224959762688e-06,2.2155646363175006e-06,4.087622958426298e-10,2.9469655937722255e-11,2.2921007269770355e-18,0.876167796319551,0.876167796319551,-1.9241747298051404,-0.9716727534991731,True,0,CONVERGENCE: RELATIVE REDUCTION OF F <= FACTR*EPSMCH,1519,44,7.074737993657933e-10
triangle,p0,0.0,equivariant,3,8,5.575382604046725e-09,3.108489118150685e-17,3.1246031734211144e-09,1.8577284644106724e-06,2.215647305127636e-06,4.08762313803167e-10,1.8577224959762688e-06,2.2155646363175006e-06,4.087622958426298e-10,8.266881013537303e-11,1.7960537226693915e-17,0.7139500190758461,0.7139500190758461,-2.0325099193197076,-0.6118833580007834,True,0,CONVERGENCE: RELATIVE REDUCTION OF F <= FACTR*EPSMCH,2325,65,1.318333331570889e-09
triangle,p0,0.0,equivariant,3,9,2.9482740430139397e-07,8.692319832709762e-14,1.6247114149309764e-07,1.8705587924260855e-06,2.2250906751298186e-06,4.0881006035790375e-10,1.8577224959762688e-06,2.2155646363175006e-06,4.087622958426298e-10,9.526038812318024e-09,4.776451527395581e-14,0.48282011463816016,0.48282011463816016,-4.795349128189416,-0.8080981810616488,True,0,CONVERGENCE: RELATIVE REDUCTION OF F <= FACTR*EPSMCH,5022,134,2.5723355195019766e-08
triangle,p0,0.0,equivariant,3,10,4.252984170882677e-07,1.8087874357778615e-13,3.0614082774187666e-07,1.8867001556613245e-06,2.246918260078485e-06,4.08870835652073e-10,1.8577224959762688e-06,2.2155646363175006e-06,4.087622958426298e-10,3.135362376098439e-08,1.0853980944320105e-13,0.5592800536313081,0.5592800536313081,-4.2360612308790815,-0.7540711638763298,True,0,CONVERGENCE: RELATIVE REDUCTION OF F <= FACTR*EPSMCH,5642,151,3.8089619978162315e-09
triangle,p0,0.0,equivariant,3,11,9.141514265711722e-06,8.356728307021091e-11,5.90275770282286e-06,6.9941673120355e-06,7.030918760904501e-06,4.542294373309353e-10,1.8577224959762688e-06,2.2155646363175006e-06,4.087622958426298e-10,4.815354124587e-06,4.546714148830552e-11,0.6699091343204482,0.6699091343204482,-6.653342943292992,-0.6441745713271472,True,0,CONVERGENCE: RELATIVE REDUCTION OF F <= FACTR*EPSMCH,51832,1275,2.112284503828915e-08
triangle,p0,0.0,equivariant,3,12,5.454941008681799e-09,2.97563814081984e-17,3.4484921975289073e-09,1.8577276119083407e-06,2.215666911993406e-06,4.0876230794739866e-10,1.8577224959762688e-06,2.2155646363175006e-06,4.087622958426298e-10,1.0227567590529422e-10,1.2104768868006165e-17,0.9020741308987628,0.9020741308987628,-2.4265505826303775,-0.8084180535136498,True,0,CONVERGENCE: RELATIVE REDUCTION OF F <= FACTR*EPSMCH,1767,44,5.219598750177112e-10
triangle,p0,0.0,equivariant,3,13,2.63834540650329e-08,6.960866484017011e-16,2.244969965150721e-08,1.8577811875320115e-06,2.216592417384845e-06,4.087625056742956e-10,1.8577224959762688e-06,2.2155646363175006e-06,4.087622958426298e-10,1.0277810673445728e-09,2.0983166580341795e-16,0.5352745354681216,0.5352745354681216,-3.6552764756425846,-0.6853454642527468,True,0,CONVERGENCE: RELATIVE REDUCTION OF F <= FACTR*EPSMCH,3007,87,1.4983930947450307e-09
triangle,p0,0.0,equivariant,3,14,2.5987577079832354e-09,6.753541624802278e-18,1.6656835755525859e-09,1.8577240316117508e-06,2.2156423709619077e-06,4.0876229764488734e-10,1.8577224959762688e-06,2.2155646363175006e-06,4.087622958426298e-10,7.773464440712555e-11,1.802257551414145e-18,0.7764049959298108,0.7764049959298108,-1.6669964653032714,-0.8521861800273112,True,0,CONVERGENCE: RELATIVE REDUCTION OF F <= FACTR*EPSMCH,1240,36,3.329036217582172e-10
triangle,p0,0.0,equivariant,3,15,1.2130136054555824e-08,1.4714020070203515e-16,8.340085217112356e-09,1.8577443533102663e-06,2.21592299434034e-06,4.0876237540836183e-10,1.8577224959762688e-06,2.2155646363175006e-06,4.087622958426298e-10,3.5835802283935397e-10,7.956573203404847e-17,0.8981788780223469,0.8981788780223469,-3.921659910614899,-0.980556512240459,True,0,CONVERGENCE: RELATIVE REDUCTION OF F <= FACTR*EPSMCH,3286,85,2.370784634572129e-10
triangle,p0,0.0,equivariant,3,16,6.653743733771331e-09,4.4272305674701245e-17,4.433151176800329e-09,1.857731785202947e-06,2.21580010753283e-06,4.087623261276821e-10,1.8577224959762688e-06,2.2155646363175006e-06,4.087622958426298e-10,2.3547121532937045e-10,3.02850523112915e-17,0.8833934373737569,0.8833934373737569,-3.204755462742733,-0.7747541191392427,True,0,CONVERGENCE: RELATIVE REDUCTION OF F <= FACTR*EPSMCH,2759,73,6.444895977865777e-10
triangle,p0,0.0,equivariant,3,17,3.286630508766225e-05,1.0801940101152937e-09,2.0418321553759876e-05,2.5973910081805174e-05,2.59175652271953e-05,1.0799543593250684e-09,1.8577224959762688e-06,2.2155646363175006e-06,4.087622958426298e-10,2.3702000590877798e-05,6.711920634824386e-10,0.19010509580224422,0.19010509580224422,-4.491193698359878,0.051773045794084954,True,0,CONVERGENCE: RELATIVE REDUCTION OF F <= FACTR*EPSMCH,7254,182,4.4682466874196515e-07
triangle,p0,0.0,equivariant,3,18,8.9894968502622e-09,8.081105362087403e-17,8.257811125181248e-09,1.857731464836708e-06,2.2155756302808447e-06,4.087623288600563e-10,1.8577224959762688e-06,2.2155646363175006e-06,4.087622958426298e-10,1.099396334408405e-11,3.3017426485046e-17,0.5302311716113127,0.5302311716113127,-2.813368874847914,-0.8258693017932005,True,0,CONVERGENCE: RELATIVE REDUCTION OF F <= FACTR*EPSMCH,2294,65,1.3087016775166252e-09
triangle,p0,0.0,equivariant,3,19,3.973493432367141e-07,1.5788650057064804e-13,3.112582488082609e-07,1.8766602323689355e-06,2.229323104009878e-06,4.088329208641698e-10,1.8577224959762688e-06,2.2155646363175006e-06,4.087622958426298e-10,1.375846769237742e-08,7.06250215400142e-14,0.5045111489918205,0.5045111489918205,-2.7231063250053564,-0.9242391757873251,True,0,CONVERGENCE: RELATIVE REDUCTION OF F <= FACTR*EPSMCH,4247,105,1.9471425362438234e-08
triangle,p0,0.0,equivariant,3,20,4.814947874897707e-09,2.318372303798194e-17,2.5549034177348162e-09,1.8577263212624221e-06,2.21541557467034e-06,4.087623103800816e-10,1.8577224959762688e-06,2.2155646363175006e-06,4.087622958426298e-10,-1.490616471604817e-10,1.4537451783519943e-17,0.7566116172421401,0.7566116172421401,-2.153260836408283,-0.9708620900617525,True,0,CONVERGENCE: RELATIVE REDUCTION OF F <= FACTR*EPSMCH,1674,48,8.851103758695234e-10
triangle,p0,0.0,equivariant,3,21,3.2782459435578987e-09,1.0746896466453817e-17,2.0996573256090723e-09,1.85772476563083e-06,2.2155351529744236e-06,4.0876230264269446e-10,1.8577224959762688e-06,2.2155646363175006e-06,4.087622958426298e-10,-2.948334307704837e-11,6.8000646661848504e-18,0.7917670032769056,0.7917670032769056,-2.3691222464862896,-0.8822243601473927,True,0,CONVERGENCE: RELATIVE REDUCTION OF F <= FACTR*EPSMCH,1395,38,3.5421829442527134e-10
triangle,p0,0.0,equivariant,3,22,4.865499496162774e-09,2.3673085347160207e-17,2.1912321544921565e-09,1.8577276626974334e-06,2.2154814723233577e-06,4.0876230810304014e-10,1.8577224959762688e-06,2.2155646363175006e-06,4.087622958426298e-10,-8.316399414290033e-11,1.226041034488353e-17,0.7585282149023382,0.7585282149023382,-2.1339762555681183,-1.224481634815728,True,0,CONVERGENCE: RELATIVE REDUCTION OF F <= FACTR*EPSMCH,1674,48,3.80826528121849e-10
triangle,p0,0.0,equivariant,3,23,4.190833886561509e-09,1.756308866475224e-17,3.4485852336898224e-09,1.8577242946719752e-06,2.2155633119660513e-06,4.0876230523402984e-10,1.8577224959762688e-06,2.2155646363175006e-06,4.087622958426298e-10,-1.3243514493605293e-12,9.391400047704475e-18,0.898885343013207,0.898885343013207,-2.010719639257293,-0.6724935669128672,True,0,CONVERGENCE: RELATIVE REDUCTION OF F <= FACTR*EPSMCH,2046,48,6.764570435884331e-10
triangle,p0,0.0,equivariant,3,24,2.0306717991721732e-08,4.1236279559531506e-16,1.6926449756681124e-08,1.857767483508945e-06,2.21561188946135e-06,4.0876246947907715e-10,1.8577224959762688e-06,2.2155646363175006e-06,4.087622958426298e-10,4.725314384926776e-11,1.7363644735821295e-16,0.8166357865444666,0.8166357865444666,-3.4425789600918164,-1.3423975376941872,True,0,CONVERGENCE: RELATIVE REDUCTION OF F <= FACTR*EPSMCH,3348,89,3.0761447357229354e-09
triangle,p0,0.0,equivariant,3,25,0.00021731158766539793,4.7224326133655934e-08,0.00016735929047350233,0.0001792432480460304,0.00017915833431319603,3.2533455908060063e-08,1.8577224959762688e-06,2.2155646363175006e-06,4.087622958426298e-10,0.00017694276967687852,3.212469361221743e-08,0.9377344671158816,0.9377344671158816,-6.9955153098104015,0.7703543302166805,True,0,CONVERGENCE: RELATIVE REDUCTION OF F <= FACTR*EPSMCH,32488,786,3.119935903532246e-06
triangle,p0,0.0,equivariant,3,26,6.538132801021735e-09,4.2747180523796314e-17,4.453202212339287e-09,1.8577285999176756e-06,2.2154602413623674e-06,4.087623155877828e-10,1.8577224959762688e-06,2.2155646363175006e-06,4.087622958426298e-10,-1.0439495513326266e-10,1.9745153031895047e-17,0.8855536085430558,0.8855536085430558,-2.9901223710796794,-0.4645346355008423,True,0,CONVERGENCE: RELATIVE REDUCTION OF F <= FACTR*EPSMCH,2263,66,5.304999364813317e-10
triangle,p0,0.0,equivariant,3,27,7.666720674519135e-09,5.877860590109913e-17,5.899491291614994e-09,1.857733374496822e-06,2.215706304653947e-06,4.0876233028566313e-10,1.8577224959762688e-06,2.2155646363175006e-06,4.087622958426298e-10,1.4166833644631963e-10,3.4443033341593565e-17,0.8133513327158783,0.8133513327158783,-2.214341102360216,-1.0426167320581747,True,0,CONVERGENCE: RELATIVE REDUCTION OF F <= FACTR*EPSMCH,2418,58,4.5641186451514184e-10
triangle,p0,0.0,equivariant,3,28,2.737527859052527e-08,7.494058779088712e-16,2.0751583134530956e-08,1.8578432771196675e-06,2.216081056146609e-06,4.0876274627874106e-10,1.8577224959762688e-06,2.2155646363175006e-06,4.087622958426298e-10,5.164198291082352e-10,4.50436111269081e-16,0.7653971694846962,0.7653971694846962,-2.503775814867731,-0.6496776853389681,True,0,CONVERGENCE: RELATIVE REDUCTION OF F <= FACTR*EPSMCH,2728,65,5.628391143440021e-10
triangle,p0,0.0,equivariant,3,29,8.809332818645237e-09,7.760434470966002e-17,5.606027378424194e-09,1.857735598739761e-06,2.215409569579087e-06,4.087623459472546e-10,1.8577224959762688e-06,2.2155646363175006e-06,4.087622958426298e-10,-1.5506673841353657e-10,5.010462481834399e-17,0.8066995671534808,0.8066995671534808,-1.4956453411575266,-0.3135534141057753,True,0,CONVERGENCE: RELATIVE REDUCTION OF F <= FACTR*EPSMCH,1953,45,1.1056317653836546e-09
triangle,p0,0.0,equivariant,3,30,1.26982693429011e-07,1.6124604430486195e-14,1.1903326229972409e-07,1.859182229408674e-06,2.216103554235679e-06,4.087677425878409e-10,1.8577224959762688e-06,2.2155646363175006e-06,4.087622958426298e-10,5.389179181784927e-10,5.446745211101138e-15,0.8010004607956215,0.8010004607956215,-6.327866709112571,-1.1320759806273366,True,0,CONVERGENCE: RELATIVE REDUCTION OF F <= FACTR*EPSMCH,23870,601,7.787190119548794e-09
triangle,p0,0.0,equivariant,3,31,5.221238510171971e-09,2.7261331580102817e-17,3.893192992271942e-09,1.857724896213245e-06,2.215566939824023e-06,4.087623102007259e-10,1.8577224959762688e-06,2.2155646363175006e-06,4.087622958426298e-10,2.303506522303994e-12,1.4358096124155237e-17,0.817894585570607,0.817894585570607,-1.6778140580987937,-0.7861749310307725,True,0,CONVERGENCE: RELATIVE REDUCTION OF F <= FACTR*EPSMCH,1581,34,1.1278216900111138e-09
triangle,p0,0.0,equivariant,3,32,6.625364710332928e-09,4.389545754492492e-17,4.974329831397041e-09,1.8577276763026716e-06,2.2158464371594262e-06,4.087623180993022e-10,1.8577224959762688e-06,2.2155646363175006e-06,4.087622958426298e-10,2.8180084192562106e-10,2.2256672411940935e-17,0.836067662639701,0.836067662639701,-2.871832038240047,-0.8643298855619977,True,0,CONVERGENCE: RELATIVE REDUCTION OF F <= FACTR*EPSMCH,3813,90,6.965842859322336e-10
triangle,p0,0.0,equivariant,3,33,3.748697647162115e-09,1.405273404983878e-17,2.799983328527489e-09,1.8577279034714515e-06,2.215680878206064e-06,4.0876230511015996e-10,1.8577224959762688e-06,2.2155646363175006e-06,4.087622958426298e-10,1.162418885635549e-10,9.267530164564965e-18,0.7633331366879356,0.7633331366879356,-1.5300984064964538,-0.5146913834151323,True,0,CONVERGENCE: RELATIVE REDUCTION OF F <= FACTR*EPSMCH,3224,90,6.755284217343925e-10
triangle,p0,0.0,equivariant,3,34,3.664960204706897e-09,1.3431933302085219e-17,1.9613399892105896e-09,1.8577255733668524e-06,2.215570192169796e-06,4.087623022651558e-10,1.8577224959762688e-06,2.2155646363175006e-06,4.087622958426298e-10,5.555852295490772e-12,6.4225259929306946e-18,0.7369496548735155,0.7369496548735155,-1.7270011458656838,-0.7272353472960768,True,0,CONVERGENCE: RELATIVE REDUCTION OF F <= FACTR*EPSMCH,1705,51,9.81656748767701e-10
triangle,p0,0.0,equivariant,3,35,3.3902535204643895e-09,1.1493818933021185e-17,2.368977672394853e-09,1.8577253589511815e-06,2.215591356769275e-06,4.087623023918628e-10,1.8577224959762688e-06,2.2155646363175006e-06,4.087622958426298e-10,2.672045177428114e-11,6.5492330021736845e-18,0.8883670301068163,0.8883670301068163,-1.7744234770018408,-1.0984486800592406,True,0,CONVERGENCE: RELATIVE REDUCTION OF F <= FACTR*EPSMCH,2201,51,1.0342531922526124e-10
triangle,p0,0.0,equivariant,3,36,1.9499995400447833e-08,3.8024982061748664e-16,1.470228423218218e-08,1.8577539667862214e-06,2.2154819668457952e-06,4.0876241680017533e-10,1.8577224959762688e-06,2.2155646363175006e-06,4.087622958426298e-10,-8.266947170537428e-11,1.2095754553543534e-16,0.8661491020494282,0.8661491020494282,-2.1393454595151353,-0.8526272827935892,True,0,CONVERGENCE: RELATIVE REDUCTION OF F <= FACTR*EPSMCH,1767,45,8.182281113887576e-10
triangle,p0,0.0,equivariant,3,37,4.039788542905792e-09,1.6319891471392898e-17,2.8386253067081216e-09,1.857724766483648e-06,2.215543527009058e-06,4.0876230104753827e-10,1.8577224959762688e-06,2.2155646363175006e-06,4.087622958426298e-10,-2.1109308442622982e-11,5.204908479831972e-18,0.8244318807277564,0.8244318807277564,-2.026476220981188,-0.5285988927373564,True,0,CONVERGENCE: RELATIVE REDUCTION OF F <= FACTR*EPSMCH,1829,42,2.738776637699211e-10
triangle,p0,0.0,equivariant,3,38,9.174774360661848e-09,8.417648456905802e-17,5.563260356241436e-09,1.8577374525570423e-06,2.2154348030169734e-06,4.087623414656773e-10,1.8577224959762688e-06,2.2155646363175006e-06,4.087622958426298e-10,-1.2983330052720188e-10,4.562304752708631e-17,0.881630950256584,0.881630950256584,-1.8113345942609786,-0.665855420531856,True,0,CONVERGENCE: RELATIVE REDUCTION OF F <= FACTR*EPSMCH,1736,49,1.7957285085404257e-09
triangle,p0,0.0,equivariant,3,39,1.0803425606328666e-07,1.1671400483147791e-14,6.465601925669017e-08,1.8591580489401024e-06,2.217043168891048e-06,4.0876779668458953e-10,1.8577224959762688e-06,2.2155646363175006e-06,4.087622958426298e-10,1.4785325735475609e-09,5.500841959740643e-15,0.8784936394141205,0.8784936394141205,-5.483218610533853,-1.0283290682369022,True,0,CONVERGENCE: RELATIVE REDUCTION OF F <= FACTR*EPSMCH,7843,193,1.6912558511763624e-08
triangle,matched,2.0,equivariant,1,0,0.00010397455734782431,1.0810708575676006e-08,9.68771356337888e-05,8.268450301467707e-05,8.258471482332965e-05,7.242037661645152e-09,1.8577224959762688e-06,2.2155646363175006e-06,4.087622958426298e-10,8.036915018701215e-05,6.833275365802522e-09,0.8215969250941206,0.8215969250941206,-2.4632976410455685,-1.0377743689874832,True,0,CONVERGENCE: RELATIVE REDUCTION OF F <= FACTR*EPSMCH,7973,357,6.967110653954583e-08
triangle,matched,2.0,equivariant,1,1,2.3875265347991323e-07,5.700282954369952e-14,1.7304479428695903e-07,1.8656780239036512e-06,2.2327616019545515e-06,4.0879191179872313e-10,1.8577224959762688e-06,2.2155646363175006e-06,4.087622958426298e-10,1.7196965637050856e-08,2.961595609334047e-14,0.7128216445712324,0.7128216445712324,-1.9538485227333677,-0.8502884468413431,True,0,CONVERGENCE: RELATIVE REDUCTION OF F <= FACTR*EPSMCH,5219,231,2.2483631479088118e-09
triangle,matched,2.0,equivariant,1,2,0.00010840137574605684,1.17508582636378e-08,9.754153532317054e-05,8.74124983374799e-05,8.731690599065052e-05,8.046255575056362e-09,1.8577224959762688e-06,2.2155646363175006e-06,4.087622958426298e-10,8.510134135433302e-05,7.637493279213733e-09,0.8067642846144041,0.8067642846144041,-2.4464207519718144,-0.8862604821897861,True,0,CONVERGENCE: RELATIVE REDUCTION OF F <= FACTR*EPSMCH,16320,714,3.174720053997014e-08
triangle,matched,2.0,equivariant,1,3,0.00017922201372878234,3.212053020499985e-08,0.00011065805254262675,0.00013955979333684764,0.00013936718260654075,1.9882244540013846e-08,1.8577224959762688e-06,2.2155646363175006e-06,4.087622958426298e-10,0.00013715161797022324,1.9473482244171216e-08,0.9794823899719747,0.9794823899719747,-2.626994304411516,0.17895635615197958,True,0,CONVERGENCE: RELATIVE REDUCTION OF F <= FACTR*EPSMCH,12920,556,1.1583095778008316e-06
triangle,matched,2.0,equivariant,1,4,0.00010520819012721745,1.1068763269844734e-08,9.65377468390948e-05,8.42145641933749e-05,8.411573867746996e-05,7.497403983359013e-09,1.8577224959762688e-06,2.2155646363175006e-06,4.087622958426298e-10,8.190017404115246e-05,7.088641687516383e-09,0.7977150223463227,0.7977150223463227,-2.433356588864983,-0.4368177188189931,True,0,CONVERGENCE: RELATIVE REDUCTION OF F <= FACTR*EPSMCH,9010,395,1.4945681543610934e-08
triangle,matched,2.0,equivariant,1,5,0.0002714436992614805,7.368168186875707e-08,0.00020324777405234125,0.00018137400865126277,0.00018102928501858857,3.3301840384976664e-08,1.8577224959762688e-06,2.2155646363175006e-06,4.087622958426298e-10,0.00017881372038227106,3.289307808913403e-08,0.8664616463353982,0.8664616463353982,-2.511529141684329,-0.03426287569445688,True,0,CONVERGENCE: RELATIVE REDUCTION OF F <= FACTR*EPSMCH,15793,707,4.986766733595436e-07
triangle,matched,2.0,equivariant,1,6,0.00016166314967823063,2.6134973963886003e-08,0.00010910418067218002,0.0001318490927272886,0.00013177617322221116,1.7789492125723508e-08,1.8577224959762688e-06,2.2155646363175006e-06,4.087622958426298e-10,0.00012956060858589365,1.738072982988088e-08,0.9892173498666408,0.9892173498666408,-2.650519542245483,0.4306656482246528,True,0,CONVERGENCE: RELATIVE REDUCTION OF F <= FACTR*EPSMCH,22508,1005,1.8479964978246434e-06
triangle,matched,2.0,equivariant,1,7,7.866624330450939e-07,6.188377835644269e-13,5.895564808323928e-07,1.9238627340234815e-06,2.3067601012998557e-06,4.090125447053094e-10,1.8577224959762688e-06,2.2155646363175006e-06,4.087622958426298e-10,9.119546498235507e-08,2.502488626795986e-13,0.6533731275207681,0.6533731275207681,-2.2333651205356406,-0.8261742013854281,True,0,CONVERGENCE: RELATIVE REDUCTION OF F <= FACTR*EPSMCH,9554,438,1.4082281398644516e-08
triangle,matched,2.0,equivariant,1,8,0.0007688024592295138,5.910572213173482e-07,0.0005725616372962569,0.0004557731395236906,0.00045676836928296085,2.08134459732986e-07,1.8577224959762688e-06,2.2155646363175006e-06,4.087622958426298e-10,0.00045455280464664336,2.0772569743714336e-07,0.9656808065101667,0.9656808065101667,-3.435658429923092,-0.2942108366463569,True,0,CONVERGENCE: RELATIVE REDUCTION OF F <= FACTR*EPSMCH,15521,688,2.5057659363880916e-08
triangle,matched,2.0,equivariant,1,9,0.0001591851430891863,2.5339909780324723e-08,9.75520081445906e-05,0.00012826662000019624,0.00012819000392196085,1.6857637433582393e-08,1.8577224959762688e-06,2.2155646363175006e-06,4.087622958426298e-10,0.00012597443928564334,1.6448875137739764e-08,0.8805132623138321,0.8805132623138321,-2.535237226948704,-0.793445437706346,True,0,CONVERGENCE: RELATIVE REDUCTION OF F <= FACTR*EPSMCH,8466,368,1.601086045445311e-07
triangle,matched,2.0,equivariant,1,10,0.0009280449268161208,8.612673861891389e-07,0.0008676238842512307,0.000559989643746072,0.0005613459689861404,3.139937036823381e-07,1.8577224959762688e-06,2.2155646363175006e-06,4.087622958426298e-10,0.000559130404349823,3.135849413864955e-07,0.8000356482420103,0.8000356482420103,-8.0,-1.0974313759413372,True,0,CONVERGENCE: RELATIVE REDUCTION OF F <= FACTR*EPSMCH,1938,85,4.783692714074299e-09
triangle,matched,2.0,equivariant,1,11,0.0009280479421064701,8.61272982848054e-07,0.0008671092573996562,0.0005604357094049619,0.0005617979638509877,3.144934866123149e-07,1.8577224959762688e-06,2.2155646363175006e-06,4.087622958426298e-10,0.0005595823992146702,3.1408472431647226e-07,0.7375283594584691,0.7375283594584691,-8.0,-0.8842224603506033,True,0,CONVERGENCE: RELATIVE REDUCTION OF F <= FACTR*EPSMCH,3808,161,3.7303670036970263e-08
triangle,matched,2.0,equivariant,1,12,1.0587905324815228e-07,1.1210373916725064e-14,6.831472652802859e-08,1.8593129327889943e-06,2.220942574027289e-06,4.0876814241652137e-10,1.8577224959762688e-06,2.2155646363175006e-06,4.087622958426298e-10,5.37793770978851e-09,5.846573891577234e-15,0.678688243730308,0.678688243730308,-1.7116048388205298,-0.5561526531884649,True,0,CONVERGENCE: RELATIVE REDUCTION OF F <= FACTR*EPSMCH,4352,179,6.126826810646265e-09
triangle,matched,2.0,equivariant,1,13,0.0001404032135138436,1.971306236501396e-08,0.0001274269082036885,0.0001124898211405226,0.0001124077625810242,1.3059270655102562e-08,1.8577224959762688e-06,2.2155646363175006e-06,4.087622958426298e-10,0.0001101921979447067,1.2650508359259933e-08,0.911361316808969,0.911361316808969,-2.570679894153377,-0.2778921838941825,True,0,CONVERGENCE: RELATIVE REDUCTION OF F <= FACTR*EPSMCH,15487,691,5.469383458360132e-08
triangle,matched,2.0,equivariant,1,14,0.00010537101659075724,1.110305113736964e-08,9.684345047248434e-05,8.435082492330873e-05,8.425079249839609e-05,7.520373716766083e-09,1.8577224959762688e-06,2.2155646363175006e-06,4.087622958426298e-10,8.20352278620786e-05,7.111611420923453e-09,0.8008698555393395,0.8008698555393395,-2.437010593658256,-0.9714263715727395,True,0,CONVERGENCE: RELATIVE REDUCTION OF F <= FACTR*EPSMCH,13243,589,1.302233405908749e-07
triangle,matched,2.0,equivariant,1,15,3.7133040127692705e-07,1.3788626691248367e-13,1.9862741865986008e-07,1.8713696495799026e-06,2.2196113762899386e-06,4.0881311618088726e-10,1.8577224959762688e-06,2.2155646363175006e-06,4.087622958426298e-10,4.046739972437991e-09,5.082033825746618e-14,0.6991834801090456,0.6991834801090456,-2.0109771726754926,-0.9462555203305264,True,0,CONVERGENCE: RELATIVE REDUCTION OF F <= FACTR*EPSMCH,5661,262,7.230062741354032e-09
triangle,matched,2.0,equivariant,1,16,0.00027617534462662653,7.627282097963592e-08,0.00020319115087701441,0.00018634519735511798,0.00018604222455046075,3.512984404895792e-08,1.8577224959762688e-06,2.2155646363175006e-06,4.087622958426298e-10,0.00018382665991414324,3.472108175311529e-08,0.9676466049015537,0.9676466049015537,-2.6317016335343237,0.1044100455125502,True,0,CONVERGENCE: RELATIVE REDUCTION OF F <= FACTR*EPSMCH,18666,853,8.387799080062123e-07
triangle,matched,2.0,equivariant,1,17,6.669099405927066e-05,4.447688688613676e-09,6.304922736169815e-05,5.20950750941569e-05,5.20165283169628e-05,3.119207087786318e-09,1.8577224959762688e-06,2.2155646363175006e-06,4.087622958426298e-10,4.98009636806453e-05,2.710444791943688e-09,0.7939071222116653,0.7939071222116653,-2.4270682296018142,-0.5350939728614132,True,0,CONVERGENCE: RELATIVE REDUCTION OF F <= FACTR*EPSMCH,13889,625,1.6682022375032997e-07
triangle,matched,2.0,equivariant,1,18,0.00010351907206447385,1.0716198281089732e-08,9.638234506484361e-05,8.235532194748345e-05,8.225605489676063e-05,7.187709407144609e-09,1.8577224959762688e-06,2.2155646363175006e-06,4.087622958426298e-10,8.004049026044314e-05,6.778947111301979e-09,0.8253980154907832,0.8253980154907832,-2.470288233299428,-0.7269504542294767,True,0,CONVERGENCE: RELATIVE REDUCTION OF F <= FACTR*EPSMCH,10149,455,6.712036898923524e-08
triangle,matched,2.0,equivariant,1,19,0.00030579968266987434,9.351344592099584e-08,0.000279601739766921,0.00019969464743311685,0.00019938389174537914,4.028325738989754e-08,1.8577224959762688e-06,2.2155646363175006e-06,4.087622958426298e-10,0.00019716832710906163,3.987449509405491e-08,0.9990355591543366,0.9990355591543366,-2.652745257568856,1.7238263658255282,True,0,CONVERGENCE: RELATIVE REDUCTION OF F <= FACTR*EPSMCH,14943,667,1.5850427693706415e-05
triangle,matched,2.0,equivariant,1,20,0.00032418143395639354,1.0509360212202355e-07,0.0002690809065027631,0.00020543569983062782,0.00020526872064670162,4.260913681970034e-08,1.8577224959762688e-06,2.2155646363175006e-06,4.087622958426298e-10,0.0002030531560103841,4.2200374523857705e-08,0.7946943809436418,0.7946943809436418,-2.471634628326681,-0.8878615222203993,True,0,CONVERGENCE: RELATIVE REDUCTION OF F <= FACTR*EPSMCH,6477,292,3.647369553413613e-08
triangle,matched,2.0,equivariant,1,21,0.00017339016980664852,3.0064150985578406e-08,0.00012248467696940354,0.00013823273605157425,0.00013818169737336836,1.951360009111998e-08,1.8577224959762688e-06,2.2155646363175006e-06,4.087622958426298e-10,0.00013596613273705085,1.910483779527735e-08,0.8039437766540487,0.8039437766540487,-2.458134668665969,-0.6115492064275869,True,0,CONVERGENCE: RELATIVE REDUCTION OF F <= FACTR*EPSMCH,7361,328,1.7788332569114744e-08
triangle,matched,2.0,equivariant,1,22,0.00028151608144607037,7.925130411275052e-08,0.00021110789416945564,0.0001939560954452685,0.00019362027668882935,3.802426909161871e-08,1.8577224959762688e-06,2.2155646363175006e-06,4.087622958426298e-10,0.00019140471205251184,3.761550679577608e-08,0.9360769840717205,0.9360769840717205,-2.5910623126492336,0.3598174516921283,True,0,CONVERGENCE: RELATIVE REDUCTION OF F <= FACTR*EPSMCH,19465,896,5.38975382433036e-06
triangle,matched,2.0,equivariant,1,23,6.992237457692836e-06,4.889138466476277e-11,5.205427842227753e-06,5.4561503705209605e-06,5.588390820600215e-06,4.35079472593667e-10,1.8577224959762688e-06,2.2155646363175006e-06,4.087622958426298e-10,3.3728261842827144e-06,2.6317176751037232e-11,0.5141460661940354,0.5141460661940354,-1.9939500599809141,-0.7762227400442993,True,0,CONVERGENCE: RELATIVE REDUCTION OF F <= FACTR*EPSMCH,12937,566,1.6453164172591002e-07
triangle,matched,2.0,equivariant,1,24,0.00021152432759879983,4.474254116612439e-08,0.00015393555790688937,0.0001688644600752383,0.00016886558768368053,2.8920513046840136e-08,1.8577224959762688e-06,2.2155646363175006e-06,4.087622958426298e-10,0.00016665002304736302,2.8511750750997507e-08,0.922222978612951,0.922222978612951,-2.5931033099094476,0.7720147978513647,True,0,CONVERGENCE: RELATIVE REDUCTION OF F <= FACTR*EPSMCH,17595,776,3.649463508869202e-06
triangle,matched,2.0,equivariant,1,25,8.979892331497168e-05,8.063846628528163e-09,8.361619164741477e-05,7.15313433306707e-05,7.143534340769155e-05,5.522043517856088e-09,1.8577224959762688e-06,2.2155646363175006e-06,4.087622958426298e-10,6.921977877137405e-05,5.113281222013458e-09,0.7075773073690407,0.7075773073690407,-2.2681023654246455,-0.6950349459596303,True,0,CONVERGENCE: RELATIVE REDUCTION OF F <= FACTR*EPSMCH,5814,253,6.482113939897057e-08
triangle,matched,2.0,equivariant,1,26,0.00016685235439617638,2.783970816754724e-08,0.00010719505995233671,0.0001289816672478782,0.00012886657072320095,1.704157967143567e-08,1.8577224959762688e-06,2.2155646363175006e-06,4.087622958426298e-10,0.00012665100608688344,1.6632817375593042e-08,0.9747632199824894,0.9747632199824894,-2.63121455973158,0.6963175690198397,True,0,CONVERGENCE: RELATIVE REDUCTION OF F <= FACTR*EPSMCH,53159,2333,1.6848704700743341e-06
triangle,matched,2.0,equivariant,1,27,0.0001484451623225235,2.2035966216960358e-08,9.790413722504746e-05,0.00012147370957709983,0.00012140336663228665,1.5161171707794105e-08,1.8577224959762688e-06,2.2155646363175006e-06,4.087622958426298e-10,0.00011918780199596916,1.4752409411951476e-08,0.9462261600072857,0.9462261600072857,-2.6108393759772173,-0.26992030196308536,True,0,CONVERGENCE: RELATIVE REDUCTION OF F <= FACTR*EPSMCH,14756,658,4.428997066377145e-07
triangle,matched,2.0,equivariant,1,28,1.4644761035043003e-07,2.1446902577351382e-14,9.609240917515425e-08,1.8605430057314128e-06,2.2145263749159195e-06,4.087728261282177e-10,1.8577224959762688e-06,2.2155646363175006e-06,4.087622958426298e-10,-1.0382614015811323e-09,1.0530285587897415e-14,0.6970648198578031,0.6970648198578031,-1.8105351672169954,-0.5721436769786636,True,0,CONVERGENCE: RELATIVE REDUCTION OF F <= FACTR*EPSMCH,4114,187,4.784056643773162e-09
triangle,matched,2.0,equivariant,1,29,0.0002782048006130787,7.739791108416287e-08,0.00020572238073011766,0.00018594443973551046,0.00018562654084961858,3.498064202048338e-08,1.8577224959762688e-06,2.2155646363175006e-06,4.087622958426298e-10,0.00018341097621330107,3.457187972464075e-08,0.9347837468473165,0.9347837468473165,-2.599500908833016,0.3755131928971736,True,0,CONVERGENCE: RELATIVE REDUCTION OF F <= FACTR*EPSMCH,27999,1247,1.9396628707664535e-06
triangle,matched,2.0,equivariant,1,30,0.00027607343232311627,7.621654003466625e-08,0.0002014685441864478,0.00018365249757668693,0.00018331623600706623,3.4133550799244733e-08,1.8577224959762688e-06,2.2155646363175006e-06,4.087622958426298e-10,0.00018110067137074872,3.37247885034021e-08,0.968844733548494,0.968844733548494,-2.627822840676296,0.2083017770192221,True,0,CONVERGENCE: RELATIVE REDUCTION OF F <= FACTR*EPSMCH,21097,930,5.023321883259347e-07
triangle,matched,2.0,equivariant,1,31,0.0001748305536631688,3.056572249417015e-08,0.0001249992031079543,0.00013930684515814568,0.00013925620528198058,1.9811707966915864e-08,1.8577224959762688e-06,2.2155646363175006e-06,4.087622958426298e-10,0.00013704064064566307,1.9402945671073235e-08,0.8027585851246744,0.8027585851246744,-2.458234051909154,-0.8888081538781125,True,0,CONVERGENCE: RELATIVE REDUCTION OF F <= FACTR*EPSMCH,5151,226,1.1834651701037717e-09
triangle,matched,2.0,equivariant,1,32,0.0009281487625324842,8.614601253905817e-07,0.0008677571905572779,0.0005596754055045688,0.0005610333966489409,3.13641861962317e-07,1.8577224959762688e-06,2.2155646363175006e-06,4.087622958426298e-10,0.0005588178320126234,3.132330996664744e-07,0.9080674406144564,0.9080674406144564,-8.0,-0.8831592142701483,True,0,CONVERGENCE: RELATIVE REDUCTION OF F <= FACTR*EPSMCH,20468,892,2.6930957441413444e-08
triangle,matched,2.0,equivariant,1,33,0.00017414083500398434,3.03250304158849e-08,0.00012374638791696934,0.00013883039812138755,0.00013877916927578703,1.967919035502969e-08,1.8577224959762688e-06,2.2155646363175006e-06,4.087622958426298e-10,0.00013656360463946951,1.927042805918706e-08,0.8012610705355648,0.8012610705355648,-2.4556446927996523,-0.9061838751196486,True,0,CONVERGENCE: RELATIVE REDUCTION OF F <= FACTR*EPSMCH,7038,297,7.509152180469604e-09
triangle,matched,2.0,equivariant,1,34,0.0009279178844635172,8.610316003072492e-07,0.0008676205577760919,0.0005598330905139828,0.0005611881503345317,3.138183919623665e-07,1.8577224959762688e-06,2.2155646363175006e-06,4.087622958426298e-10,0.0005589725856982142,3.134096296665239e-07,0.8380645122120711,0.8380645122120711,-8.0,-1.0980901944882386,True,0,CONVERGENCE: RELATIVE REDUCTION OF F <= FACTR*EPSMCH,4097,184,1.8968021831704935e-08
triangle,matched,2.0,equivariant,1,35,0.0008122434190722847,6.597393718262351e-07,0.0005361773967315065,0.0003701874576505635,0.0003712885255222283,1.3744405261396326e-07,1.8577224959762688e-06,2.2155646363175006e-06,4.087622958426298e-10,0.0003690729608859108,1.3703529031812062e-07,0.9842901280675092,0.9842901280675092,-3.5965555054493152,-0.10563450228906404,True,0,CONVERGENCE: RELATIVE REDUCTION OF F <= FACTR*EPSMCH,13804,626,2.439085109506906e-06
triangle,matched,2.0,equivariant,1,36,0.00031784740581607314,1.010269733840075e-07,0.00026252522170025364,0.000254906571025211,0.00025481988675852326,6.538266847641278e-08,1.8577224959762688e-06,2.2155646363175006e-06,4.087622958426298e-10,0.0002526043221222058,6.497390618057015e-08,0.985423255440951,0.985423255440951,-2.785406123005937,-0.08879884635889339,True,0,CONVERGENCE: RELATIVE REDUCTION OF F <= FACTR*EPSMCH,16949,745,6.019152425544105e-07
triangle,matched,2.0,equivariant,1,37,0.0009229857462203855,8.519026877260018e-07,0.0008628063093750591,0.0005573085246555958,0.0005586704418992452,3.10998096419049e-07,1.8577224959762688e-06,2.2155646363175006e-06,4.087622958426298e-10,0.0005564548772629277,3.105893341232064e-07,0.9805334363146654,0.9805334363146654,-7.998029740444777,1.0169517911694754,True,0,CONVERGENCE: RELATIVE REDUCTION OF F <= FACTR*EPSMCH,18768,795,3.0138102978928323e-06
triangle,matched,2.0,equivariant,1,38,0.00012186055105319562,1.4849993902988495e-08,8.564778233429847e-05,9.914278805723803e-05,9.906083739251551e-05,1.0234603484048068e-08,1.8577224959762688e-06,2.2155646363175006e-06,4.087622958426298e-10,9.684527275619801e-05,9.825841188205439e-09,0.806264837640328,0.806264837640328,-2.447302520488523,-1.083311741987272,True,0,CONVERGENCE: RELATIVE REDUCTION OF F <= FACTR*EPSMCH,4556,213,1.7312376977662187e-08
triangle,matched,2.0,equivariant,1,39,0.00010599791151009608,1.1235557244502158e-08,9.82636686010162e-05,8.459858468561689e-05,8.449971487256774e-05,7.562231601065502e-09,1.8577224959762688e-06,2.2155646363175006e-06,4.087622958426298e-10,8.228415023625024e-05,7.1534693052228725e-09,0.7907016221379528,0.7907016221379528,-2.425790358113831,-0.5118639381372385,True,0,CONVERGENCE: RELATIVE REDUCTION OF F <= FACTR*EPSMCH,19618,889,2.816418780746082e-08
triangle,matched,2.0,equivariant,3,0,2.9866178256499895e-06,8.919886036490272e-12,2.5652163780779037e-06,3.0469224330928593e-06,3.231661116047866e-06,4.1459475397182334e-10,1.8577224959762688e-06,2.2155646363175006e-06,4.087622958426298e-10,1.0160964797303655e-06,5.8324581291935445e-12,0.6758268399915712,0.6758268399915712,-1.963281251169222,-0.9449512191324877,True,0,CONVERGENCE: RELATIVE REDUCTION OF F <= FACTR*EPSMCH,15655,389,1.8408594363466122e-08
triangle,matched,2.0,equivariant,3,1,0.00024967989201825613,6.234004847824805e-08,0.00017018071176309153,0.00019905905019402083,0.00019906604738556416,4.002981559378801e-08,1.8577224959762688e-06,2.2155646363175006e-06,4.087622958426298e-10,0.00019685048274924665,3.9621053297945376e-08,0.7610368713932684,0.7610368713932684,-2.450092727233502,0.10267087270817503,True,0,CONVERGENCE: RELATIVE REDUCTION OF F <= FACTR*EPSMCH,16306,370,1.678167911454305e-07
triangle,matched,2.0,equivariant,3,2,2.3300400148444148e-07,5.429086470776161e-14,1.7447495375674587e-07,1.8683606711084718e-06,2.221365171428701e-06,4.0880200636483727e-10,1.8577224959762688e-06,2.2155646363175006e-06,4.087622958426298e-10,5.800535111200544e-09,3.971052220747777e-14,0.5137856772384652,0.5137856772384652,-1.4823684344353572,-0.9424552544606185,True,0,CONVERGENCE: RELATIVE REDUCTION OF F <= FACTR*EPSMCH,8587,208,8.702780737222186e-09
triangle,matched,2.0,equivariant,3,3,7.265436730376627e-07,5.278657088310581e-13,6.301819696207401e-07,1.9136676339761366e-06,2.28255183741733e-06,4.08973451842733e-10,1.8577224959762688e-06,2.2155646363175006e-06,4.087622958426298e-10,6.698720109982919e-08,2.111560001032039e-13,0.6185181445901107,0.6185181445901107,-1.918559249855189,-0.7494215996810771,True,0,CONVERGENCE: RELATIVE REDUCTION OF F <= FACTR*EPSMCH,23312,583,1.5895173154940967e-08
triangle,matched,2.0,equivariant,3,4,6.339875242073386e-08,4.019401808505508e-15,4.2713017716494717e-08,1.8584520020950835e-06,2.2173211262686815e-06,4.087650416037431e-10,1.8577224959762688e-06,2.2155646363175006e-06,4.087622958426298e-10,1.7564899511808954e-09,2.745761113310605e-15,0.7201712894511708,0.7201712894511708,-2.0794829271408157,-0.8060320381354851,True,0,CONVERGENCE: RELATIVE REDUCTION OF F <= FACTR*EPSMCH,9207,223,4.522266774280251e-09
triangle,matched,2.0,equivariant,3,5,2.185409063105839e-06,4.776012773105142e-12,1.563581868865646e-06,2.5243482044447224e-06,2.7681066165127947e-06,4.116835063555555e-10,1.8577224959762688e-06,2.2155646363175006e-06,4.087622958426298e-10,5.525419801952941e-07,2.921210512925691e-12,0.5301017635954222,0.5301017635954222,-1.2692369944828528,-0.9737180521836059,True,0,CONVERGENCE: RELATIVE REDUCTION OF F <= FACTR*EPSMCH,30380,738,1.2205823581127226e-08
triangle,matched,2.0,equivariant,3,6,0.00031670995110220674,1.0030519312716218e-07,0.0002651481994789929,0.0002524118509009906,0.0002522876693265255,6.411705053145656e-08,1.8577224959762688e-06,2.2155646363175006e-06,4.087622958426298e-10,0.000250072104690208,6.370828823561393e-08,0.9369164214731818,0.9369164214731818,-2.7276651055861834,-0.3837927896583609,True,0,CONVERGENCE: RELATIVE REDUCTION OF F <= FACTR*EPSMCH,28241,691,8.031996191551333e-07
triangle,matched,2.0,equivariant,3,7,3.4959538034783766e-07,1.2221692996054927e-13,2.3278567355815123e-07,1.8746248193766048e-06,2.239194139769423e-06,4.0882548639821976e-10,1.8577224959762688e-06,2.2155646363175006e-06,4.087622958426298e-10,2.3629503451922204e-08,6.319055558996316e-14,0.7074164226088869,0.7074164226088869,-1.8133235520868596,-0.9716727534991731,True,0,CONVERGENCE: RELATIVE REDUCTION OF F <= FACTR*EPSMCH,22351,561,1.1061839183600423e-08
triangle,matched,2.0,equivariant,3,8,3.3938189132619924e-05,1.151800681601481e-09,3.2558790294789594e-05,2.6467939566846372e-05,2.6402434708914555e-05,1.105862420045444e-09,1.8577224959762688e-06,2.2155646363175006e-06,4.087622958426298e-10,2.4186870072597054e-05,6.971001242028142e-10,0.3851630199748175,0.3851630199748175,-1.7042920791548617,-0.6118833580007834,True,0,CONVERGENCE: RELATIVE REDUCTION OF F <= FACTR*EPSMCH,17608,460,1.1663956749383107e-07
triangle,matched,2.0,equivariant,3,9,0.00021564778105132278,4.650396547235925e-08,0.00016239465225150617,0.00017219857396005245,0.00017215674875032752,3.005765858844916e-08,1.8577224959762688e-06,2.2155646363175006e-06,4.087622958426298e-10,0.00016994118411401,2.9648896292606532e-08,0.7586960650040179,0.7586960650040179,-2.4307008063645714,-0.8080981810616488,True,0,CONVERGENCE: RELATIVE REDUCTION OF F <= FACTR*EPSMCH,11222,250,9.73807357725079e-08
triangle,matched,2.0,equivariant,3,10,0.0001447391830717624,2.0949431116281152e-08,0.00010091971423975438,0.00011682256912721392,0.00011675424316750808,1.4052819210013002e-08,1.8577224959762688e-06,2.2155646363175006e-06,4.087622958426298e-10,0.00011453867853119058,1.3644056914170373e-08,0.8619857934876436,0.8619857934876436,-2.5281434089181505,-0.7250085115844801,True,0,CONVERGENCE: RELATIVE REDUCTION OF F <= FACTR*EPSMCH,21824,525,8.151100307402694e-07
triangle,matched,2.0,equivariant,3,11,7.095161257604197e-07,5.034131327140757e-13,5.945538350493699e-07,1.942769471823333e-06,2.2791946699559976e-06,4.0908497189125124e-10,1.8577224959762688e-06,2.2155646363175006e-06,4.087622958426298e-10,6.363003363849694e-08,3.2267604862144266e-13,0.5479697970752013,0.5479697970752013,-2.0578862928962356,-0.4239149847585937,True,0,CONVERGENCE: RELATIVE REDUCTION OF F <= FACTR*EPSMCH,39773,984,1.1028297174913395e-07
triangle,matched,2.0,equivariant,3,12,3.650215576738947e-06,1.3324073756667641e-11,2.6640218791206807e-06,3.5277032883438604e-06,3.7350012251118553e-06,4.1775623202577806e-10,1.8577224959762688e-06,2.2155646363175006e-06,4.087622958426298e-10,1.5194365887943547e-06,8.993936183148266e-12,0.6272622513333951,0.6272622513333951,-2.190886894332462,-0.8084180535136498,True,0,CONVERGENCE: RELATIVE REDUCTION OF F <= FACTR*EPSMCH,20584,494,4.158806267258171e-08
triangle,matched,2.0,equivariant,3,13,9.6804179502241e-06,9.371049169102096e-11,7.355428923417305e-06,7.170753771138534e-06,7.250258377219484e-06,4.5673087602233155e-10,1.8577224959762688e-06,2.2155646363175006e-06,4.087622958426298e-10,5.034693740901983e-06,4.7968580179701755e-11,0.3240504372010391,0.3240504372010391,-1.533949885390218,-0.07034461455506058,True,0,CONVERGENCE: RELATIVE REDUCTION OF F <= FACTR*EPSMCH,26474,645,3.091996746750656e-08
triangle,matched,2.0,equivariant,3,14,8.183882896054672e-08,6.69759392563362e-15,5.4661318810107556e-08,1.8585496392646354e-06,2.2171647720870117e-06,4.0876535106122665e-10,1.8577224959762688e-06,2.2155646363175006e-06,4.087622958426298e-10,1.6001357695110901e-09,3.055218596861379e-15,0.6172630985199099,0.6172630985199099,-1.694537453312671,-0.8521861800273112,True,0,CONVERGENCE: RELATIVE REDUCTION OF F <= FACTR*EPSMCH,6324,155,1.4987154111609438e-09
triangle,matched,2.0,equivariant,3,15,0.0009249761235712475,8.555808291768919e-07,0.0008638949383013629,0.0005575801511199063,0.000558944271021504,3.1130092803283313e-07,1.8577224959762688e-06,2.2155646363175006e-06,4.087622958426298e-10,0.0005567287063851865,3.108921657369905e-07,0.6113486170326705,0.6113486170326705,-7.999912697125301,-0.1841547794437878,True,0,CONVERGENCE: RELATIVE REDUCTION OF F <= FACTR*EPSMCH,16616,359,1.5023352314676602e-07
triangle,matched,2.0,equivariant,3,16,0.0009170791224982663,8.410341169221901e-07,0.0008576086161166482,0.0005548299720869492,0.00055617863296599,3.0824160328766886e-07,1.8577224959762688e-06,2.2155646363175006e-06,4.087622958426298e-10,0.0005539630683296725,3.0783284099182624e-07,0.8984374980669771,0.8984374980669771,-7.287602024338179,-0.10418930737974959,True,0,CONVERGENCE: RELATIVE REDUCTION OF F <= FACTR*EPSMCH,45384,1077,9.828692023470201e-07
triangle,matched,2.0,equivariant,3,17,2.833919563660546e-07,8.031100093297981e-14,1.396099750784291e-07,1.8710220626722366e-06,2.2286681193430196e-06,4.088118034953485e-10,1.8577224959762688e-06,2.2155646363175006e-06,4.087622958426298e-10,1.3103483025518945e-08,4.950765271873034e-14,0.6331194932789217,0.6331194932789217,-1.684267829966628,-0.4934706162695559,True,0,CONVERGENCE: RELATIVE REDUCTION OF F <= FACTR*EPSMCH,25637,644,7.62016347659034e-09
triangle,matched,2.0,equivariant,3,18,1.216932792173722e-06,1.4809254206677312e-12,7.525934954070985e-07,2.0460036789735746e-06,2.366210580788112e-06,4.0949757857924984e-10,1.8577224959762688e-06,2.2155646363175006e-06,4.087622958426298e-10,1.5064594447061118e-07,7.352827366200447e-13,0.40937366907859474,0.40937366907859474,-1.6723556354525975,-0.7152771216771505,True,0,CONVERGENCE: RELATIVE REDUCTION OF F <= FACTR*EPSMCH,41974,1033,4.060943895283267e-08
triangle,matched,2.0,equivariant,3,19,8.36975480943912e-06,7.005279557012927e-11,5.033768544699538e-06,6.97452630179429e-06,6.9750073247197205e-06,4.5395483037168593e-10,1.8577224959762688e-06,2.2155646363175006e-06,4.087622958426298e-10,4.75944268840222e-06,4.519253452905614e-11,0.647151007578711,0.647151007578711,-2.228683995612773,-1.0733890432868287,True,0,CONVERGENCE: RELATIVE REDUCTION OF F <= FACTR*EPSMCH,16461,422,4.276290628854604e-08
triangle,matched,2.0,equivariant,3,20,4.5888691003011764e-08,2.105771961969893e-15,3.4752190333335066e-08,1.8580026705607028e-06,2.216265802803556e-06,4.0876333883038753e-10,1.8577224959762688e-06,2.2155646363175006e-06,4.087622958426298e-10,7.011664860555043e-10,1.0429877577409481e-15,0.6924189116832229,0.6924189116832229,-1.5028792710375631,-0.9708620900617525,True,0,CONVERGENCE: RELATIVE REDUCTION OF F <= FACTR*EPSMCH,5797,146,6.339392968355037e-10
triangle,matched,2.0,equivariant,3,21,9.999622521534178e-06,9.999245057317355e-11,9.051743727580893e-06,8.22946168391682e-06,8.226498030605897e-06,4.730351587922628e-10,1.8577224959762688e-06,2.2155646363175006e-06,4.087622958426298e-10,6.010933394288396e-06,6.427286294963306e-11,0.43898510699272664,0.43898510699272664,-1.8369977584490227,-0.7040686528381067,True,0,CONVERGENCE: RELATIVE REDUCTION OF F <= FACTR*EPSMCH,7719,189,4.286641043661922e-09
triangle,matched,2.0,equivariant,3,22,1.007853387738735e-07,1.015768451176445e-14,9.459064323416729e-08,1.8593336815006024e-06,2.213862881541686e-06,4.087682773882513e-10,1.8577224959762688e-06,2.2155646363175006e-06,4.087622958426298e-10,-1.7017547758145546e-09,5.9815456215234225e-15,0.5271426074238252,0.5271426074238252,-1.317649711668399,-0.9681202360648017,True,0,CONVERGENCE: RELATIVE REDUCTION OF F <= FACTR*EPSMCH,9207,223,3.2345660078952305e-10
triangle,matched,2.0,equivariant,3,23,2.3070183580309614e-07,5.322333704291873e-14,1.881971028523354e-07,1.8647963767636003e-06,2.2274831176246948e-06,4.0878825282993315e-10,1.8577224959762688e-06,2.2155646363175006e-06,4.087622958426298e-10,1.191848130719414e-08,2.5956987303357096e-14,0.6199119877016322,0.6199119877016322,-1.5638545744321763,-0.6724935669128672,True,0,CONVERGENCE: RELATIVE REDUCTION OF F <= FACTR*EPSMCH,9207,218,3.706670320867267e-08
triangle,matched,2.0,equivariant,3,24,0.0008346268393950939,6.966019610386439e-07,0.0007953263138182381,0.0005167820542921729,0.0005177891657606994,2.674689882626057e-07,1.8577224959762688e-06,2.2155646363175006e-06,4.087622958426298e-10,0.0005155736011243819,2.670602259667631e-07,0.5095336256417486,0.5095336256417486,-3.982363196295553,1.7119067356066726,True,0,CONVERGENCE: RELATIVE REDUCTION OF F <= FACTR*EPSMCH,73625,1731,1.5477508185639634e-05
triangle,matched,2.0,equivariant,3,25,6.727534402704753e-05,4.5259719139576e-09,6.265975391308643e-05,4.979307836515095e-05,4.977481447916325e-05,2.884661569947361e-09,1.8577224959762688e-06,2.2155646363175006e-06,4.087622958426298e-10,4.755924984284575e-05,2.4758992741047315e-09,0.7385976616098545,0.7385976616098545,-2.377509246626563,-0.6818387734781723,True,0,CONVERGENCE: RELATIVE REDUCTION OF F <= FACTR*EPSMCH,20584,506,7.299870523461602e-08
triangle,matched,2.0,equivariant,3,26,2.721612315079912e-06,7.407173593594637e-12,1.7008129311256144e-06,2.132938241063345e-06,2.50492739160361e-06,4.098599781924568e-10,1.8577224959762688e-06,2.2155646363175006e-06,4.087622958426298e-10,2.8936275528610934e-07,1.0976823498270057e-12,0.5717422468185691,0.5717422468185691,-2.0241212006040565,-0.4645346355008423,True,0,CONVERGENCE: RELATIVE REDUCTION OF F <= FACTR*EPSMCH,24273,597,9.52764840440118e-08
triangle,matched,2.0,equivariant,3,27,0.00015108783351655688,2.282753343672681e-08,9.511517594672236e-05,0.00012278323186922397,0.00012270930310134974,1.5481032335129944e-08,1.8577224959762688e-06,2.2155646363175006e-06,4.087622958426298e-10,0.00012049373846503225,1.5072270039287315e-08,0.9001744200587258,0.9001744200587258,-2.558939916076872,-0.27875706454758514,True,0,CONVERGENCE: RELATIVE REDUCTION OF F <= FACTR*EPSMCH,26908,660,1.1510434287031261e-07
triangle,matched,2.0,equivariant,3,28,2.3427827293350822e-07,5.488630916870737e-14,2.1904421637567036e-07,1.8662721444244702e-06,2.2176985497031658e-06,4.087941262048553e-10,1.8577224959762688e-06,2.2155646363175006e-06,4.087622958426298e-10,2.133913385665152e-09,3.183036222552637e-14,0.7099200939355675,0.7099200939355675,-2.0180768564712457,-0.6496776853389681,True,0,CONVERGENCE: RELATIVE REDUCTION OF F <= FACTR*EPSMCH,19096,470,3.8924786557839397e-10
triangle,matched,2.0,equivariant,3,29,2.241166618572293e-07,5.0228278122027655e-14,1.6905638780346165e-07,1.865183170343952e-06,2.214590078114134e-06,4.0879009290005835e-10,1.8577224959762688e-06,2.2155646363175006e-06,4.087622958426298e-10,-9.745582033665807e-10,2.7797057428552295e-14,0.47904957277361526,0.47904957277361526,-1.92327038308498,-0.3135534141057753,True,0,CONVERGENCE: RELATIVE REDUCTION OF F <= FACTR*EPSMCH,26133,665,5.595104204673062e-09
triangle,matched,2.0,equivariant,3,30,6.634016868860114e-05,4.401017981632054e-09,4.831051829722725e-05,5.474112667333513e-05,5.464725824360824e-05,3.4019000554115058e-09,1.8577224959762688e-06,2.2155646363175006e-06,4.087622958426298e-10,5.243169360729074e-05,2.9931377595688758e-09,0.6992732698233199,0.6992732698233199,-2.297405439314054,-0.033789769414035005,True,0,CONVERGENCE: RELATIVE REDUCTION OF F <= FACTR*EPSMCH,29357,722,9.436954221038994e-07
triangle,matched,2.0,equivariant,3,31,1.2524374264002913e-07,1.5685995070481853e-14,6.821215395885652e-08,1.8604283628953595e-06,2.2169475134930034e-06,4.087723941365014e-10,1.8577224959762688e-06,2.2155646363175006e-06,4.087622958426298e-10,1.3828771755028282e-09,1.0098293871603377e-14,0.6687687533950685,0.6687687533950685,-1.4977424541925308,-0.7861749310307725,True,0,CONVERGENCE: RELATIVE REDUCTION OF F <= FACTR*EPSMCH,6944,175,4.14672698192612e-09
triangle,matched,2.0,equivariant,3,32,0.0002264194057014632,5.126574727820378e-08,0.00018118116309176808,0.0001601461610488437,0.00015984542660886264,2.6052104432387255e-08,1.8577224959762688e-06,2.2155646363175006e-06,4.087622958426298e-10,0.00015762986197254513,2.5643342136544626e-08,0.8766743056118883,0.8766743056118883,-2.5076823410146214,-0.30344513532647016,True,0,CONVERGENCE: RELATIVE REDUCTION OF F <= FACTR*EPSMCH,17298,404,2.9472347400022736e-07
triangle,matched,2.0,equivariant,3,33,5.071980198309716e-07,2.5724983132045863e-13,4.794314650364352e-07,1.8879184510233308e-06,2.2341157982746266e-06,4.088753159795524e-10,1.8577224959762688e-06,2.2155646363175006e-06,4.087622958426298e-10,1.8551161957125942e-08,1.130201369226109e-13,0.6322004133755245,0.6322004133755245,-2.2004904644361023,-0.5146913834151323,True,0,CONVERGENCE: RELATIVE REDUCTION OF F <= FACTR*EPSMCH,18104,455,1.007429161752852e-08
triangle,matched,2.0,equivariant,3,34,4.485144972590483e-07,2.0116525425153684e-13,3.752150692714526e-07,1.8857524585258975e-06,2.254001286575404e-06,4.088671528403283e-10,1.8577224959762688e-06,2.2155646363175006e-06,4.087622958426298e-10,3.843665025790342e-08,1.048569976985096e-13,0.6548558253010157,0.6548558253010157,-1.7353814059703485,-0.7272353472960768,True,0,CONVERGENCE: RELATIVE REDUCTION OF F <= FACTR*EPSMCH,7719,181,6.994913035282382e-09
triangle,matched,2.0,equivariant,3,35,5.135732166527818e-08,2.6375744886308514e-15,2.9639865662295676e-08,1.8580605238461301e-06,2.2167258830779845e-06,4.0876356326252853e-10,1.8577224959762688e-06,2.2155646363175006e-06,4.087622958426298e-10,1.1612467604838737e-09,1.2674198987357443e-15,0.6086583195698584,0.6086583195698584,-1.3584674366158545,-0.9669880721424559,True,0,CONVERGENCE: RELATIVE REDUCTION OF F <= FACTR*EPSMCH,8122,211,1.55458929212949e-09
triangle,matched,2.0,equivariant,3,36,1.0329860596407777e-07,1.0670601994121805e-14,8.065306134931449e-08,1.8592641664625795e-06,2.2185697144820035e-06,4.0876803367654774e-10,1.8577224959762688e-06,2.2155646363175006e-06,4.087622958426298e-10,3.005078164502915e-09,5.737833917943529e-15,0.6674351938011103,0.6674351938011103,-1.2971773279488819,-0.8526272827935892,True,0,CONVERGENCE: RELATIVE REDUCTION OF F <= FACTR*EPSMCH,5828,148,1.215065447327429e-09
triangle,matched,2.0,equivariant,3,37,6.965796321893379e-06,4.852231839810333e-11,6.462114703231451e-06,5.758798232394572e-06,5.789447594725947e-06,4.384748705585609e-10,1.8577224959762688e-06,2.2155646363175006e-06,4.087622958426298e-10,3.573882958408446e-06,2.971257471593112e-11,0.5886040982580345,0.5886040982580345,-2.1306257411639384,-0.5285988927373564,True,0,CONVERGENCE: RELATIVE REDUCTION OF F <= FACTR*EPSMCH,27962,660,5.217861397378826e-09
triangle,matched,2.0,equivariant,3,38,1.3282259156127857e-07,1.7641840829054228e-14,1.227908669705994e-07,1.8603659468654218e-06,2.221425254635699e-06,4.087721239968806e-10,1.8577224959762688e-06,2.2155646363175006e-06,4.087622958426298e-10,5.860618318198401e-09,9.828154250791818e-15,0.7132502375233853,0.7132502375233853,-1.7619333621039488,-0.665855420531856,True,0,CONVERGENCE: RELATIVE REDUCTION OF F <= FACTR*EPSMCH,6510,169,4.0921996009632264e-10
triangle,matched,2.0,equivariant,3,39,2.999750972079878e-06,8.998505894494171e-12,1.9492577186393484e-06,2.2251334245729435e-06,2.4292492249845973e-06,4.1026226545043877e-10,1.8577224959762688e-06,2.2155646363175006e-06,4.087622958426298e-10,2.1368458866709664e-07,1.4999696078089758e-12,0.5832359141171645,0.5832359141171645,-2.024079560635193,-1.0283290682369022,True,0,CONVERGENCE: RELATIVE REDUCTION OF F <= FACTR*EPSMCH,20119,499,2.9208607732911938e-08
